Master	RecordType	FormID	EditorID	DisplayName	Mesh
Skyrim.esm	ACTI	000C7B72	AltarOfMolagBal01		Clutter\Statues\AltarOfMolagBal\AltarOfMolagBal01.nif
Skyrim.esm	ACTI	0010F739	AtrFrgSigilStoneInvisActivator	[String 00012577]	
Skyrim.esm	ACTI	000C9ED4	BanishTargetFXActivator		Magic\SummonBanishTargetFX.nif
Skyrim.esm	ACTI	000F02E1	BFXInertOilPool		Traps\OilTrapPuddle01\OilTrapPuddle01.nif
Skyrim.esm	ACTI	000F02D6	BFXTrapOilPoolPermanent01		Traps\OilTrapPuddle01\OilTrapPuddle01.nif
Skyrim.esm	ACTI	000484EB	bpwMatchCard	[String 0000BB39]	Clutter\Books\Book01.nif
Skyrim.esm	ACTI	00042521	bwcStatuePuzzleFlame	[String 0000E126]	Effects\FXfireWithEmbers01.nif
Skyrim.esm	ACTI	000FDEC3	C00CloseToTrainingVilkasTrigger		
Skyrim.esm	ACTI	000A3EBF	C00MoveGuysToSpotTrigger		
Skyrim.esm	ACTI	000EC1AA	C00TrainingAreaTrigger		
Skyrim.esm	ACTI	000F7956	C00VilkasInTrainingAreaTrigger		
Skyrim.esm	ACTI	0006F6CD	C01TransformTrackingTrigger		
Skyrim.esm	ACTI	000AEFA9	C03GallowsRockCommentaryTrigger		
Skyrim.esm	ACTI	000AEC87	C03GallowsRockEntranceTrigger		
Skyrim.esm	ACTI	00017200	C03SacredFontOfSomething	[String 00006C60]	Architecture\WhiteRun\WRInteriors\WRSkyForgeUnderForge\WRUnderForgeCistern01Basin.nif
Skyrim.esm	ACTI	00058301	C06EternalFlameSconce	[String 0000CAAC]	Clutter\Ruins\RuinSconce01WithBase.nif
Skyrim.esm	ACTI	000DB894	CombatDummy01		Clutter\PracticeDummy\PracticeDummy01.nif
Skyrim.esm	ACTI	00072E9F	CombatDummy02		Clutter\PracticeDummy\PracticeDummy02.nif
Skyrim.esm	ACTI	000DB895	CombatDummy03		Clutter\PracticeDummy\PracticeDummy03.nif
Skyrim.esm	ACTI	000EC19D	CR12UnderforgeEmptyTotemSlot	[String 00010C4A]	
Skyrim.esm	ACTI	00048748	CraftingBlacksmithForgeSTATIC	[String 0000560C]	Clutter\Blacksmith\BlacksmithForge01\BlacksmithForge01.nif
Skyrim.esm	ACTI	000C2D3F	CritterFirefly	[String 0000FC48]	Critters\Firefly\Firefly.nif
Skyrim.esm	ACTI	000C9AF7	critterSpawnDragonfliesFireflies24x7		Markers\CritterMarkers\CritterMarker01.nif
Skyrim.esm	ACTI	000DDF4C	critterSpawnFirefly24x7		Markers\CritterMarkers\CritterMarker01.nif
Skyrim.esm	ACTI	000812C6	CWArrowVolleyChild		Markers\FireWeaponMarker.nif
Skyrim.esm	ACTI	000812C4	CWArrowVolleyParent		Markers\FireWeaponMarker.nif
Skyrim.esm	ACTI	00038780	CWFortNorPortcullis	[String 0000A4C1]	Dungeons\Nordic\Doors\Animated\Portcullis\NorPortcullisGate01.nif
Skyrim.esm	ACTI	00077DA6	CWMap01	[String 0000610B]	Clutter\CivilWar\CivilWarMap01.nif
Skyrim.esm	ACTI	000F0875	CWMap02	[String 00010C3C]	Clutter\CivilWar\CivilWarMap02.nif
Skyrim.esm	ACTI	000F083A	CWMapActivator01		Clutter\CivilWar\CWMapMarkers01.nif
Skyrim.esm	ACTI	000F0874	CWMapActivator02		Clutter\CivilWar\CWMapMarkers02.nif
Skyrim.esm	ACTI	00077DA9	CWMapFlagBlue	[String 0000DB0A]	Clutter\CivilWar\CivilWarMapFlag02.nif
Skyrim.esm	ACTI	000F146A	CWMapFlagBlueDawnstar	[String 000109BF]	Clutter\CivilWar\CWMapFlagCityBlue01.nif
Skyrim.esm	ACTI	000F084B	CWMapFlagBlueDragonBridge	[String 00010BF1]	Clutter\CivilWar\CWMapFlagTownBlue01.nif
Skyrim.esm	ACTI	000F146B	CWMapFlagBlueFalkreath	[String 00010521]	Clutter\CivilWar\CWMapFlagCityBlue01.nif
Skyrim.esm	ACTI	000F085D	CWMapFlagBlueFortAmol	[String 00010784]	Clutter\CivilWar\CWMapFlagFortBlue01.nif
Skyrim.esm	ACTI	000F085B	CWMapFlagBlueFortDunstad	[String 000105BB]	Clutter\CivilWar\CWMapFlagFortBlue01.nif
Skyrim.esm	ACTI	000F085E	CWMapFlagBlueFortGreenwall	[String 000106E7]	Clutter\CivilWar\CWMapFlagFortBlue01.nif
Skyrim.esm	ACTI	000F0859	CWMapFlagBlueFortGreymoor	[String 0001098A]	Clutter\CivilWar\CWMapFlagFortBlue01.nif
Skyrim.esm	ACTI	000F085A	CWMapFlagBlueFortHraggstad	[String 000104DD]	Clutter\CivilWar\CWMapFlagFortBlue01.nif
Skyrim.esm	ACTI	000F085C	CWMapFlagBlueFortKastav	[String 0001081F]	Clutter\CivilWar\CWMapFlagFortBlue01.nif
Skyrim.esm	ACTI	000F085F	CWMapFlagBlueFortNeugrad	[String 00010BD1]	Clutter\CivilWar\CWMapFlagFortBlue01.nif
Skyrim.esm	ACTI	000F0860	CWMapFlagBlueFortSnowhawk	[String 00010516]	Clutter\CivilWar\CWMapFlagFortBlue01.nif
Skyrim.esm	ACTI	000F0858	CWMapFlagBlueFortSungard	[String 00010C02]	Clutter\CivilWar\CWMapFlagFortBlue01.nif
Skyrim.esm	ACTI	000F084D	CWMapFlagBlueHelgen	[String 0001086F]	Clutter\CivilWar\CWMapFlagTownBlue01.nif
Skyrim.esm	ACTI	000F084E	CWMapFlagBlueIvarstead	[String 00010B18]	Clutter\CivilWar\CWMapFlagTownBlue01.nif
Skyrim.esm	ACTI	000F084A	CWMapFlagBlueKarthwasten	[String 000106EA]	Clutter\CivilWar\CWMapFlagTownBlue01.nif
Skyrim.esm	ACTI	000F146C	CWMapFlagBlueMarkarth	[String 00010C16]	Clutter\CivilWar\CWMapFlagCityBlue01.nif
Skyrim.esm	ACTI	000F146D	CWMapFlagBlueMorthal	[String 00010C08]	Clutter\CivilWar\CWMapFlagCityBlue01.nif
Skyrim.esm	ACTI	000F146E	CWMapFlagBlueRiften	[String 00010815]	Clutter\CivilWar\CWMapFlagCityBlue01.nif
Skyrim.esm	ACTI	000F0850	CWMapFlagBlueRiverwood	[String 00010AF4]	Clutter\CivilWar\CWMapFlagTownBlue01.nif
Skyrim.esm	ACTI	000F084C	CWMapFlagBlueRorikstead	[String 00010B77]	Clutter\CivilWar\CWMapFlagTownBlue01.nif
Skyrim.esm	ACTI	000F084F	CWMapFlagBlueShorsStone	[String 000109EB]	Clutter\CivilWar\CWMapFlagTownBlue01.nif
Skyrim.esm	ACTI	000F0841	CWMapFlagBlueSolitude	[String 00010AB7]	Clutter\CivilWar\CWMapFlagCityBlue01.nif
Skyrim.esm	ACTI	000F146F	CWMapFlagBlueWhiterun	[String 00010C29]	Clutter\CivilWar\CWMapFlagCityBlue01.nif
Skyrim.esm	ACTI	000F1470	CWMapFlagBlueWindhelm	[String 00010C11]	Clutter\CivilWar\CWMapFlagCityBlue01.nif
Skyrim.esm	ACTI	000F1471	CWMapFlagBlueWinterhold	[String 00010604]	Clutter\CivilWar\CWMapFlagCityBlue01.nif
Skyrim.esm	ACTI	000F083F	CWMapFlagCapBlue	[String 0001053C]	Clutter\CivilWar\CWMapFlagCityBlue01.nif
Skyrim.esm	ACTI	000F0840	CWMapFlagCapRed	[String 00010B57]	Clutter\CivilWar\CWMapFlagCityBlue01.nif
Skyrim.esm	ACTI	000F083D	CWMapFlagFortBlue	[String 000105B7]	Clutter\CivilWar\CWMapFlagFortBlue01.nif
Skyrim.esm	ACTI	000F083E	CWMapFlagFortRed	[String 000108A4]	Clutter\CivilWar\CWMapFlagFortRed01.nif
Skyrim.esm	ACTI	00077DA8	CWMapFlagRed	[String 000030ED]	Clutter\CivilWar\CivilWarMapFlag01.nif
Skyrim.esm	ACTI	000F0861	CWMapFlagRedDawnstar	[String 00010A07]	Clutter\CivilWar\CWMapFlagCityBlue01.nif
Skyrim.esm	ACTI	000F0852	CWMapFlagRedDragonBridge	[String 00010708]	Clutter\CivilWar\CWMapFlagTownRed01.nif
Skyrim.esm	ACTI	000F0847	CWMapFlagRedFalkreath	[String 00010890]	Clutter\CivilWar\CWMapFlagCityRed01.nif
Skyrim.esm	ACTI	000F0867	CWMapFlagRedFortAmol	[String 000107AC]	Clutter\CivilWar\CWMapFlagFortRed01.nif
Skyrim.esm	ACTI	000F0865	CWMapFlagRedFortDunstad	[String 0001076C]	Clutter\CivilWar\CWMapFlagFortRed01.nif
Skyrim.esm	ACTI	000F0868	CWMapFlagRedFortGreenwall	[String 00010B1F]	Clutter\CivilWar\CWMapFlagFortRed01.nif
Skyrim.esm	ACTI	000F0863	CWMapFlagRedFortGreymoor	[String 000109EA]	Clutter\CivilWar\CWMapFlagFortRed01.nif
Skyrim.esm	ACTI	000F0864	CWMapFlagRedFortHraggstad	[String 00010503]	Clutter\CivilWar\CWMapFlagFortRed01.nif
Skyrim.esm	ACTI	000F0866	CWMapFlagRedFortKastav	[String 000109AA]	Clutter\CivilWar\CWMapFlagFortRed01.nif
Skyrim.esm	ACTI	000F0869	CWMapFlagRedFortNeugrad	[String 00010AD1]	Clutter\CivilWar\CWMapFlagFortRed01.nif
Skyrim.esm	ACTI	000F086A	CWMapFlagRedFortSnowhawk	[String 00010525]	Clutter\CivilWar\CWMapFlagFortRed01.nif
Skyrim.esm	ACTI	000F0862	CWMapFlagRedFortSungard	[String 00010C40]	Clutter\CivilWar\CWMapFlagFortRed01.nif
Skyrim.esm	ACTI	000F0854	CWMapFlagRedHelgen	[String 000105D7]	Clutter\CivilWar\CWMapFlagTownRed01.nif
Skyrim.esm	ACTI	000F0855	CWMapFlagRedIvarstead	[String 0001076D]	Clutter\CivilWar\CWMapFlagTownRed01.nif
Skyrim.esm	ACTI	000F0851	CWMapFlagRedKarthwasten	[String 00010714]	Clutter\CivilWar\CWMapFlagTownRed01.nif
Skyrim.esm	ACTI	000F0849	CWMapFlagRedMarkarth	[String 00010989]	Clutter\CivilWar\CWMapFlagCityRed01.nif
Skyrim.esm	ACTI	000F0848	CWMapFlagRedMorthal	[String 00010693]	Clutter\CivilWar\CWMapFlagCityRed01.nif
Skyrim.esm	ACTI	000F0845	CWMapFlagRedRiften	[String 000104F8]	Clutter\CivilWar\CWMapFlagCityRed01.nif
Skyrim.esm	ACTI	000F0857	CWMapFlagRedRiverwood	[String 00010C1D]	Clutter\CivilWar\CWMapFlagTownRed01.nif
Skyrim.esm	ACTI	000F0853	CWMapFlagRedRorikstead	[String 00010822]	Clutter\CivilWar\CWMapFlagTownRed01.nif
Skyrim.esm	ACTI	000F0856	CWMapFlagRedShorsStone	[String 000109CA]	Clutter\CivilWar\CWMapFlagTownRed01.nif
Skyrim.esm	ACTI	000F0842	CWMapFlagRedSolitude	[String 000107B0]	Clutter\CivilWar\CWMapFlagCityRed01.nif
Skyrim.esm	ACTI	000F0846	CWMapFlagRedWhiterun	[String 00010BD3]	Clutter\CivilWar\CWMapFlagCityRed01.nif
Skyrim.esm	ACTI	000F0844	CWMapFlagRedWindhelm	[String 000105D8]	Clutter\CivilWar\CWMapFlagCityRed01.nif
Skyrim.esm	ACTI	000F0843	CWMapFlagRedWinterhold	[String 000108D0]	Clutter\CivilWar\CWMapFlagCityRed01.nif
Skyrim.esm	ACTI	000F083B	CWMapFlagTownBlue	[String 00010A5D]	Clutter\CivilWar\CWMapFlagTownBlue01.nif
Skyrim.esm	ACTI	000F083C	CWMapFlagTownRed	[String 00010678]	Clutter\CivilWar\CWMapFlagTownRed01.nif
Skyrim.esm	ACTI	00092492	DA01ShrineofAzura	[String 000028B2]	Clutter\Ruins\RuinSmallFloorSconce.nif
Skyrim.esm	ACTI	00088267	DA04ElderScrollActivator	[String 0000CFF5]	Markers\Misc\InvisibleCollision01.nif
Skyrim.esm	ACTI	000A7B04	DA06FallowStoneTrigger		
Skyrim.esm	ACTI	000EAB2A	DA06PreRitualSceneTrigger		
Skyrim.esm	ACTI	000240D0	DA07DisplayCase	[String 0000B40E]	Clutter\Ruins\RuinSmallFloorSconce.nif
Skyrim.esm	ACTI	00096FEC	DA07DisplayCommentaries	[String 0000456D]	Clutter\Ruins\RuinSmallFloorSconce.nif
Skyrim.esm	ACTI	00096FED	DA07DisplayMysteriumXarxes		Clutter\Quest\MysteriumXarxes01.nif
Skyrim.esm	ACTI	00096FEB	DA07DisplayRobes	[String 0000F2BD]	Clutter\Ruins\RuinSmallFloorSconce.nif
Skyrim.esm	ACTI	00096FEE	DA07DisplayTapestries	[String 00003348]	Clutter\Ruins\RuinSmallFloorSconce.nif
Skyrim.esm	ACTI	000C3D1B	DA07MehrunesReforgeTrigger	[String 000028A7]	
Skyrim.esm	ACTI	0003EA50	DA09QuestTargetHelperTrigger		
Skyrim.esm	ACTI	00022F0D	DA10BoethiahStatue	[String 0000DC50]	Clutter\Ruins\RuinSmallFloorSconce.nif
Skyrim.esm	ACTI	00022F0B	DA10DwemerTortureDevice	[String 000038F5]	Clutter\Ruins\RuinSmallFloorSconce.nif
Skyrim.esm	ACTI	000DC2B7	DA10ReanimateCaster		Markers\FireWeaponMarker.nif
Skyrim.esm	ACTI	000A1F1F	DA13GooActivator	[String 00006F5A]	Dungeons\Nordic\Levers\PullBar\GenPullBar01.nif
Skyrim.esm	ACTI	00037CB0	DA15RiddleFallTarget		
Skyrim.esm	ACTI	000242E2	DA16FirstRemains	[String 0000DB0C]	Clutter\Ruins\RuinSmallFloorSconce.nif
Skyrim.esm	ACTI	000EA53C	DA16MiasmaPullChain	[String 000101F2]	Dungeons\Nordic\Levers\Pullchain\GenPullChain01.nif
Skyrim.esm	ACTI	0002995D	DA16SecondRemains	[String 00006ED2]	Clutter\Ruins\RuinSmallFloorSconce.nif
Skyrim.esm	ACTI	0007759F	DA16SkullLookTrigger		
Skyrim.esm	ACTI	00074A05	DA16SkullPedestal1	[String 00005095]	Clutter\SkullPedestal\SkullPedestal.nif
Skyrim.esm	ACTI	00074A06	DA16SkullPedestal2	[String 000025D0]	Clutter\SkullPedestal\SkullPedestalEmpty.nif
Skyrim.esm	ACTI	00077592	DA16StoneDoorTrigger		
Skyrim.esm	ACTI	0002995E	DA16ThirdRemains	[String 00003BC2]	Clutter\Ruins\RuinSmallFloorSconce.nif
Skyrim.esm	ACTI	0010D3B8	DarkwaterCavernDerkeethusMoveTrigger		
Skyrim.esm	ACTI	00077F85	DarkwaterLeavingTrigger		
Skyrim.esm	ACTI	000FBFF0	DB10FireDamageTriggerBox		
Skyrim.esm	ACTI	000FBFE8	DB10TrapOilPool01		Traps\OilTrapPuddle01\OilTrapPuddle01.nif
Skyrim.esm	ACTI	0007DED9	DBSanctuarySetupTrigger		
Skyrim.esm	ACTI	000EF53D	defaultActivateLinkedChest	[String 0001248A]	
Skyrim.esm	ACTI	0003BB87	defaultActivateLinkOnce		
Skyrim.esm	ACTI	000D95FF	defaultActorEnableDisableLinkedREF		
Skyrim.esm	ACTI	00054734	DefaultCastAtLinkonTrig		
Skyrim.esm	ACTI	0005AFD7	defaultEnableDisableLinkedRef		
Skyrim.esm	ACTI	000F4A31	defaultEnableEncLinkedRef		
Skyrim.esm	ACTI	001075B4	defaultEnableLinkRefOnLostLOSTrigger		
Skyrim.esm	ACTI	0002092E	defaultLinkRefStartCombatPlayer		
Skyrim.esm	ACTI	00042B9D	defaultPlayerEnableDisableLinkedRef		
Skyrim.esm	ACTI	00052467	defaultPlaySoundAtLink		
Skyrim.esm	ACTI	000F13AC	defaultPuzzleLever01NoFurn	[String 00010B84]	Dungeons\Nordic\Levers\RuinsLever01\NorLever01.nif
Skyrim.esm	ACTI	000F13B4	defaultPuzzlePullChain01NoFurn	[String 00010510]	Dungeons\Nordic\Levers\Pullchain\NorPullChain01.nif
Skyrim.esm	ACTI	00048AB9	defaultSetLinkRefAVTRIG		
Skyrim.esm	ACTI	000D2331	DoomstoneApprentice	[String 00000DCD]	Clutter\PowerShrines\PowerShrine01\ApprenticeStone.nif
Skyrim.esm	ACTI	000D2334	DoomstoneAtronach	[String 0000DB6D]	Clutter\PowerShrines\PowerShrine01\AtronachStone.nif
Skyrim.esm	ACTI	000D2330	DoomstoneLady	[String 00000073]	Clutter\PowerShrines\PowerShrine01\LadyStone.nif
Skyrim.esm	ACTI	000D2336	DoomstoneLord	[String 00000C07]	Clutter\PowerShrines\PowerShrine01\LordStone.nif
Skyrim.esm	ACTI	000D2332	DoomstoneLover	[String 0000A70C]	Clutter\PowerShrines\PowerShrine01\LoverStone.nif
Skyrim.esm	ACTI	000D232E	DoomstoneMage	[String 0000B777]	Clutter\PowerShrines\PowerShrine01\WizardStone.nif
Skyrim.esm	ACTI	000D2337	DoomstoneRitual	[String 00007C2F]	Clutter\PowerShrines\PowerShrine01\RitualStone.nif
Skyrim.esm	ACTI	000D2339	DoomstoneSerpent	[String 0000E11B]	Clutter\PowerShrines\PowerShrine01\SerpentStone.nif
Skyrim.esm	ACTI	000D2335	DoomstoneShadow	[String 0000044C]	Clutter\PowerShrines\PowerShrine01\ShadowStone.nif
Skyrim.esm	ACTI	000D2333	DoomstoneSteed	[String 000037ED]	Clutter\PowerShrines\PowerShrine01\SteedStone.nif
Skyrim.esm	ACTI	000D232F	DoomstoneThief	[String 0000E54B]	Clutter\PowerShrines\PowerShrine01\ThiefStone.nif
Skyrim.esm	ACTI	000D2338	DoomstoneTower	[String 00008BE1]	Clutter\PowerShrines\PowerShrine01\TowerStone.nif
Skyrim.esm	ACTI	000D232D	DoomstoneWarrior	[String 0000B1C6]	Clutter\PowerShrines\PowerShrine01\WarriorStone.nif
Skyrim.esm	ACTI	000CAF75	DragonMoundBase		Dungeons\Nordic\Exterior\DragonMound\DragonMoundBase.nif
Skyrim.esm	ACTI	00068E43	DragonMoundBaseAlt		Dungeons\Nordic\Exterior\DragonMound\DragonMoundBaseAlt.nif
Skyrim.esm	ACTI	0009192A	DragonMoundBaseCaveDirt		Dungeons\Nordic\Exterior\DragonMound\DragonMoundBase.nif
Skyrim.esm	ACTI	000CAF74	DragonMoundDirtCapPlaced		Dungeons\Nordic\Exterior\DragonMound\DragonMoundDirtCap.nif
Skyrim.esm	ACTI	00068DE4	DragonMoundDirtCapPlacedAlt		Dungeons\Nordic\Exterior\DragonMound\DragonMoundDirtCapAlt.nif
Skyrim.esm	ACTI	00081D73	DragonPriestMaskBronze01		Clutter\DragonPriestMaskAltar\Bust\DragonPriestMaskBronze01.nif
Skyrim.esm	ACTI	00081D66	DragonPriestMaskBust01		Clutter\DragonPriestMaskAltar\Bust\DragonPriestMaskBust01.nif
Skyrim.esm	ACTI	00081D75	DragonPriestMaskCorondrum01		Clutter\DragonPriestMaskAltar\Bust\DragonPriestMaskCorondrum01.nif
Skyrim.esm	ACTI	00081D74	DragonPriestMaskEbony01		Clutter\DragonPriestMaskAltar\Bust\DragonPriestMaskEbony01.nif
Skyrim.esm	ACTI	00081D77	DragonPriestMaskIron01		Clutter\DragonPriestMaskAltar\Bust\DragonPriestMaskIron01.nif
Skyrim.esm	ACTI	00081D76	DragonPriestMaskMarble01		Clutter\DragonPriestMaskAltar\Bust\DragonPriestMaskMarble01.nif
Skyrim.esm	ACTI	00081D79	DragonPriestMaskMoonstone01		Clutter\DragonPriestMaskAltar\Bust\DragonPriestMaskMoonstone01.nif
Skyrim.esm	ACTI	00081D78	DragonPriestMaskOrichalum01		Clutter\DragonPriestMaskAltar\Bust\DragonPriestMaskGreenstone01.nif
Skyrim.esm	ACTI	00081D7A	DragonPriestMaskSteel01		Clutter\DragonPriestMaskAltar\Bust\DragonPriestMaskSteel01.nif
Skyrim.esm	ACTI	00081D72	DragonPriestMaskUltra01		Clutter\DragonPriestMaskAltar\Bust\DragonPriestMaskUltra01.nif
Skyrim.esm	ACTI	0003A085	dummyObject		
Skyrim.esm	ACTI	000CAB40	dunArcherPressurePlate		Traps\PressurePlateMetal\TrapPressurePlateMetal01.nif
Skyrim.esm	ACTI	0010E4B1	dunCGFireDamageTriggerBox		
Skyrim.esm	ACTI	00106105	dunDeadMensRespiteUnsealDoorMarker	[String 0001145D]	Markers\Marker_LinkMarker.nif
Skyrim.esm	ACTI	000E958A	dunDruadachRedoubtReachmenMap	[String 000100BB]	Clutter\Quest\ReachmenMap01.nif
Skyrim.esm	ACTI	000AD748	dunFolgunthur_EscapeLid	[String 0000E1EE]	Clutter\Ruins\SarcophagusLidVert\Sarcophagus_TopVert01.nif
Skyrim.esm	ACTI	000ABAA5	dunFolgunthurDragonKeyholeActivator	[String 0000815E]	Dungeons\Nordic\Doors\Animated\PuzzleDoor\PuzzleDoorKeyHoleIvory.nif
Skyrim.esm	ACTI	000BFAAD	dunFrostmereCryptPaleBladeAct	[String 00008B52]	Weapons\Draugr\DraugrSword.nif
Skyrim.esm	ACTI	0002AA49	dunFrostmereCryptPaleBladeBase	[String 0000DC91]	Weapons\Draugr\DraugrGreatSword.nif
Skyrim.esm	ACTI	0002AA4B	dunFrostmereCryptSwordHolder	[String 0000E62F]	Clutter\WeaponRack\WRSingleTrigger01.nif
Skyrim.esm	ACTI	00050562	dunHarmugstahlPuzATrigger01		
Skyrim.esm	ACTI	0005107A	dunKarthspirePressurePlate		Traps\PressurePlateDwe\TrapPressurePlateDwe01.nif
Skyrim.esm	ACTI	000BBC71	dunKnifepointRidgePullLeverTrig		
Skyrim.esm	ACTI	000F848D	dunLabyrinthianBustTriggerMoonstone	[String 00010C90]	
Skyrim.esm	ACTI	000F4987	dunLabyrinthianFireDoor		Dungeons\Nordic\Exterior\Animated\NorTempleEntranceHallDoor\NorTempleEntranceHallDoor01.nif
Skyrim.esm	ACTI	000F497E	dunLabyrinthianFrostDoor		Dungeons\Nordic\Exterior\Animated\NorTempleEntranceHallDoor\NorTempleEntranceHallDoor01.nif
Skyrim.esm	ACTI	0010EE2E	dunLabyrinthianMazePortal		Magic\SummonTargetFX.nif
Skyrim.esm	ACTI	000F98CD	dunLabyrinthianMazeStaffAltarTrigger		
Skyrim.esm	ACTI	000F9918	dunLabyrinthianMazeTablet	[String 00010CE5]	Dungeons\Nordic\Exterior\MagicStoneDestruction01.nif
Skyrim.esm	ACTI	001006F9	dunLabyrinthianMazeTabletAlteration	[String 00011777]	Dungeons\Nordic\Exterior\MagicStoneAlteration01.nif
Skyrim.esm	ACTI	001006F0	dunLabyrinthianMazeTabletDestruction	[String 00011817]	Dungeons\Nordic\Exterior\MagicStoneDestruction01.nif
Skyrim.esm	ACTI	001006F8	dunLabyrinthianMazeTabletIllusion	[String 00011806]	Dungeons\Nordic\Exterior\MagicStoneIllusion01.nif
Skyrim.esm	ACTI	001006F1	dunLabyrinthianMazeTabletRestoration	[String 0001180C]	Dungeons\Nordic\Exterior\MagicStoneRestoration01.nif
Skyrim.esm	ACTI	0008F723	dunLostEchoCaveUrn	[String 00003065]	Clutter\Ruins\RuinLargeFloorSconce.nif
Skyrim.esm	ACTI	000E57F8	dunMarkarthWizard_SpiderBeaconMover	[String 0000B6DA]	Markers\Marker_LinkMarker.nif
Skyrim.esm	ACTI	000DDEF8	dunMiddenVelehkChestTRIG		
Skyrim.esm	ACTI	00085DBC	dunPinewatchMovableShelf		Clutter\Common\CommonShelfSecretDoor01\CommonShelfSecretDoor01.nif
Skyrim.esm	ACTI	00103490	dunPotemasCatacombsMS06BossControlTRIG		
Skyrim.esm	ACTI	000F25A5	dunRaldbtharGearBlockLeg	[String 000105AA]	Clutter\Bones\HumanLegLeft.nif
Skyrim.esm	ACTI	000F25A4	dunRaldbtharGearBlockSkull	[String 00010B39]	Clutter\Bones\HumanSkull.nif
Skyrim.esm	ACTI	000F25A3	dunRaldbtharGearBlockSpine	[String 00010B37]	Clutter\Bones\HumanSpine.nif
Skyrim.esm	ACTI	000ECEBD	dunReachwaterRockGauldurAmuletFragmentFolgunthurACT	[String 00010C1F]	Armor\AmuletsandRings\AncientNord\BrokenAmuletTopGOnif.nif
Skyrim.esm	ACTI	000ECEBE	dunReachwaterRockGauldurAmuletFragmentGeirmundACT	[String 00010AA9]	Armor\AmuletsandRings\AncientNord\BrokenAmuletMiddleGO.nif
Skyrim.esm	ACTI	000ECEBC	dunReachwaterRockGauldurAmuletFragmentSaarthalACT	[String 00010BE1]	Armor\AmuletsandRings\AncientNord\BrokenAmuletBottomGO.nif
Skyrim.esm	ACTI	000ECEC2	dunReachwaterRockPedestalTRIG	[String 000108B0]	
Skyrim.esm	ACTI	000A05BF	dunRebelsCairnSwordActivator	[String 00003FA3]	Clutter\WeaponRack\WRSingleTrigger01.nif
Skyrim.esm	ACTI	000A05C2	dunRebelsCairnSwordBase	[String 0000DA7A]	Weapons\Draugr\DraugrGreatSword.nif
Skyrim.esm	ACTI	000C1907	dunRebelsCairnSwordUpgraded	[String 0000309A]	Weapons\Draugr\DraugrGreatSword.nif
Skyrim.esm	ACTI	000A8F3E	dunRiftenJailLooseBrickActivator	[String 0000D2D6]	Clutter\WeaponRack\WRSingleTrigger01.nif
Skyrim.esm	ACTI	000A8D35	dunRiftenJailSecretGrateActivator	[String 00005E84]	Clutter\WeaponRack\WRSingleTrigger01.nif
Skyrim.esm	ACTI	000AB23E	dunSkluldafnPuzzlePillar01	[String 0000F24B]	Clutter\Ruins\Pillar\RuinsPuzzlePillar01.nif
Skyrim.esm	ACTI	000AB239	dunSkluldafnPuzzlePillar01TwoStage	[String 0000E863]	Clutter\Ruins\Pillar\RuinsPuzzlePillar01.nif
Skyrim.esm	ACTI	000AB238	dunSkuldafnPuzzleLever	[String 0000882B]	Dungeons\Nordic\Levers\RuinsLever01\NorLever01.nif
Skyrim.esm	ACTI	000EC727	dunSoljundsSoulGemHolder		
Skyrim.esm	ACTI	000F964B	dunStoneFoundTrigger		
Skyrim.esm	ACTI	00085CEB	dunUstengravStatue01ACTIVATOR		Dungeons\Nordic\RuinsDragonStatueMetal01.nif
Skyrim.esm	ACTI	00085CFC	dunUstengravStatue02ACTIVATOR		Dungeons\Nordic\RuinsDragonStatueMetal02.nif
Skyrim.esm	ACTI	00085CEC	dunUstengravWaterRingsACTIVATOR		Effects\FxRapidsRingHeavy.nif
Skyrim.esm	ACTI	0003B2E1	dunUstenPuzGate01		Dungeons\Nordic\Doors\Animated\Portcullis\NorPortcullisGate01.nif
Skyrim.esm	ACTI	000942D4	dunValthumeBloodbowl	[String 00000AF9]	
Skyrim.esm	ACTI	0008EC29	dunValthumeOrganJar	[String 00000BB0]	Clutter\Ruins\RuinsCanopicJar01.nif
Skyrim.esm	ACTI	00040579	dunVolskyggePuzzleLever01	[String 00005342]	Dungeons\Nordic\Levers\RuinsLever01\NorLever01.nif
Skyrim.esm	ACTI	0002C0E2	dunVolskyggePuzzlePiece	[String 0000E3E0]	Clutter\SoulGem\SoulGemCommon01.nif
Skyrim.esm	ACTI	0008FFD8	dunVolunruudDoorActivator	[String 00002426]	Dungeons\Nordic\Clutter\NorHOSMuralDragon01.nif
Skyrim.esm	ACTI	0008F3F9	DweLever01	[String 0000D0F8]	Dungeons\Dwemer\Levers\RuinsLever01\DweLever01.nif
Skyrim.esm	ACTI	0008F3FA	DweLever02	[String 000005EC]	Dungeons\Dwemer\Levers\RuinsLever02\DweLever02.nif
Skyrim.esm	ACTI	0009314D	DweRetractableBridge01NONAVCUT		Dungeons\Dwemer\Clutter\RetractableBridge\DweRetractableBridge01.nif
Skyrim.esm	ACTI	0006F794	EffectSummonBanishFX		Magic\SummonBanishTargetFX.nif
Skyrim.esm	ACTI	0010B035	FCAmbWaterfallSalmon01	[String 000119F2]	Effects\FXAmbWaterfallSalmon01.nif
Skyrim.esm	ACTI	0010C3BA	FCAmbWaterfallSalmon02	[String 00011A68]	Effects\FXAmbWaterfallSalmon02.nif
Skyrim.esm	ACTI	0004BCFB	FireflySpawner		MarkerX.nif
Skyrim.esm	ACTI	000877F8	fireStormFXactivator		Magic\FXFirePillar01.nif
Skyrim.esm	ACTI	00073FE7	FireWeaponMarker		Markers\FireWeaponMarker.nif
Skyrim.esm	ACTI	00026826	GenPullBar01	[String 00004E15]	Dungeons\Nordic\Levers\PullBar\GenPullBar01.nif
Skyrim.esm	ACTI	00026858	GenPullChain01	[String 0000EC11]	Dungeons\Nordic\Levers\Pullchain\GenPullChain01.nif
Skyrim.esm	ACTI	000C6386	GenPullChain01NoName		Dungeons\Nordic\Levers\Pullchain\GenPullChain01.nif
Skyrim.esm	ACTI	00043B34	highGateRuinsObjectPuzzleTrigger		
Skyrim.esm	ACTI	00092127	LargeRainBarrelWater01		Clutter\LargeRainBarrelWater01.nif
Skyrim.esm	ACTI	000F4974	LinkMarkerEmpty		Markers\Marker_LinkMarker.nif
Skyrim.esm	ACTI	000FF0A3	MagicStoneAlteration01		Dungeons\Nordic\Exterior\MagicStoneAlteration01.nif
Skyrim.esm	ACTI	000FF0A0	MagicStoneConjuration01		Dungeons\Nordic\Exterior\MagicStoneConjuration01.nif
Skyrim.esm	ACTI	000FF0A2	MagicStoneDestruction01		Dungeons\Nordic\Exterior\MagicStoneDestruction01.nif
Skyrim.esm	ACTI	000FF0A1	MagicStoneIllusion01		Dungeons\Nordic\Exterior\MagicStoneIllusion01.nif
Skyrim.esm	ACTI	000FF0A4	MagicStoneRestoration01		Dungeons\Nordic\Exterior\MagicStoneRestoration01.nif
Skyrim.esm	ACTI	0007A5D8	MarkarthLowerWater		Water\MrkWaterSystemWarrens01.nif
Skyrim.esm	ACTI	00084CED	MarkarthWaterSystemStream		Architecture\Markarth\Water\MarkarthWaterSystemStream.nif
Skyrim.esm	ACTI	000BF2B6	MehrunesDagonAltar01		Clutter\MehrunesDagonAltar\MehrunesDagonAltar01.nif
Skyrim.esm	ACTI	0004D77E	MetalLever01	[String 0000977B]	Dungeons\Nordic\Levers\RuinsLever01\MetalLever01.nif
Skyrim.esm	ACTI	0005118F	MG01GateStone		Architecture\Winterhold\WinterholdSymbol02.nif
Skyrim.esm	ACTI	00051AE3	MG02TempWall	[String 00000C1B]	Dungeons\Nordic\Doors\TempPortStone01.nif
Skyrim.esm	ACTI	000327C7	MG05Rubble	[String 000020A5]	Clutter\Ruins\RuinSmallFloorSconce.nif
Skyrim.esm	ACTI	00030012	MG06ScopeActivator	[String 00003DB7]	Dungeons\Nordic\Doors\TempPortStone01.nif
Skyrim.esm	ACTI	00034CBF	MG06Telescope	[String 00002140]	Dungeons\Nordic\Doors\TempPortStone01.nif
Skyrim.esm	ACTI	00026C33	MGR02FocusPoint	[String 00008617]	Dungeons\Nordic\Doors\TempPortStone01.nif
Skyrim.esm	ACTI	0009C8C5	MGRDBook01Activator	[String 00005AFB]	Clutter\Books\Book02MG03LowPoly.nif
Skyrim.esm	ACTI	0009C8C8	MGRDBook02Activator	[String 0000B602]	Clutter\Books\Book02MG03LowPoly.nif
Skyrim.esm	ACTI	0009C8CC	MGRDBook03Activator	[String 00003F7E]	Clutter\Books\Book02MG03LowPoly.nif
Skyrim.esm	ACTI	0009C8C4	MGRDestructionPedestal	[String 00009393]	Furniture\Nordic\RuinsBookPedestal.nif
Skyrim.esm	ACTI	000D0751	MGRitual04ItemRemovalTrigger		
Skyrim.esm	ACTI	00099F44	MGRitualSummonDremoraPlatform		Dungeons\Imperial\ExteriorIce\ImpExtIceTowerShellBase01.nif
Skyrim.esm	ACTI	00099F79	MGRitualSummonTrigger		
Skyrim.esm	ACTI	0010E93B	MineOreBlackreach01	[String 000125DB]	Dungeons\Mines\Ore\MineOreBlackreach01.nif
Skyrim.esm	ACTI	0010EAA8	MineOreBlackreach01_LRocks	[String 000125B5]	Dungeons\Mines\Ore\MineOreBlackreach01.nif
Skyrim.esm	ACTI	0010E99A	MineOreBlackreach02	[String 000125B9]	Dungeons\Mines\Ore\MineOreBlackreach02.nif
Skyrim.esm	ACTI	0010FC0F	MineOreBlackreach02_CaveGWall	[String 0001263F]	Dungeons\Mines\Ore\MineOreBlackreach02.nif
Skyrim.esm	ACTI	0010FC10	MineOreBlackreach02_LMountain	[String 00012646]	Dungeons\Mines\Ore\MineOreBlackreach02.nif
Skyrim.esm	ACTI	0010EE64	MineOreBlackreach03	[String 000125D9]	Dungeons\Mines\Ore\MineOreBlackreach03.nif
Skyrim.esm	ACTI	0010FC0E	MineOreBlackreach03_LMountain	[String 00012647]	Dungeons\Mines\Ore\MineOreBlackreach03.nif
Skyrim.esm	ACTI	0010EE3F	MineOreBlackreach04	[String 000125CF]	Dungeons\Mines\Ore\MineOreBlackreach04.nif
Skyrim.esm	ACTI	000A2BED	MineOreCorundum01	[String 00004746]	Dungeons\Mines\Ore\MineOreCorundum01.nif
Skyrim.esm	ACTI	0010D4DE	MineOreCorundum01_CaveGDirt	[String 00011B27]	Dungeons\Mines\Ore\MineOreCorundum01.nif
Skyrim.esm	ACTI	0010DB57	MineOreCorundum01_CaveGWall	[String 00012036]	Dungeons\Mines\Ore\MineOreCorundum01.nif
Skyrim.esm	ACTI	0010DC99	MineOreCorundum01_CaveIDirt	[String 00011D83]	Dungeons\Mines\Ore\MineOreCorundum01.nif
Skyrim.esm	ACTI	0010DC62	MineOreCorundum01_CaveIWall	[String 00011FFB]	Dungeons\Mines\Ore\MineOreCorundum01.nif
Skyrim.esm	ACTI	0010DAC9	MineOreCorundum01_LCoastBeach	[String 00011DC8]	Dungeons\Mines\Ore\MineOreCorundum01.nif
Skyrim.esm	ACTI	0010D040	MineOreCorundum01_LDirt02	[String 00011C1B]	Dungeons\Mines\Ore\MineOreCorundum01.nif
Skyrim.esm	ACTI	0010DAC6	MineOreCorundum01_LFallForestDirt	[String 00011E99]	Dungeons\Mines\Ore\MineOreCorundum01.nif
Skyrim.esm	ACTI	0010DAC7	MineOreCorundum01_LFallForestGrass	[String 00011EBA]	Dungeons\Mines\Ore\MineOreCorundum01.nif
Skyrim.esm	ACTI	0010DAC8	MineOreCorundum01_LFallForestRocks	[String 00011DDC]	Dungeons\Mines\Ore\MineOreCorundum01.nif
Skyrim.esm	ACTI	0010DC2A	MineOreCorundum01_LFrozenMarshGrass	[String 00011E9C]	Dungeons\Mines\Ore\MineOreCorundum01.nif
Skyrim.esm	ACTI	0010DC2B	MineOreCorundum01_LFrozenMarshLichen	[String 00011E05]	Dungeons\Mines\Ore\MineOreCorundum01.nif
Skyrim.esm	ACTI	0010DCD1	MineOreCorundum01_LReachGrass	[String 00011DD7]	Dungeons\Mines\Ore\MineOreCorundum01.nif
Skyrim.esm	ACTI	0010DC9A	MineOreCorundum01_LReachMoss	[String 00011EC6]	Dungeons\Mines\Ore\MineOreCorundum01.nif
Skyrim.esm	ACTI	0010D03F	MineOreCorundum01_LRocks	[String 00011CF5]	Dungeons\Mines\Ore\MineOreCorundum01.nif
Skyrim.esm	ACTI	0010D044	MineOreCorundum01_LSnow	[String 00011CAF]	Dungeons\Mines\Ore\MineOreCorundum01.nif
Skyrim.esm	ACTI	0010D043	MineOreCorundum01_LSnowRocks	[String 00011A67]	Dungeons\Mines\Ore\MineOreCorundum01.nif
Skyrim.esm	ACTI	0010D03E	MineOreCorundum01_LTundraRocks	[String 00011AAC]	Dungeons\Mines\Ore\MineOreCorundum01.nif
Skyrim.esm	ACTI	0010DACB	MineOreCorundum01_LVolcanicTundraDirt	[String 00011EC9]	Dungeons\Mines\Ore\MineOreCorundum01.nif
Skyrim.esm	ACTI	0010DACA	MineOreCorundum01_LVolcanicTundraRocks	[String 00011E59]	Dungeons\Mines\Ore\MineOreCorundum01.nif
Skyrim.esm	ACTI	000A2BF6	MineOreCorundum02	[String 00002B12]	Dungeons\Mines\Ore\MineOreCorundum02.nif
Skyrim.esm	ACTI	0010DB73	MineOreCorundum02_CaveGDirt	[String 00011E63]	Dungeons\Mines\Ore\MineOreCorundum02.nif
Skyrim.esm	ACTI	0010DB58	MineOreCorundum02_CaveGWall	[String 00011FE9]	Dungeons\Mines\Ore\MineOreCorundum02.nif
Skyrim.esm	ACTI	0010DC98	MineOreCorundum02_CaveIDirt	[String 00011FEE]	Dungeons\Mines\Ore\MineOreCorundum02.nif
Skyrim.esm	ACTI	0010DC63	MineOreCorundum02_CaveIWall	[String 00011D7C]	Dungeons\Mines\Ore\MineOreCorundum02.nif
Skyrim.esm	ACTI	0010DACF	MineOreCorundum02_LCoastBeach	[String 00011ECB]	Dungeons\Mines\Ore\MineOreCorundum02.nif
Skyrim.esm	ACTI	0010D01D	MineOreCorundum02_LDirt02	[String 00011B83]	Dungeons\Mines\Ore\MineOreCorundum02.nif
Skyrim.esm	ACTI	0010DACC	MineOreCorundum02_LFallForestDirt	[String 00011EC3]	Dungeons\Mines\Ore\MineOreCorundum02.nif
Skyrim.esm	ACTI	0010DACD	MineOreCorundum02_LFallForestGrass	[String 00011EC7]	Dungeons\Mines\Ore\MineOreCorundum02.nif
Skyrim.esm	ACTI	0010DACE	MineOreCorundum02_LFallForestRocks	[String 00011F2B]	Dungeons\Mines\Ore\MineOreCorundum02.nif
Skyrim.esm	ACTI	0010DC2C	MineOreCorundum02_LFrozenMarshGrass	[String 00011F09]	Dungeons\Mines\Ore\MineOreCorundum02.nif
Skyrim.esm	ACTI	0010DC2D	MineOreCorundum02_LFrozenMarshLichen	[String 00011FC4]	Dungeons\Mines\Ore\MineOreCorundum02.nif
Skyrim.esm	ACTI	0010DCD2	MineOreCorundum02_LReachGrass	[String 00011FAB]	Dungeons\Mines\Ore\MineOreCorundum02.nif
Skyrim.esm	ACTI	0010DC9B	MineOreCorundum02_LReachMoss	[String 00011E27]	Dungeons\Mines\Ore\MineOreCorundum02.nif
Skyrim.esm	ACTI	0010D045	MineOreCorundum02_LRocks	[String 00011D2D]	Dungeons\Mines\Ore\MineOreCorundum02.nif
Skyrim.esm	ACTI	0010D046	MineOreCorundum02_LSnowRocks	[String 00011CF1]	Dungeons\Mines\Ore\MineOreCorundum02.nif
Skyrim.esm	ACTI	0010D047	MineOreCorundum02_LTundraRocks	[String 00011BC9]	Dungeons\Mines\Ore\MineOreCorundum02.nif
Skyrim.esm	ACTI	0010DAD0	MineOreCorundum02_LVolcanicTundraDirt	[String 00011FF1]	Dungeons\Mines\Ore\MineOreCorundum02.nif
Skyrim.esm	ACTI	0010DAD1	MineOreCorundum02_LVolcanicTundraRocks	[String 00011ED0]	Dungeons\Mines\Ore\MineOreCorundum02.nif
Skyrim.esm	ACTI	0010DCD0	MineOreCorundum02_ReachGrass	[String 00012024]	Dungeons\Mines\Ore\MineOreCorundum02.nif
Skyrim.esm	ACTI	000A2BF8	MineOreCorundum03	[String 0000D32F]	Dungeons\Mines\Ore\MineOreCorundum03.nif
Skyrim.esm	ACTI	0010DB74	MineOreCorundum03_CaveGDirt	[String 00011D65]	Dungeons\Mines\Ore\MineOreCorundum03.nif
Skyrim.esm	ACTI	0010DB59	MineOreCorundum03_CaveGWall	[String 00011D64]	Dungeons\Mines\Ore\MineOreCorundum03.nif
Skyrim.esm	ACTI	0010DC97	MineOreCorundum03_CaveIDirt	[String 00011E57]	Dungeons\Mines\Ore\MineOreCorundum03.nif
Skyrim.esm	ACTI	0010DC64	MineOreCorundum03_CaveIWall	[String 00011DF1]	Dungeons\Mines\Ore\MineOreCorundum03.nif
Skyrim.esm	ACTI	0010DAD5	MineOreCorundum03_LCoastBeach	[String 00011EDE]	Dungeons\Mines\Ore\MineOreCorundum03.nif
Skyrim.esm	ACTI	0010D01E	MineOreCorundum03_LDirt02	[String 00011ACF]	Dungeons\Mines\Ore\MineOreCorundum03.nif
Skyrim.esm	ACTI	0010DAD3	MineOreCorundum03_LFallForestDirt	[String 00011EDB]	Dungeons\Mines\Ore\MineOreCorundum03.nif
Skyrim.esm	ACTI	0010DAD2	MineOreCorundum03_LFallForestGrass	[String 00011ED6]	Dungeons\Mines\Ore\MineOreCorundum03.nif
Skyrim.esm	ACTI	0010DAD4	MineOreCorundum03_LFallForestRocks	[String 00011E0F]	Dungeons\Mines\Ore\MineOreCorundum03.nif
Skyrim.esm	ACTI	0010DC2E	MineOreCorundum03_LFrozenMarshGrass	[String 00011F2C]	Dungeons\Mines\Ore\MineOreCorundum03.nif
Skyrim.esm	ACTI	0010DC2F	MineOreCorundum03_LFrozenMarshLichen	[String 00012017]	Dungeons\Mines\Ore\MineOreCorundum03.nif
Skyrim.esm	ACTI	0010DCCF	MineOreCorundum03_LReachGrass	[String 00011FF4]	Dungeons\Mines\Ore\MineOreCorundum03.nif
Skyrim.esm	ACTI	0010DC9C	MineOreCorundum03_LReachMoss	[String 00012042]	Dungeons\Mines\Ore\MineOreCorundum03.nif
Skyrim.esm	ACTI	0010D049	MineOreCorundum03_LRocks	[String 00011B5D]	Dungeons\Mines\Ore\MineOreCorundum03.nif
Skyrim.esm	ACTI	0010D04A	MineOreCorundum03_LSnowRocks	[String 00011CDF]	Dungeons\Mines\Ore\MineOreCorundum03.nif
Skyrim.esm	ACTI	0010D04B	MineOreCorundum03_LTundraRocks	[String 00011ABF]	Dungeons\Mines\Ore\MineOreCorundum03.nif
Skyrim.esm	ACTI	0010DAD6	MineOreCorundum03_LVolcanicTundraDirt	[String 00011D6D]	Dungeons\Mines\Ore\MineOreCorundum03.nif
Skyrim.esm	ACTI	0010DAD7	MineOreCorundum03_LVolcanicTundraRocks	[String 00011D51]	Dungeons\Mines\Ore\MineOreCorundum03.nif
Skyrim.esm	ACTI	000A2BFB	MineOreCorundum04	[String 00004D18]	Dungeons\Mines\Ore\MineOreCorundum04.nif
Skyrim.esm	ACTI	0010DB75	MineOreCorundum04_CaveGDirt	[String 00011FE5]	Dungeons\Mines\Ore\MineOreCorundum04.nif
Skyrim.esm	ACTI	0010DB5A	MineOreCorundum04_CaveGWall	[String 00011E73]	Dungeons\Mines\Ore\MineOreCorundum04.nif
Skyrim.esm	ACTI	0010DC96	MineOreCorundum04_CaveIDirt	[String 00011E6A]	Dungeons\Mines\Ore\MineOreCorundum04.nif
Skyrim.esm	ACTI	0010DC65	MineOreCorundum04_CaveIWall	[String 00011DA0]	Dungeons\Mines\Ore\MineOreCorundum04.nif
Skyrim.esm	ACTI	0010DADB	MineOreCorundum04_LCoastBeach	[String 00011EEC]	Dungeons\Mines\Ore\MineOreCorundum04.nif
Skyrim.esm	ACTI	0010D01F	MineOreCorundum04_LDirt02	[String 00011BE6]	Dungeons\Mines\Ore\MineOreCorundum04.nif
Skyrim.esm	ACTI	0010DADA	MineOreCorundum04_LFallForestDirt	[String 00011E7F]	Dungeons\Mines\Ore\MineOreCorundum04.nif
Skyrim.esm	ACTI	0010DAD8	MineOreCorundum04_LFallForestGrass	[String 00011FF9]	Dungeons\Mines\Ore\MineOreCorundum04.nif
Skyrim.esm	ACTI	0010DAD9	MineOreCorundum04_LFallForestRocks	[String 00011EE7]	Dungeons\Mines\Ore\MineOreCorundum04.nif
Skyrim.esm	ACTI	0010DC30	MineOreCorundum04_LFrozenMarshGrass	[String 00011D55]	Dungeons\Mines\Ore\MineOreCorundum04.nif
Skyrim.esm	ACTI	0010DC49	MineOreCorundum04_LFrozenMarshLichen	[String 00011FE6]	Dungeons\Mines\Ore\MineOreCorundum04.nif
Skyrim.esm	ACTI	0010DCCE	MineOreCorundum04_LReachGrass	[String 00011FFF]	Dungeons\Mines\Ore\MineOreCorundum04.nif
Skyrim.esm	ACTI	0010DC9D	MineOreCorundum04_LReachMoss	[String 00011E67]	Dungeons\Mines\Ore\MineOreCorundum04.nif
Skyrim.esm	ACTI	0010D04C	MineOreCorundum04_LRocks	[String 00011D2E]	Dungeons\Mines\Ore\MineOreCorundum04.nif
Skyrim.esm	ACTI	0010D04D	MineOreCorundum04_LSnowRocks	[String 00011B7B]	Dungeons\Mines\Ore\MineOreCorundum04.nif
Skyrim.esm	ACTI	0010D04E	MineOreCorundum04_LTundraRocks	[String 00011CAD]	Dungeons\Mines\Ore\MineOreCorundum04.nif
Skyrim.esm	ACTI	0010DADC	MineOreCorundum04_LVolcanicTundraDirt	[String 00011D71]	Dungeons\Mines\Ore\MineOreCorundum04.nif
Skyrim.esm	ACTI	0010DADD	MineOreCorundum04_LVolcanicTundraRocks	[String 00011E71]	Dungeons\Mines\Ore\MineOreCorundum04.nif
Skyrim.esm	ACTI	000E2BC2	MineOreEbony01	[String 0000F91E]	Dungeons\Mines\Ore\MineOreEbony01.nif
Skyrim.esm	ACTI	000A2BE5	MineOreEbony02	[String 0000ECC6]	Dungeons\Mines\Ore\MineOreEbony02.nif
Skyrim.esm	ACTI	000A2BE6	MineOreEbony03	[String 0000D73A]	Dungeons\Mines\Ore\MineOreEbony03.nif
Skyrim.esm	ACTI	0010E101	MineOreEbony03CaveDirt	[String 000125D6]	Dungeons\Mines\Ore\MineOreEbony03.nif
Skyrim.esm	ACTI	000A2BEC	MineOreEbony04	[String 0000ED64]	Dungeons\Mines\Ore\MineOreEbony04.nif
Skyrim.esm	ACTI	0010F0E7	MineOreEbony04_LRiverMud	[String 00012490]	Dungeons\Mines\Ore\MineOreEbony04.nif
Skyrim.esm	ACTI	000A2BFE	MineOreGold01	[String 0000CDF9]	Dungeons\Mines\Ore\MineOreGold01.nif
Skyrim.esm	ACTI	0010D4D0	MineOreGold01_CaveGDirt	[String 00011AE9]	Dungeons\Mines\Ore\MineOreGold01.nif
Skyrim.esm	ACTI	0010DB5B	MineOreGold01_CaveGWall	[String 00011FEC]	Dungeons\Mines\Ore\MineOreGold01.nif
Skyrim.esm	ACTI	0010DC95	MineOreGold01_CaveIDirt	[String 00011F54]	Dungeons\Mines\Ore\MineOreGold01.nif
Skyrim.esm	ACTI	0010DC66	MineOreGold01_CaveIWall	[String 00011F43]	Dungeons\Mines\Ore\MineOreGold01.nif
Skyrim.esm	ACTI	0010DAEA	MineOreGold01_LCoastBeach	[String 00011F1D]	Dungeons\Mines\Ore\MineOreGold01.nif
Skyrim.esm	ACTI	0010D020	MineOreGold01_LDirt02	[String 00011AB0]	Dungeons\Mines\Ore\MineOreGold01.nif
Skyrim.esm	ACTI	0010DAE2	MineOreGold01_LFallForestDirt	[String 00011F00]	Dungeons\Mines\Ore\MineOreGold01.nif
Skyrim.esm	ACTI	0010DAE3	MineOreGold01_LFallForestGrass	[String 00011F05]	Dungeons\Mines\Ore\MineOreGold01.nif
Skyrim.esm	ACTI	0010DADE	MineOreGold01_LFallForestRocks	[String 00011EF5]	Dungeons\Mines\Ore\MineOreGold01.nif
Skyrim.esm	ACTI	0010DC31	MineOreGold01_LFrozenMarshGrass	[String 00012012]	Dungeons\Mines\Ore\MineOreGold01.nif
Skyrim.esm	ACTI	0010DC4A	MineOreGold01_LFrozenMarshLichen	[String 00011D89]	Dungeons\Mines\Ore\MineOreGold01.nif
Skyrim.esm	ACTI	0010DCCD	MineOreGold01_LReachGrass	[String 00011F61]	Dungeons\Mines\Ore\MineOreGold01.nif
Skyrim.esm	ACTI	0010DC9E	MineOreGold01_LReachMoss	[String 00011F81]	Dungeons\Mines\Ore\MineOreGold01.nif
Skyrim.esm	ACTI	0010D04F	MineOreGold01_LRocks	[String 00011C8D]	Dungeons\Mines\Ore\MineOreGold01.nif
Skyrim.esm	ACTI	0010D050	MineOreGold01_LSnowRocks	[String 00011B2B]	Dungeons\Mines\Ore\MineOreGold01.nif
Skyrim.esm	ACTI	0010D051	MineOreGold01_LTundraRocks	[String 00011D23]	Dungeons\Mines\Ore\MineOreGold01.nif
Skyrim.esm	ACTI	0010DAEE	MineOreGold01_LVolcanicTundraDirt	[String 00011E53]	Dungeons\Mines\Ore\MineOreGold01.nif
Skyrim.esm	ACTI	0010DAEF	MineOreGold01_LVolcanicTundraRocks	[String 00011F24]	Dungeons\Mines\Ore\MineOreGold01.nif
Skyrim.esm	ACTI	000A2C33	MineOreGold02	[String 0000A8B1]	Dungeons\Mines\Ore\MineOreGold02.nif
Skyrim.esm	ACTI	0010DB76	MineOreGold02_CaveGDirt	[String 00011E20]	Dungeons\Mines\Ore\MineOreGold02.nif
Skyrim.esm	ACTI	0010DB5C	MineOreGold02_CaveGWall	[String 00011FC0]	Dungeons\Mines\Ore\MineOreGold02.nif
Skyrim.esm	ACTI	0010DC94	MineOreGold02_CaveIDirt	[String 00011F78]	Dungeons\Mines\Ore\MineOreGold02.nif
Skyrim.esm	ACTI	0010DC67	MineOreGold02_CaveIWall	[String 00011DE3]	Dungeons\Mines\Ore\MineOreGold02.nif
Skyrim.esm	ACTI	0010DAEB	MineOreGold02_LCoastBeach	[String 00011F26]	Dungeons\Mines\Ore\MineOreGold02.nif
Skyrim.esm	ACTI	0010D021	MineOreGold02_LDirt02	[String 00011C3D]	Dungeons\Mines\Ore\MineOreGold02.nif
Skyrim.esm	ACTI	0010DAE5	MineOreGold02_LFallForestDirt	[String 00011F0B]	Dungeons\Mines\Ore\MineOreGold02.nif
Skyrim.esm	ACTI	0010DAE4	MineOreGold02_LFallForestGrass	[String 00011F08]	Dungeons\Mines\Ore\MineOreGold02.nif
Skyrim.esm	ACTI	0010DADF	MineOreGold02_LFallForestRocks	[String 00011FEB]	Dungeons\Mines\Ore\MineOreGold02.nif
Skyrim.esm	ACTI	0010DC32	MineOreGold02_LFrozenMarshGrass	[String 00011FDB]	Dungeons\Mines\Ore\MineOreGold02.nif
Skyrim.esm	ACTI	0010DC4B	MineOreGold02_LFrozenMarshLichen	[String 00011F68]	Dungeons\Mines\Ore\MineOreGold02.nif
Skyrim.esm	ACTI	0010DCCC	MineOreGold02_LReachGrass	[String 00011E58]	Dungeons\Mines\Ore\MineOreGold02.nif
Skyrim.esm	ACTI	0010DC9F	MineOreGold02_LReachMoss	[String 00011DC0]	Dungeons\Mines\Ore\MineOreGold02.nif
Skyrim.esm	ACTI	0010D052	MineOreGold02_LRocks	[String 00011D10]	Dungeons\Mines\Ore\MineOreGold02.nif
Skyrim.esm	ACTI	0010D054	MineOreGold02_LSnowRocks	[String 00011D2C]	Dungeons\Mines\Ore\MineOreGold02.nif
Skyrim.esm	ACTI	0010D056	MineOreGold02_LTundraRocks	[String 00011CA8]	Dungeons\Mines\Ore\MineOreGold02.nif
Skyrim.esm	ACTI	0010DAF1	MineOreGold02_LVolcanicTundraDirt	[String 00011E98]	Dungeons\Mines\Ore\MineOreGold02.nif
Skyrim.esm	ACTI	0010DAF0	MineOreGold02_LVolcanicTundraRocks	[String 00011F2A]	Dungeons\Mines\Ore\MineOreGold02.nif
Skyrim.esm	ACTI	000A2C36	MineOreGold03	[String 00005309]	Dungeons\Mines\Ore\MineOreGold03.nif
Skyrim.esm	ACTI	0010DB77	MineOreGold03_CaveGDirt	[String 00011D7F]	Dungeons\Mines\Ore\MineOreGold03.nif
Skyrim.esm	ACTI	0010DB5D	MineOreGold03_CaveGWall	[String 00011E49]	Dungeons\Mines\Ore\MineOreGold03.nif
Skyrim.esm	ACTI	0010DC93	MineOreGold03_CaveIDirt	[String 00011DA9]	Dungeons\Mines\Ore\MineOreGold03.nif
Skyrim.esm	ACTI	0010DC68	MineOreGold03_CaveIWall	[String 00011DA6]	Dungeons\Mines\Ore\MineOreGold03.nif
Skyrim.esm	ACTI	0010DAEC	MineOreGold03_LCoastBeach	[String 00011DED]	Dungeons\Mines\Ore\MineOreGold03.nif
Skyrim.esm	ACTI	0010D022	MineOreGold03_LDirt02	[String 00011B1D]	Dungeons\Mines\Ore\MineOreGold03.nif
Skyrim.esm	ACTI	0010DAE6	MineOreGold03_LFallForestDirt	[String 00011F13]	Dungeons\Mines\Ore\MineOreGold03.nif
Skyrim.esm	ACTI	0010DAE7	MineOreGold03_LFallForestGrass	[String 00011F14]	Dungeons\Mines\Ore\MineOreGold03.nif
Skyrim.esm	ACTI	0010DAE0	MineOreGold03_LFallForestRocks	[String 00011EF9]	Dungeons\Mines\Ore\MineOreGold03.nif
Skyrim.esm	ACTI	0010DC33	MineOreGold03_LFrozenMarshGrass	[String 00011ECF]	Dungeons\Mines\Ore\MineOreGold03.nif
Skyrim.esm	ACTI	0010DC4C	MineOreGold03_LFrozenMarshLichen	[String 00011E7E]	Dungeons\Mines\Ore\MineOreGold03.nif
Skyrim.esm	ACTI	0010DCCB	MineOreGold03_LReachGrass	[String 00011DDB]	Dungeons\Mines\Ore\MineOreGold03.nif
Skyrim.esm	ACTI	0010DCA0	MineOreGold03_LReachMoss	[String 00011EFC]	Dungeons\Mines\Ore\MineOreGold03.nif
Skyrim.esm	ACTI	0010D053	MineOreGold03_LRocks	[String 00011D34]	Dungeons\Mines\Ore\MineOreGold03.nif
Skyrim.esm	ACTI	0010D055	MineOreGold03_LSnowRocks	[String 00011B8E]	Dungeons\Mines\Ore\MineOreGold03.nif
Skyrim.esm	ACTI	0010D057	MineOreGold03_LTundraRocks	[String 00011CB9]	Dungeons\Mines\Ore\MineOreGold03.nif
Skyrim.esm	ACTI	0010DAF3	MineOreGold03_LVolcanicTundraDirt	[String 00012014]	Dungeons\Mines\Ore\MineOreGold03.nif
Skyrim.esm	ACTI	0010DAF2	MineOreGold03_LVolcanicTundraRocks	[String 00011E2C]	Dungeons\Mines\Ore\MineOreGold03.nif
Skyrim.esm	ACTI	000A2C42	MineOreGold04	[String 00006534]	Dungeons\Mines\Ore\MineOreGold04.nif
Skyrim.esm	ACTI	0010DB78	MineOreGold04_CaveGDirt	[String 00011E72]	Dungeons\Mines\Ore\MineOreGold04.nif
Skyrim.esm	ACTI	0010DB5E	MineOreGold04_CaveGWall	[String 00011E14]	Dungeons\Mines\Ore\MineOreGold04.nif
Skyrim.esm	ACTI	0010DC92	MineOreGold04_CaveIDirt	[String 00012010]	Dungeons\Mines\Ore\MineOreGold04.nif
Skyrim.esm	ACTI	0010DC69	MineOreGold04_CaveIWall	[String 00011FC9]	Dungeons\Mines\Ore\MineOreGold04.nif
Skyrim.esm	ACTI	0010DAED	MineOreGold04_LCoastBeach	[String 00011E62]	Dungeons\Mines\Ore\MineOreGold04.nif
Skyrim.esm	ACTI	0010D023	MineOreGold04_LDirt02	[String 00011CCD]	Dungeons\Mines\Ore\MineOreGold04.nif
Skyrim.esm	ACTI	0010DAE1	MineOreGold04_LFallForestDirt	[String 00011F86]	Dungeons\Mines\Ore\MineOreGold04.nif
Skyrim.esm	ACTI	0010DAE8	MineOreGold04_LFallForestGrass	[String 00011F18]	Dungeons\Mines\Ore\MineOreGold04.nif
Skyrim.esm	ACTI	0010DAE9	MineOreGold04_LFallForestRocks	[String 00011F1C]	Dungeons\Mines\Ore\MineOreGold04.nif
Skyrim.esm	ACTI	0010DC34	MineOreGold04_LFrozenMarshGrass	[String 00011E01]	Dungeons\Mines\Ore\MineOreGold04.nif
Skyrim.esm	ACTI	0010DC4D	MineOreGold04_LFrozenMarshLichen	[String 00011E4F]	Dungeons\Mines\Ore\MineOreGold04.nif
Skyrim.esm	ACTI	0010DCCA	MineOreGold04_LReachGrass	[String 00011DBD]	Dungeons\Mines\Ore\MineOreGold04.nif
Skyrim.esm	ACTI	0010DCA1	MineOreGold04_LReachMoss	[String 00011F1F]	Dungeons\Mines\Ore\MineOreGold04.nif
Skyrim.esm	ACTI	0010D058	MineOreGold04_LRocks	[String 00011A78]	Dungeons\Mines\Ore\MineOreGold04.nif
Skyrim.esm	ACTI	0010D059	MineOreGold04_LSnowRocks	[String 00011C0D]	Dungeons\Mines\Ore\MineOreGold04.nif
Skyrim.esm	ACTI	0010D05A	MineOreGold04_LTundraRocks	[String 00011B06]	Dungeons\Mines\Ore\MineOreGold04.nif
Skyrim.esm	ACTI	0010DAF5	MineOreGold04_LVolcanicTundraDirt	[String 00011F2E]	Dungeons\Mines\Ore\MineOreGold04.nif
Skyrim.esm	ACTI	0010DAF4	MineOreGold04_LVolcanicTundraRocks	[String 00011D52]	Dungeons\Mines\Ore\MineOreGold04.nif
Skyrim.esm	ACTI	000A2C46	MineOreIron01	[String 000059C3]	Dungeons\Mines\Ore\MineOreIron01.nif
Skyrim.esm	ACTI	0010D4C4	MineOreIron01_CaveGDirt	[String 00011D19]	Dungeons\Mines\Ore\MineOreIron01.nif
Skyrim.esm	ACTI	0010D130	MineOreIron01_CaveGWall	[String 00011B79]	Dungeons\Mines\Ore\MineOreIron01.nif
Skyrim.esm	ACTI	0010DC91	MineOreIron01_CaveIDirt	[String 00011D9F]	Dungeons\Mines\Ore\MineOreIron01.nif
Skyrim.esm	ACTI	0010DC6A	MineOreIron01_CaveIWall	[String 00011FD6]	Dungeons\Mines\Ore\MineOreIron01.nif
Skyrim.esm	ACTI	0010DABB	MineOreIron01_LCoastBeach	[String 00011DF0]	Dungeons\Mines\Ore\MineOreIron01.nif
Skyrim.esm	ACTI	0010D024	MineOreIron01_LDirt02	[String 00011D13]	Dungeons\Mines\Ore\MineOreIron01.nif
Skyrim.esm	ACTI	0010DAA3	MineOreIron01_LFallForestDirt	[String 00011E8D]	Dungeons\Mines\Ore\MineOreIron01.nif
Skyrim.esm	ACTI	0010DAA4	MineOreIron01_LFallForestGrass	[String 00011D46]	Dungeons\Mines\Ore\MineOreIron01.nif
Skyrim.esm	ACTI	0010DAA5	MineOreIron01_LFallForestRocks	[String 00012038]	Dungeons\Mines\Ore\MineOreIron01.nif
Skyrim.esm	ACTI	0010DC35	MineOreIron01_LFrozenMarshGrass	[String 00011FAC]	Dungeons\Mines\Ore\MineOreIron01.nif
Skyrim.esm	ACTI	0010DC4E	MineOreIron01_LFrozenMarshLichen	[String 00011FFA]	Dungeons\Mines\Ore\MineOreIron01.nif
Skyrim.esm	ACTI	0010DCC9	MineOreIron01_LReachGrass	[String 00011FF2]	Dungeons\Mines\Ore\MineOreIron01.nif
Skyrim.esm	ACTI	0010DCA2	MineOreIron01_LReachMoss	[String 00011F0F]	Dungeons\Mines\Ore\MineOreIron01.nif
Skyrim.esm	ACTI	0010D05B	MineOreIron01_LRocks	[String 00011AFB]	Dungeons\Mines\Ore\MineOreIron01.nif
Skyrim.esm	ACTI	0010D05C	MineOreIron01_LSnowRocks	[String 00011D35]	Dungeons\Mines\Ore\MineOreIron01.nif
Skyrim.esm	ACTI	0010D05D	MineOreIron01_LTundraRocks	[String 00011C0F]	Dungeons\Mines\Ore\MineOreIron01.nif
Skyrim.esm	ACTI	0010DA95	MineOreIron01_LVolcanicTundraDirt	[String 00011E6B]	Dungeons\Mines\Ore\MineOreIron01.nif
Skyrim.esm	ACTI	0010DA9B	MineOreIron01_LVolcanicTundraRocks	[String 00011E70]	Dungeons\Mines\Ore\MineOreIron01.nif
Skyrim.esm	ACTI	000A2C4B	MineOreIron02	[String 0000FA88]	Dungeons\Mines\Ore\MineOreIron02.nif
Skyrim.esm	ACTI	0010DB79	MineOreIron02_CaveGDirt	[String 00011E55]	Dungeons\Mines\Ore\MineOreIron02.nif
Skyrim.esm	ACTI	0010DB5F	MineOreIron02_CaveGWall	[String 00011EAA]	Dungeons\Mines\Ore\MineOreIron02.nif
Skyrim.esm	ACTI	0010DC90	MineOreIron02_CaveIDirt	[String 00012009]	Dungeons\Mines\Ore\MineOreIron02.nif
Skyrim.esm	ACTI	0010DC6B	MineOreIron02_CaveIWall	[String 00011F44]	Dungeons\Mines\Ore\MineOreIron02.nif
Skyrim.esm	ACTI	0010DAB9	MineOreIron02_LCoastBeach	[String 00011E97]	Dungeons\Mines\Ore\MineOreIron02.nif
Skyrim.esm	ACTI	0010D025	MineOreIron02_LDirt02	[String 00011B02]	Dungeons\Mines\Ore\MineOreIron02.nif
Skyrim.esm	ACTI	0010DAA8	MineOreIron02_LFallForestDirt	[String 00011FFC]	Dungeons\Mines\Ore\MineOreIron02.nif
Skyrim.esm	ACTI	0010DABC	MineOreIron02_LFallForestGrass	[String 00011E9A]	Dungeons\Mines\Ore\MineOreIron02.nif
Skyrim.esm	ACTI	0010DABD	MineOreIron02_LFallForestRocks	[String 00011E9E]	Dungeons\Mines\Ore\MineOreIron02.nif
Skyrim.esm	ACTI	0010D6FF	MineOreIron02_LFieldGrass01	[String 00011CB7]	Dungeons\Mines\Ore\MineOreIron02.nif
Skyrim.esm	ACTI	0010DC36	MineOreIron02_LFrozenMarshGrass	[String 00011D8A]	Dungeons\Mines\Ore\MineOreIron02.nif
Skyrim.esm	ACTI	0010DC4F	MineOreIron02_LFrozenMarshLichen	[String 00012004]	Dungeons\Mines\Ore\MineOreIron02.nif
Skyrim.esm	ACTI	0010D749	MineOreIron02_LMountainSlab	[String 00011C7D]	Dungeons\Mines\Ore\MineOreIron02.nif
Skyrim.esm	ACTI	0010D76F	MineOreIron02_LPineForest02	[String 00011B1E]	Dungeons\Mines\Ore\MineOreIron02.nif
Skyrim.esm	ACTI	0010DCC8	MineOreIron02_LReachGrass	[String 00012039]	Dungeons\Mines\Ore\MineOreIron02.nif
Skyrim.esm	ACTI	0010DCA3	MineOreIron02_LReachMoss	[String 0001202B]	Dungeons\Mines\Ore\MineOreIron02.nif
Skyrim.esm	ACTI	0010D05E	MineOreIron02_LRocks	[String 00011A77]	Dungeons\Mines\Ore\MineOreIron02.nif
Skyrim.esm	ACTI	0010D05F	MineOreIron02_LSnowRocks	[String 00011C6B]	Dungeons\Mines\Ore\MineOreIron02.nif
Skyrim.esm	ACTI	0010D060	MineOreIron02_LTundraRocks	[String 00011CAB]	Dungeons\Mines\Ore\MineOreIron02.nif
Skyrim.esm	ACTI	0010DA9E	MineOreIron02_LVolcanicTundraDirt	[String 00011E80]	Dungeons\Mines\Ore\MineOreIron02.nif
Skyrim.esm	ACTI	0010DA9D	MineOreIron02_LVolcanicTundraRocks	[String 00011E77]	Dungeons\Mines\Ore\MineOreIron02.nif
Skyrim.esm	ACTI	000A2C4C	MineOreIron03	[String 00003A48]	Dungeons\Mines\Ore\MineOreIron03.nif
Skyrim.esm	ACTI	0010DB7A	MineOreIron03_CaveGDirt	[String 00011DBB]	Dungeons\Mines\Ore\MineOreIron03.nif
Skyrim.esm	ACTI	0010DB60	MineOreIron03_CaveGWall	[String 00011FC1]	Dungeons\Mines\Ore\MineOreIron03.nif
Skyrim.esm	ACTI	0010DC8F	MineOreIron03_CaveIDirt	[String 00011D4F]	Dungeons\Mines\Ore\MineOreIron03.nif
Skyrim.esm	ACTI	0010DC6C	MineOreIron03_CaveIWall	[String 00012019]	Dungeons\Mines\Ore\MineOreIron03.nif
Skyrim.esm	ACTI	0010DABE	MineOreIron03_LCoastBeach	[String 00011EA0]	Dungeons\Mines\Ore\MineOreIron03.nif
Skyrim.esm	ACTI	0010D026	MineOreIron03_LDirt02	[String 00011C29]	Dungeons\Mines\Ore\MineOreIron03.nif
Skyrim.esm	ACTI	0010DABF	MineOreIron03_LFallForestDirt	[String 00011EE4]	Dungeons\Mines\Ore\MineOreIron03.nif
Skyrim.esm	ACTI	0010DAC0	MineOreIron03_LFallForestGrass	[String 00011E0D]	Dungeons\Mines\Ore\MineOreIron03.nif
Skyrim.esm	ACTI	0010DAC1	MineOreIron03_LFallForestRocks	[String 00011DE1]	Dungeons\Mines\Ore\MineOreIron03.nif
Skyrim.esm	ACTI	0010D710	MineOreIron03_LFieldGrass01	[String 00011B30]	Dungeons\Mines\Ore\MineOreIron03.nif
Skyrim.esm	ACTI	0010DC37	MineOreIron03_LFrozenMarshGrass	[String 00011F01]	Dungeons\Mines\Ore\MineOreIron03.nif
Skyrim.esm	ACTI	0010DC50	MineOreIron03_LFrozenMarshLichen	[String 00012003]	Dungeons\Mines\Ore\MineOreIron03.nif
Skyrim.esm	ACTI	0010D798	MineOreIron03_LPineForest02	[String 00011B7E]	Dungeons\Mines\Ore\MineOreIron03.nif
Skyrim.esm	ACTI	0010DCC7	MineOreIron03_LReachGrass	[String 00011D93]	Dungeons\Mines\Ore\MineOreIron03.nif
Skyrim.esm	ACTI	0010DCA4	MineOreIron03_LReachMoss	[String 00011F8A]	Dungeons\Mines\Ore\MineOreIron03.nif
Skyrim.esm	ACTI	0010D061	MineOreIron03_LRocks	[String 00011B42]	Dungeons\Mines\Ore\MineOreIron03.nif
Skyrim.esm	ACTI	0010D062	MineOreIron03_LSnowRocks	[String 00011BE4]	Dungeons\Mines\Ore\MineOreIron03.nif
Skyrim.esm	ACTI	0010D063	MineOreIron03_LTundraRocks	[String 00011AAA]	Dungeons\Mines\Ore\MineOreIron03.nif
Skyrim.esm	ACTI	0010DA9F	MineOreIron03_LVolcanicTundraDirt	[String 00011E83]	Dungeons\Mines\Ore\MineOreIron03.nif
Skyrim.esm	ACTI	0010DA97	MineOreIron03_LVolcanicTundraRocks	[String 00011E6D]	Dungeons\Mines\Ore\MineOreIron03.nif
Skyrim.esm	ACTI	000A2C4D	MineOreIron04	[String 0000FC8D]	Dungeons\Mines\Ore\MineOreIron04.nif
Skyrim.esm	ACTI	0010DB7B	MineOreIron04_CaveGDirt	[String 00011E64]	Dungeons\Mines\Ore\MineOreIron04.nif
Skyrim.esm	ACTI	0010DB61	MineOreIron04_CaveGWall	[String 00011D98]	Dungeons\Mines\Ore\MineOreIron04.nif
Skyrim.esm	ACTI	0010DC8E	MineOreIron04_CaveIDirt	[String 00012032]	Dungeons\Mines\Ore\MineOreIron04.nif
Skyrim.esm	ACTI	0010DC6D	MineOreIron04_CaveIWall	[String 00011FB1]	Dungeons\Mines\Ore\MineOreIron04.nif
Skyrim.esm	ACTI	0010DAC2	MineOreIron04_LCoastBeach	[String 00011EA8]	Dungeons\Mines\Ore\MineOreIron04.nif
Skyrim.esm	ACTI	0010D027	MineOreIron04_LDirt02	[String 00011AE2]	Dungeons\Mines\Ore\MineOreIron04.nif
Skyrim.esm	ACTI	0010DAC3	MineOreIron04_LFallForestDirt	[String 0001201A]	Dungeons\Mines\Ore\MineOreIron04.nif
Skyrim.esm	ACTI	0010DAC4	MineOreIron04_LFallForestGrass	[String 00011EB2]	Dungeons\Mines\Ore\MineOreIron04.nif
Skyrim.esm	ACTI	0010DAC5	MineOreIron04_LFallForestRocks	[String 00011EB5]	Dungeons\Mines\Ore\MineOreIron04.nif
Skyrim.esm	ACTI	0010D7C8	MineOreIron04_LFieldGrass01	[String 00011D06]	Dungeons\Mines\Ore\MineOreIron04.nif
Skyrim.esm	ACTI	0010DC38	MineOreIron04_LFrozenMarshGrass	[String 00011FCC]	Dungeons\Mines\Ore\MineOreIron04.nif
Skyrim.esm	ACTI	0010DC51	MineOreIron04_LFrozenMarshLichen	[String 00012001]	Dungeons\Mines\Ore\MineOreIron04.nif
Skyrim.esm	ACTI	0010DCC6	MineOreIron04_LReachGrass	[String 00011FE3]	Dungeons\Mines\Ore\MineOreIron04.nif
Skyrim.esm	ACTI	0010DCA5	MineOreIron04_LReachMoss	[String 00011EEE]	Dungeons\Mines\Ore\MineOreIron04.nif
Skyrim.esm	ACTI	0010D064	MineOreIron04_LRocks	[String 00011BF1]	Dungeons\Mines\Ore\MineOreIron04.nif
Skyrim.esm	ACTI	0010D065	MineOreIron04_LSnowRocks	[String 00011A8A]	Dungeons\Mines\Ore\MineOreIron04.nif
Skyrim.esm	ACTI	0010D066	MineOreIron04_LTundraRocks	[String 00011C2F]	Dungeons\Mines\Ore\MineOreIron04.nif
Skyrim.esm	ACTI	0010DAA1	MineOreIron04_LVolcanicTundraDirt	[String 00011E89]	Dungeons\Mines\Ore\MineOreIron04.nif
Skyrim.esm	ACTI	0010DAA0	MineOreIron04_LVolcanicTundraRocks	[String 00011E87]	Dungeons\Mines\Ore\MineOreIron04.nif
Skyrim.esm	ACTI	000A2C68	MineOreMalachite01	[String 0000CB18]	Dungeons\Mines\Ore\MineOreObsidian01.nif
Skyrim.esm	ACTI	0010D7AA	MineOreMalachite01_LSnowRocks	[String 00011D00]	Dungeons\Mines\Ore\MineOreObsidian01.nif
Skyrim.esm	ACTI	000A2C6B	MineOreMalachite02	[String 0000B256]	Dungeons\Mines\Ore\MineOreObsidian02.nif
Skyrim.esm	ACTI	000A2C73	MineOreMalachite03	[String 000006D2]	Dungeons\Mines\Ore\MineOreObsidian03.nif
Skyrim.esm	ACTI	0010ACC8	MineOreMalachite03_LRocks	[String 000119AA]	Dungeons\Mines\Ore\MineOreObsidian03.nif
Skyrim.esm	ACTI	0010D7A9	MineOreMalachite03_LSnowRocks	[String 00011BD4]	Dungeons\Mines\Ore\MineOreObsidian03.nif
Skyrim.esm	ACTI	000A2C77	MineOreMalachite04	[String 0000E60B]	Dungeons\Mines\Ore\MineOreObsidian04.nif
Skyrim.esm	ACTI	000A2C4E	MineOreMoonstone01	[String 000057BB]	Dungeons\Mines\Ore\MineOreMoonstone01.nif
Skyrim.esm	ACTI	0010D4DB	MineOreMoonstone01_CaveGDirt	[String 00011A89]	Dungeons\Mines\Ore\MineOreMoonstone01.nif
Skyrim.esm	ACTI	0010DB62	MineOreMoonstone01_CaveGWall	[String 0001203D]	Dungeons\Mines\Ore\MineOreMoonstone01.nif
Skyrim.esm	ACTI	0010DC8D	MineOreMoonstone01_CaveIDirt	[String 00011E2A]	Dungeons\Mines\Ore\MineOreMoonstone01.nif
Skyrim.esm	ACTI	0010DC6E	MineOreMoonstone01_CaveIWall	[String 00011D7D]	Dungeons\Mines\Ore\MineOreMoonstone01.nif
Skyrim.esm	ACTI	0010DB0E	MineOreMoonstone01_LCoastBeach	[String 00011F69]	Dungeons\Mines\Ore\MineOreMoonstone01.nif
Skyrim.esm	ACTI	0010D02C	MineOreMoonstone01_LDirt02	[String 00011CB6]	Dungeons\Mines\Ore\MineOreMoonstone01.nif
Skyrim.esm	ACTI	0010DB1A	MineOreMoonstone01_LFallForestDirt	[String 00011F7F]	Dungeons\Mines\Ore\MineOreMoonstone01.nif
Skyrim.esm	ACTI	0010DB1C	MineOreMoonstone01_LFallForestGrass	[String 00011F85]	Dungeons\Mines\Ore\MineOreMoonstone01.nif
Skyrim.esm	ACTI	0010DB1B	MineOreMoonstone01_LFallForestRocks	[String 00011F80]	Dungeons\Mines\Ore\MineOreMoonstone01.nif
Skyrim.esm	ACTI	0010DC39	MineOreMoonstone01_LFrozenMarshGrass	[String 00011EE0]	Dungeons\Mines\Ore\MineOreMoonstone01.nif
Skyrim.esm	ACTI	0010DC52	MineOreMoonstone01_LFrozenMarshLichen	[String 0001203E]	Dungeons\Mines\Ore\MineOreMoonstone01.nif
Skyrim.esm	ACTI	0010DCC5	MineOreMoonstone01_LReachGrass	[String 00011D47]	Dungeons\Mines\Ore\MineOreMoonstone01.nif
Skyrim.esm	ACTI	0010DCA6	MineOreMoonstone01_LReachMoss	[String 00011FD8]	Dungeons\Mines\Ore\MineOreMoonstone01.nif
Skyrim.esm	ACTI	0010D067	MineOreMoonstone01_LRocks	[String 00011B35]	Dungeons\Mines\Ore\MineOreMoonstone01.nif
Skyrim.esm	ACTI	0010D068	MineOreMoonstone01_LSnowRocks	[String 00011C75]	Dungeons\Mines\Ore\MineOreMoonstone01.nif
Skyrim.esm	ACTI	0010D069	MineOreMoonstone01_LTundraRocks	[String 00011D31]	Dungeons\Mines\Ore\MineOreMoonstone01.nif
Skyrim.esm	ACTI	0010DB19	MineOreMoonstone01_LVolcanicTundraDirt	[String 00011F7D]	Dungeons\Mines\Ore\MineOreMoonstone01.nif
Skyrim.esm	ACTI	0010DB18	MineOreMoonstone01_LVolcanicTundraRocks	[String 00011FF0]	Dungeons\Mines\Ore\MineOreMoonstone01.nif
Skyrim.esm	ACTI	000A2C4F	MineOreMoonstone02	[String 00003C1F]	Dungeons\Mines\Ore\MineOreMoonstone02.nif
Skyrim.esm	ACTI	0010DB7C	MineOreMoonstone02_CaveGDirt	[String 00011DF9]	Dungeons\Mines\Ore\MineOreMoonstone02.nif
Skyrim.esm	ACTI	0010DB63	MineOreMoonstone02_CaveGWall	[String 00011E2D]	Dungeons\Mines\Ore\MineOreMoonstone02.nif
Skyrim.esm	ACTI	0010DC8C	MineOreMoonstone02_CaveIDirt	[String 00011ED5]	Dungeons\Mines\Ore\MineOreMoonstone02.nif
Skyrim.esm	ACTI	0010DC6F	MineOreMoonstone02_CaveIWall	[String 00011F55]	Dungeons\Mines\Ore\MineOreMoonstone02.nif
Skyrim.esm	ACTI	0010DB0F	MineOreMoonstone02_LCoastBeach	[String 00011DF5]	Dungeons\Mines\Ore\MineOreMoonstone02.nif
Skyrim.esm	ACTI	0010D02D	MineOreMoonstone02_LDirt02	[String 00011BBF]	Dungeons\Mines\Ore\MineOreMoonstone02.nif
Skyrim.esm	ACTI	0010DB1E	MineOreMoonstone02_LFallForestDirt	[String 00011F8B]	Dungeons\Mines\Ore\MineOreMoonstone02.nif
Skyrim.esm	ACTI	0010DB1F	MineOreMoonstone02_LFallForestGrass	[String 00011F8D]	Dungeons\Mines\Ore\MineOreMoonstone02.nif
Skyrim.esm	ACTI	0010DB1D	MineOreMoonstone02_LFallForestRocks	[String 00011EE8]	Dungeons\Mines\Ore\MineOreMoonstone02.nif
Skyrim.esm	ACTI	0010DC3A	MineOreMoonstone02_LFrozenMarshGrass	[String 00011F4B]	Dungeons\Mines\Ore\MineOreMoonstone02.nif
Skyrim.esm	ACTI	0010DC53	MineOreMoonstone02_LFrozenMarshLichen	[String 00011DB0]	Dungeons\Mines\Ore\MineOreMoonstone02.nif
Skyrim.esm	ACTI	0010DCC4	MineOreMoonstone02_LReachGrass	[String 00011DE4]	Dungeons\Mines\Ore\MineOreMoonstone02.nif
Skyrim.esm	ACTI	0010DCA7	MineOreMoonstone02_LReachMoss	[String 00011D6A]	Dungeons\Mines\Ore\MineOreMoonstone02.nif
Skyrim.esm	ACTI	0010D06A	MineOreMoonstone02_LRocks	[String 00011B3A]	Dungeons\Mines\Ore\MineOreMoonstone02.nif
Skyrim.esm	ACTI	0010D06B	MineOreMoonstone02_LSnowRocks	[String 00011C90]	Dungeons\Mines\Ore\MineOreMoonstone02.nif
Skyrim.esm	ACTI	0010D06C	MineOreMoonstone02_LTundraRocks	[String 00011BFC]	Dungeons\Mines\Ore\MineOreMoonstone02.nif
Skyrim.esm	ACTI	0010DB17	MineOreMoonstone02_LVolcanicTundraDirt	[String 00011F76]	Dungeons\Mines\Ore\MineOreMoonstone02.nif
Skyrim.esm	ACTI	0010DB16	MineOreMoonstone02_LVolcanicTundraRocks	[String 00011F75]	Dungeons\Mines\Ore\MineOreMoonstone02.nif
Skyrim.esm	ACTI	000A2C52	MineOreMoonstone03	[String 000057A0]	Dungeons\Mines\Ore\MineOreMoonstone03.nif
Skyrim.esm	ACTI	0010DB7D	MineOreMoonstone03_CaveGDirt	[String 00012022]	Dungeons\Mines\Ore\MineOreMoonstone03.nif
Skyrim.esm	ACTI	0010DB64	MineOreMoonstone03_CaveGWall	[String 00012035]	Dungeons\Mines\Ore\MineOreMoonstone03.nif
Skyrim.esm	ACTI	0010DC8B	MineOreMoonstone03_CaveIDirt	[String 00011E03]	Dungeons\Mines\Ore\MineOreMoonstone03.nif
Skyrim.esm	ACTI	0010DC70	MineOreMoonstone03_CaveIWall	[String 00011D86]	Dungeons\Mines\Ore\MineOreMoonstone03.nif
Skyrim.esm	ACTI	0010DB10	MineOreMoonstone03_LCoastBeach	[String 00011F6A]	Dungeons\Mines\Ore\MineOreMoonstone03.nif
Skyrim.esm	ACTI	0010D02E	MineOreMoonstone03_LDirt02	[String 00011BAD]	Dungeons\Mines\Ore\MineOreMoonstone03.nif
Skyrim.esm	ACTI	0010DB21	MineOreMoonstone03_LFallForestDirt	[String 00011F91]	Dungeons\Mines\Ore\MineOreMoonstone03.nif
Skyrim.esm	ACTI	0010DB22	MineOreMoonstone03_LFallForestGrass	[String 00011FDE]	Dungeons\Mines\Ore\MineOreMoonstone03.nif
Skyrim.esm	ACTI	0010DB20	MineOreMoonstone03_LFallForestRocks	[String 00011F8F]	Dungeons\Mines\Ore\MineOreMoonstone03.nif
Skyrim.esm	ACTI	0010DC3B	MineOreMoonstone03_LFrozenMarshGrass	[String 00011FAA]	Dungeons\Mines\Ore\MineOreMoonstone03.nif
Skyrim.esm	ACTI	0010DC54	MineOreMoonstone03_LFrozenMarshLichen	[String 00011DF4]	Dungeons\Mines\Ore\MineOreMoonstone03.nif
Skyrim.esm	ACTI	0010DCC3	MineOreMoonstone03_LReachGrass	[String 00012018]	Dungeons\Mines\Ore\MineOreMoonstone03.nif
Skyrim.esm	ACTI	0010DCA8	MineOreMoonstone03_LReachMoss	[String 00011E5D]	Dungeons\Mines\Ore\MineOreMoonstone03.nif
Skyrim.esm	ACTI	0010D06D	MineOreMoonstone03_LRocks	[String 00011A9C]	Dungeons\Mines\Ore\MineOreMoonstone03.nif
Skyrim.esm	ACTI	0010D06E	MineOreMoonstone03_LSnowRocks	[String 00011A72]	Dungeons\Mines\Ore\MineOreMoonstone03.nif
Skyrim.esm	ACTI	0010D06F	MineOreMoonstone03_LTundraRocks	[String 00011D01]	Dungeons\Mines\Ore\MineOreMoonstone03.nif
Skyrim.esm	ACTI	0010DB15	MineOreMoonstone03_LVolcanicTundraDirt	[String 00011DA4]	Dungeons\Mines\Ore\MineOreMoonstone03.nif
Skyrim.esm	ACTI	0010DB14	MineOreMoonstone03_LVolcanicTundraRocks	[String 00011F71]	Dungeons\Mines\Ore\MineOreMoonstone03.nif
Skyrim.esm	ACTI	000A2C5B	MineOreMoonstone04	[String 00001649]	Dungeons\Mines\Ore\MineOreMoonstone04.nif
Skyrim.esm	ACTI	0010DB7E	MineOreMoonstone04_CaveGDirt	[String 00011DEE]	Dungeons\Mines\Ore\MineOreMoonstone04.nif
Skyrim.esm	ACTI	0010DB65	MineOreMoonstone04_CaveGWall	[String 00011D5D]	Dungeons\Mines\Ore\MineOreMoonstone04.nif
Skyrim.esm	ACTI	0010DC8A	MineOreMoonstone04_CaveIDirt	[String 00011F58]	Dungeons\Mines\Ore\MineOreMoonstone04.nif
Skyrim.esm	ACTI	0010DC71	MineOreMoonstone04_CaveIWall	[String 0001202D]	Dungeons\Mines\Ore\MineOreMoonstone04.nif
Skyrim.esm	ACTI	0010DB11	MineOreMoonstone04_LCoastBeach	[String 00011DB2]	Dungeons\Mines\Ore\MineOreMoonstone04.nif
Skyrim.esm	ACTI	0010D02F	MineOreMoonstone04_LDirt02	[String 00011ACC]	Dungeons\Mines\Ore\MineOreMoonstone04.nif
Skyrim.esm	ACTI	0010DB24	MineOreMoonstone04_LFallForestDirt	[String 00011F9A]	Dungeons\Mines\Ore\MineOreMoonstone04.nif
Skyrim.esm	ACTI	0010DB25	MineOreMoonstone04_LFallForestGrass	[String 00011F9D]	Dungeons\Mines\Ore\MineOreMoonstone04.nif
Skyrim.esm	ACTI	0010DB23	MineOreMoonstone04_LFallForestRocks	[String 00011F97]	Dungeons\Mines\Ore\MineOreMoonstone04.nif
Skyrim.esm	ACTI	0010DC3C	MineOreMoonstone04_LFrozenMarshGrass	[String 00011D50]	Dungeons\Mines\Ore\MineOreMoonstone04.nif
Skyrim.esm	ACTI	0010DC55	MineOreMoonstone04_LFrozenMarshLichen	[String 00011DCC]	Dungeons\Mines\Ore\MineOreMoonstone04.nif
Skyrim.esm	ACTI	0010DCC2	MineOreMoonstone04_LReachGrass	[String 00011FDC]	Dungeons\Mines\Ore\MineOreMoonstone04.nif
Skyrim.esm	ACTI	0010DCA9	MineOreMoonstone04_LReachMoss	[String 00011FDA]	Dungeons\Mines\Ore\MineOreMoonstone04.nif
Skyrim.esm	ACTI	0010D070	MineOreMoonstone04_LRocks	[String 00011A8D]	Dungeons\Mines\Ore\MineOreMoonstone04.nif
Skyrim.esm	ACTI	0010D071	MineOreMoonstone04_LSnowRocks	[String 00011D3D]	Dungeons\Mines\Ore\MineOreMoonstone04.nif
Skyrim.esm	ACTI	0010D072	MineOreMoonstone04_LTundraRocks	[String 00011C60]	Dungeons\Mines\Ore\MineOreMoonstone04.nif
Skyrim.esm	ACTI	0010DB12	MineOreMoonstone04_LVolcanicTundraDirt	[String 00011F6C]	Dungeons\Mines\Ore\MineOreMoonstone04.nif
Skyrim.esm	ACTI	0010DB13	MineOreMoonstone04_LVolcanicTundraRocks	[String 00011F6E]	Dungeons\Mines\Ore\MineOreMoonstone04.nif
Skyrim.esm	ACTI	000A2C78	MineOreOrichalcum01	[String 0000EF38]	Dungeons\Mines\Ore\MineOreOrichalcum01.nif
Skyrim.esm	ACTI	0010DB7F	MineOreOrichalcum01_CaveGDirt	[String 00011DA2]	Dungeons\Mines\Ore\MineOreOrichalcum01.nif
Skyrim.esm	ACTI	0010DB66	MineOreOrichalcum01_CaveGWall	[String 00011E48]	Dungeons\Mines\Ore\MineOreOrichalcum01.nif
Skyrim.esm	ACTI	0010DC89	MineOreOrichalcum01_CaveIDirt	[String 00011DC2]	Dungeons\Mines\Ore\MineOreOrichalcum01.nif
Skyrim.esm	ACTI	0010DC72	MineOreOrichalcum01_CaveIWall	[String 00011DC7]	Dungeons\Mines\Ore\MineOreOrichalcum01.nif
Skyrim.esm	ACTI	0010DB26	MineOreOrichalcum01_LCoastBeach	[String 00011F28]	Dungeons\Mines\Ore\MineOreOrichalcum01.nif
Skyrim.esm	ACTI	0010D030	MineOreOrichalcum01_LDirt02	[String 00011B2E]	Dungeons\Mines\Ore\MineOreOrichalcum01.nif
Skyrim.esm	ACTI	0010DB34	MineOreOrichalcum01_LFallForestDirt	[String 00011DEF]	Dungeons\Mines\Ore\MineOreOrichalcum01.nif
Skyrim.esm	ACTI	0010DB35	MineOreOrichalcum01_LFallForestGrass	[String 00011DAC]	Dungeons\Mines\Ore\MineOreOrichalcum01.nif
Skyrim.esm	ACTI	0010DB33	MineOreOrichalcum01_LFallForestRocks	[String 00011EF1]	Dungeons\Mines\Ore\MineOreOrichalcum01.nif
Skyrim.esm	ACTI	0010DC3D	MineOreOrichalcum01_LFrozenMarshGrass	[String 00011E47]	Dungeons\Mines\Ore\MineOreOrichalcum01.nif
Skyrim.esm	ACTI	0010DC56	MineOreOrichalcum01_LFrozenMarshLichen	[String 00012043]	Dungeons\Mines\Ore\MineOreOrichalcum01.nif
Skyrim.esm	ACTI	0010DCC1	MineOreOrichalcum01_LReachGrass	[String 00011E41]	Dungeons\Mines\Ore\MineOreOrichalcum01.nif
Skyrim.esm	ACTI	0010DCAA	MineOreOrichalcum01_LReachMoss	[String 00011D6B]	Dungeons\Mines\Ore\MineOreOrichalcum01.nif
Skyrim.esm	ACTI	0010D073	MineOreOrichalcum01_LRocks	[String 00011BDC]	Dungeons\Mines\Ore\MineOreOrichalcum01.nif
Skyrim.esm	ACTI	0010D074	MineOreOrichalcum01_LSnowRocks	[String 00011A7D]	Dungeons\Mines\Ore\MineOreOrichalcum01.nif
Skyrim.esm	ACTI	0010D075	MineOreOrichalcum01_LTundraRocks	[String 00011C15]	Dungeons\Mines\Ore\MineOreOrichalcum01.nif
Skyrim.esm	ACTI	0010DB37	MineOreOrichalcum01_LVolcanicTundraDirt	[String 00011DF3]	Dungeons\Mines\Ore\MineOreOrichalcum01.nif
Skyrim.esm	ACTI	0010DB36	MineOreOrichalcum01_LVolcanicTundraRocks	[String 00012047]	Dungeons\Mines\Ore\MineOreOrichalcum01.nif
Skyrim.esm	ACTI	000A2C79	MineOreOrichalcum02	[String 0000E208]	Dungeons\Mines\Ore\MineOreOrichalcum02.nif
Skyrim.esm	ACTI	0010DB80	MineOreOrichalcum02_CaveGDirt	[String 00011F49]	Dungeons\Mines\Ore\MineOreOrichalcum02.nif
Skyrim.esm	ACTI	0010DB67	MineOreOrichalcum02_CaveGWall	[String 00011FD0]	Dungeons\Mines\Ore\MineOreOrichalcum02.nif
Skyrim.esm	ACTI	0010DC88	MineOreOrichalcum02_CaveIDirt	[String 00011E22]	Dungeons\Mines\Ore\MineOreOrichalcum02.nif
Skyrim.esm	ACTI	0010DC73	MineOreOrichalcum02_CaveIWall	[String 00012041]	Dungeons\Mines\Ore\MineOreOrichalcum02.nif
Skyrim.esm	ACTI	0010DB27	MineOreOrichalcum02_LCoastBeach	[String 00011FA2]	Dungeons\Mines\Ore\MineOreOrichalcum02.nif
Skyrim.esm	ACTI	0010D031	MineOreOrichalcum02_LDirt02	[String 00011D39]	Dungeons\Mines\Ore\MineOreOrichalcum02.nif
Skyrim.esm	ACTI	0010DB32	MineOreOrichalcum02_LFallForestDirt	[String 00011D45]	Dungeons\Mines\Ore\MineOreOrichalcum02.nif
Skyrim.esm	ACTI	0010DB31	MineOreOrichalcum02_LFallForestGrass	[String 00011FB7]	Dungeons\Mines\Ore\MineOreOrichalcum02.nif
Skyrim.esm	ACTI	0010DB30	MineOreOrichalcum02_LFallForestRocks	[String 00011F5A]	Dungeons\Mines\Ore\MineOreOrichalcum02.nif
Skyrim.esm	ACTI	0010DC3E	MineOreOrichalcum02_LFrozenMarshGrass	[String 00011EE2]	Dungeons\Mines\Ore\MineOreOrichalcum02.nif
Skyrim.esm	ACTI	0010DC57	MineOreOrichalcum02_LFrozenMarshLichen	[String 00011FD1]	Dungeons\Mines\Ore\MineOreOrichalcum02.nif
Skyrim.esm	ACTI	0010DCC0	MineOreOrichalcum02_LReachGrass	[String 00011E9D]	Dungeons\Mines\Ore\MineOreOrichalcum02.nif
Skyrim.esm	ACTI	0010DCAB	MineOreOrichalcum02_LReachMoss	[String 00011FD7]	Dungeons\Mines\Ore\MineOreOrichalcum02.nif
Skyrim.esm	ACTI	0010D076	MineOreOrichalcum02_LRocks	[String 00011A70]	Dungeons\Mines\Ore\MineOreOrichalcum02.nif
Skyrim.esm	ACTI	0010D077	MineOreOrichalcum02_LSnowRocks	[String 00011CBE]	Dungeons\Mines\Ore\MineOreOrichalcum02.nif
Skyrim.esm	ACTI	0010D078	MineOreOrichalcum02_LTundraRocks	[String 00011ADC]	Dungeons\Mines\Ore\MineOreOrichalcum02.nif
Skyrim.esm	ACTI	0010DB39	MineOreOrichalcum02_LVolcanicTundraDirt	[String 00011E3E]	Dungeons\Mines\Ore\MineOreOrichalcum02.nif
Skyrim.esm	ACTI	0010DB38	MineOreOrichalcum02_LVolcanicTundraRocks	[String 00011E5C]	Dungeons\Mines\Ore\MineOreOrichalcum02.nif
Skyrim.esm	ACTI	000A2C7B	MineOreOrichalcum03	[String 0000EC21]	Dungeons\Mines\Ore\MineOreOrichalcum03.nif
Skyrim.esm	ACTI	0010DB81	MineOreOrichalcum03_CaveGDirt	[String 00011DDE]	Dungeons\Mines\Ore\MineOreOrichalcum03.nif
Skyrim.esm	ACTI	0010DB68	MineOreOrichalcum03_CaveGWall	[String 00012044]	Dungeons\Mines\Ore\MineOreOrichalcum03.nif
Skyrim.esm	ACTI	0010DC87	MineOreOrichalcum03_CaveIDirt	[String 00011EC4]	Dungeons\Mines\Ore\MineOreOrichalcum03.nif
Skyrim.esm	ACTI	0010DC74	MineOreOrichalcum03_CaveIWall	[String 0001200A]	Dungeons\Mines\Ore\MineOreOrichalcum03.nif
Skyrim.esm	ACTI	0010DB28	MineOreOrichalcum03_LCoastBeach	[String 00011FA4]	Dungeons\Mines\Ore\MineOreOrichalcum03.nif
Skyrim.esm	ACTI	0010D032	MineOreOrichalcum03_LDirt02	[String 00011A9F]	Dungeons\Mines\Ore\MineOreOrichalcum03.nif
Skyrim.esm	ACTI	0010DB2F	MineOreOrichalcum03_LFallForestDirt	[String 00011FB0]	Dungeons\Mines\Ore\MineOreOrichalcum03.nif
Skyrim.esm	ACTI	0010DB2E	MineOreOrichalcum03_LFallForestGrass	[String 00011F5F]	Dungeons\Mines\Ore\MineOreOrichalcum03.nif
Skyrim.esm	ACTI	0010DB2D	MineOreOrichalcum03_LFallForestRocks	[String 00011D8B]	Dungeons\Mines\Ore\MineOreOrichalcum03.nif
Skyrim.esm	ACTI	0010DC3F	MineOreOrichalcum03_LFrozenMarshGrass	[String 00011F17]	Dungeons\Mines\Ore\MineOreOrichalcum03.nif
Skyrim.esm	ACTI	0010DC58	MineOreOrichalcum03_LFrozenMarshLichen	[String 00011DE6]	Dungeons\Mines\Ore\MineOreOrichalcum03.nif
Skyrim.esm	ACTI	0010DCBF	MineOreOrichalcum03_LReachGrass	[String 00011FDF]	Dungeons\Mines\Ore\MineOreOrichalcum03.nif
Skyrim.esm	ACTI	0010DCAC	MineOreOrichalcum03_LReachMoss	[String 00011E44]	Dungeons\Mines\Ore\MineOreOrichalcum03.nif
Skyrim.esm	ACTI	0010D079	MineOreOrichalcum03_LRocks	[String 00011B8C]	Dungeons\Mines\Ore\MineOreOrichalcum03.nif
Skyrim.esm	ACTI	0010D07A	MineOreOrichalcum03_LSnowRocks	[String 00011C50]	Dungeons\Mines\Ore\MineOreOrichalcum03.nif
Skyrim.esm	ACTI	0010D07B	MineOreOrichalcum03_LTundraRocks	[String 00011BB8]	Dungeons\Mines\Ore\MineOreOrichalcum03.nif
Skyrim.esm	ACTI	0010DB3B	MineOreOrichalcum03_LVolcanicTundraDirt	[String 00011F27]	Dungeons\Mines\Ore\MineOreOrichalcum03.nif
Skyrim.esm	ACTI	0010DB3A	MineOreOrichalcum03_LVolcanicTundraRocks	[String 00011ED2]	Dungeons\Mines\Ore\MineOreOrichalcum03.nif
Skyrim.esm	ACTI	000A2C7C	MineOreOrichalcum04	[String 00005469]	Dungeons\Mines\Ore\MineOreOrichalcum04.nif
Skyrim.esm	ACTI	0010DB82	MineOreOrichalcum04_CaveGDirt	[String 0001201E]	Dungeons\Mines\Ore\MineOreOrichalcum04.nif
Skyrim.esm	ACTI	0010DB69	MineOreOrichalcum04_CaveGWall	[String 00011E0A]	Dungeons\Mines\Ore\MineOreOrichalcum04.nif
Skyrim.esm	ACTI	0010DC86	MineOreOrichalcum04_CaveIDirt	[String 00011D4C]	Dungeons\Mines\Ore\MineOreOrichalcum04.nif
Skyrim.esm	ACTI	0010DC75	MineOreOrichalcum04_CaveIWall	[String 00011E9B]	Dungeons\Mines\Ore\MineOreOrichalcum04.nif
Skyrim.esm	ACTI	0010DB29	MineOreOrichalcum04_LCoastBeach	[String 00011FA6]	Dungeons\Mines\Ore\MineOreOrichalcum04.nif
Skyrim.esm	ACTI	0010D098	MineOreOrichalcum04_LDirt02	[String 00011BA6]	Dungeons\Mines\Ore\MineOreOrichalcum04.nif
Skyrim.esm	ACTI	0010DB2C	MineOreOrichalcum04_LFallForestDirt	[String 0001200B]	Dungeons\Mines\Ore\MineOreOrichalcum04.nif
Skyrim.esm	ACTI	0010DB2B	MineOreOrichalcum04_LFallForestGrass	[String 00011FE7]	Dungeons\Mines\Ore\MineOreOrichalcum04.nif
Skyrim.esm	ACTI	0010DB2A	MineOreOrichalcum04_LFallForestRocks	[String 0001202C]	Dungeons\Mines\Ore\MineOreOrichalcum04.nif
Skyrim.esm	ACTI	0010DC40	MineOreOrichalcum04_LFrozenMarshGrass	[String 00011E1C]	Dungeons\Mines\Ore\MineOreOrichalcum04.nif
Skyrim.esm	ACTI	0010DC59	MineOreOrichalcum04_LFrozenMarshLichen	[String 0001200F]	Dungeons\Mines\Ore\MineOreOrichalcum04.nif
Skyrim.esm	ACTI	0010DCBE	MineOreOrichalcum04_LReachGrass	[String 00011F66]	Dungeons\Mines\Ore\MineOreOrichalcum04.nif
Skyrim.esm	ACTI	0010DCAD	MineOreOrichalcum04_LReachMoss	[String 00011D59]	Dungeons\Mines\Ore\MineOreOrichalcum04.nif
Skyrim.esm	ACTI	0010D07C	MineOreOrichalcum04_LRocks	[String 00011AB4]	Dungeons\Mines\Ore\MineOreOrichalcum04.nif
Skyrim.esm	ACTI	0010D07D	MineOreOrichalcum04_LSnowRocks	[String 00011AD6]	Dungeons\Mines\Ore\MineOreOrichalcum04.nif
Skyrim.esm	ACTI	0010D07E	MineOreOrichalcum04_LTundraRocks	[String 00011B74]	Dungeons\Mines\Ore\MineOreOrichalcum04.nif
Skyrim.esm	ACTI	0010DB3D	MineOreOrichalcum04_LVolcanicTundraDirt	[String 00011D77]	Dungeons\Mines\Ore\MineOreOrichalcum04.nif
Skyrim.esm	ACTI	0010DB3C	MineOreOrichalcum04_LVolcanicTundraRocks	[String 00011E24]	Dungeons\Mines\Ore\MineOreOrichalcum04.nif
Skyrim.esm	ACTI	000A2C7D	MineOreQuicksilver01	[String 00001C1F]	Dungeons\Mines\Ore\MineOreQuicksilver01.nif
Skyrim.esm	ACTI	0010D4D5	MineOreQuicksilver01_CaveGDirt	[String 00011CEB]	Dungeons\Mines\Ore\MineOreQuicksilver01.nif
Skyrim.esm	ACTI	0010DB6A	MineOreQuicksilver01_CaveGWall	[String 00011EEA]	Dungeons\Mines\Ore\MineOreQuicksilver01.nif
Skyrim.esm	ACTI	0010DC85	MineOreQuicksilver01_CaveIDirt	[String 00012048]	Dungeons\Mines\Ore\MineOreQuicksilver01.nif
Skyrim.esm	ACTI	0010DC76	MineOreQuicksilver01_CaveIWall	[String 00011E31]	Dungeons\Mines\Ore\MineOreQuicksilver01.nif
Skyrim.esm	ACTI	0010DB3E	MineOreQuicksilver01_LCoastBeach	[String 00011FCE]	Dungeons\Mines\Ore\MineOreQuicksilver01.nif
Skyrim.esm	ACTI	0010D081	MineOreQuicksilver01_LDirt02	[String 00011CA1]	Dungeons\Mines\Ore\MineOreQuicksilver01.nif
Skyrim.esm	ACTI	0010DB4C	MineOreQuicksilver01_LFallForestDirt	[String 00011E42]	Dungeons\Mines\Ore\MineOreQuicksilver01.nif
Skyrim.esm	ACTI	0010DB4B	MineOreQuicksilver01_LFallForestGrass	[String 00011EE1]	Dungeons\Mines\Ore\MineOreQuicksilver01.nif
Skyrim.esm	ACTI	0010DB4A	MineOreQuicksilver01_LFallForestRocks	[String 00011F0C]	Dungeons\Mines\Ore\MineOreQuicksilver01.nif
Skyrim.esm	ACTI	0010DC41	MineOreQuicksilver01_LFrozenMarshGrass	[String 00011D85]	Dungeons\Mines\Ore\MineOreQuicksilver01.nif
Skyrim.esm	ACTI	0010DC5A	MineOreQuicksilver01_LFrozenMarshLichen	[String 00011FE0]	Dungeons\Mines\Ore\MineOreQuicksilver01.nif
Skyrim.esm	ACTI	0010DCBD	MineOreQuicksilver01_LReachGrass	[String 00011D70]	Dungeons\Mines\Ore\MineOreQuicksilver01.nif
Skyrim.esm	ACTI	0010DCAE	MineOreQuicksilver01_LReachMoss	[String 00011DD9]	Dungeons\Mines\Ore\MineOreQuicksilver01.nif
Skyrim.esm	ACTI	0010D034	MineOreQuicksilver01_LRocks	[String 00011B75]	Dungeons\Mines\Ore\MineOreQuicksilver01.nif
Skyrim.esm	ACTI	0010D07F	MineOreQuicksilver01_LSnowRocks	[String 00011B20]	Dungeons\Mines\Ore\MineOreQuicksilver01.nif
Skyrim.esm	ACTI	0010D080	MineOreQuicksilver01_LTundraRocks	[String 00011D1A]	Dungeons\Mines\Ore\MineOreQuicksilver01.nif
Skyrim.esm	ACTI	0010DB49	MineOreQuicksilver01_LVolcanicTundraDirt	[String 00011E13]	Dungeons\Mines\Ore\MineOreQuicksilver01.nif
Skyrim.esm	ACTI	0010DB48	MineOreQuicksilver01_LVolcanicTundraRocks	[String 00011D84]	Dungeons\Mines\Ore\MineOreQuicksilver01.nif
Skyrim.esm	ACTI	000A2C7E	MineOreQuicksilver02	[String 0000F445]	Dungeons\Mines\Ore\MineOreQuicksilver02.nif
Skyrim.esm	ACTI	0010DB83	MineOreQuicksilver02_CaveGDirt	[String 00011FB5]	Dungeons\Mines\Ore\MineOreQuicksilver02.nif
Skyrim.esm	ACTI	0010DB6B	MineOreQuicksilver02_CaveGWall	[String 00011DC9]	Dungeons\Mines\Ore\MineOreQuicksilver02.nif
Skyrim.esm	ACTI	0010DC84	MineOreQuicksilver02_CaveIDirt	[String 00011FE2]	Dungeons\Mines\Ore\MineOreQuicksilver02.nif
Skyrim.esm	ACTI	0010DC77	MineOreQuicksilver02_CaveIWall	[String 0001201D]	Dungeons\Mines\Ore\MineOreQuicksilver02.nif
Skyrim.esm	ACTI	0010DB3F	MineOreQuicksilver02_LCoastBeach	[String 00011EE9]	Dungeons\Mines\Ore\MineOreQuicksilver02.nif
Skyrim.esm	ACTI	0010D082	MineOreQuicksilver02_LDirt02	[String 00011CDC]	Dungeons\Mines\Ore\MineOreQuicksilver02.nif
Skyrim.esm	ACTI	0010DB4F	MineOreQuicksilver02_LFallForestDirt	[String 00011E34]	Dungeons\Mines\Ore\MineOreQuicksilver02.nif
Skyrim.esm	ACTI	0010DB4E	MineOreQuicksilver02_LFallForestGrass	[String 00011F57]	Dungeons\Mines\Ore\MineOreQuicksilver02.nif
Skyrim.esm	ACTI	0010DB4D	MineOreQuicksilver02_LFallForestRocks	[String 00011D68]	Dungeons\Mines\Ore\MineOreQuicksilver02.nif
Skyrim.esm	ACTI	0010DC42	MineOreQuicksilver02_LFrozenMarshGrass	[String 00011F83]	Dungeons\Mines\Ore\MineOreQuicksilver02.nif
Skyrim.esm	ACTI	0010DC5B	MineOreQuicksilver02_LFrozenMarshLichen	[String 00012033]	Dungeons\Mines\Ore\MineOreQuicksilver02.nif
Skyrim.esm	ACTI	0010DCBC	MineOreQuicksilver02_LReachGrass	[String 00011F5E]	Dungeons\Mines\Ore\MineOreQuicksilver02.nif
Skyrim.esm	ACTI	0010DCAF	MineOreQuicksilver02_LReachMoss	[String 00011F10]	Dungeons\Mines\Ore\MineOreQuicksilver02.nif
Skyrim.esm	ACTI	0010D035	MineOreQuicksilver02_LRocks	[String 00011C2D]	Dungeons\Mines\Ore\MineOreQuicksilver02.nif
Skyrim.esm	ACTI	0010D083	MineOreQuicksilver02_LSnowRocks	[String 00011CA6]	Dungeons\Mines\Ore\MineOreQuicksilver02.nif
Skyrim.esm	ACTI	0010D084	MineOreQuicksilver02_LTundraRocks	[String 00011AB3]	Dungeons\Mines\Ore\MineOreQuicksilver02.nif
Skyrim.esm	ACTI	0010DB47	MineOreQuicksilver02_LVolcanicTundraDirt	[String 00011F84]	Dungeons\Mines\Ore\MineOreQuicksilver02.nif
Skyrim.esm	ACTI	0010DB46	MineOreQuicksilver02_LVolcanicTundraRocks	[String 00011E1D]	Dungeons\Mines\Ore\MineOreQuicksilver02.nif
Skyrim.esm	ACTI	000A2C7F	MineOreQuicksilver03	[String 00007735]	Dungeons\Mines\Ore\MineOreQuicksilver03.nif
Skyrim.esm	ACTI	0010DB84	MineOreQuicksilver03_CaveGDirt	[String 00011D8F]	Dungeons\Mines\Ore\MineOreQuicksilver03.nif
Skyrim.esm	ACTI	0010DB6C	MineOreQuicksilver03_CaveGWall	[String 00011F6F]	Dungeons\Mines\Ore\MineOreQuicksilver03.nif
Skyrim.esm	ACTI	0010DC83	MineOreQuicksilver03_CaveIDirt	[String 00011F7B]	Dungeons\Mines\Ore\MineOreQuicksilver03.nif
Skyrim.esm	ACTI	0010DC78	MineOreQuicksilver03_CaveIWall	[String 00011D5B]	Dungeons\Mines\Ore\MineOreQuicksilver03.nif
Skyrim.esm	ACTI	0010DB40	MineOreQuicksilver03_LCoastBeach	[String 00011E10]	Dungeons\Mines\Ore\MineOreQuicksilver03.nif
Skyrim.esm	ACTI	0010D087	MineOreQuicksilver03_LDirt02	[String 00011B97]	Dungeons\Mines\Ore\MineOreQuicksilver03.nif
Skyrim.esm	ACTI	0010DB51	MineOreQuicksilver03_LFallForestDirt	[String 00011F4D]	Dungeons\Mines\Ore\MineOreQuicksilver03.nif
Skyrim.esm	ACTI	0010DB52	MineOreQuicksilver03_LFallForestGrass	[String 00011D62]	Dungeons\Mines\Ore\MineOreQuicksilver03.nif
Skyrim.esm	ACTI	0010DB50	MineOreQuicksilver03_LFallForestRocks	[String 00011F45]	Dungeons\Mines\Ore\MineOreQuicksilver03.nif
Skyrim.esm	ACTI	0010DC43	MineOreQuicksilver03_LFrozenMarshGrass	[String 00011E1B]	Dungeons\Mines\Ore\MineOreQuicksilver03.nif
Skyrim.esm	ACTI	0010DC5C	MineOreQuicksilver03_LFrozenMarshLichen	[String 00011EAB]	Dungeons\Mines\Ore\MineOreQuicksilver03.nif
Skyrim.esm	ACTI	0010DCBB	MineOreQuicksilver03_LReachGrass	[String 00011F1B]	Dungeons\Mines\Ore\MineOreQuicksilver03.nif
Skyrim.esm	ACTI	0010DCB0	MineOreQuicksilver03_LReachMoss	[String 00011D9D]	Dungeons\Mines\Ore\MineOreQuicksilver03.nif
Skyrim.esm	ACTI	0010D036	MineOreQuicksilver03_LRocks	[String 00011C5B]	Dungeons\Mines\Ore\MineOreQuicksilver03.nif
Skyrim.esm	ACTI	0010D085	MineOreQuicksilver03_LSnowRocks	[String 00011B8B]	Dungeons\Mines\Ore\MineOreQuicksilver03.nif
Skyrim.esm	ACTI	0010D086	MineOreQuicksilver03_LTundraRocks	[String 00011AE8]	Dungeons\Mines\Ore\MineOreQuicksilver03.nif
Skyrim.esm	ACTI	0010DB45	MineOreQuicksilver03_LVolcanicTundraDirt	[String 00011F16]	Dungeons\Mines\Ore\MineOreQuicksilver03.nif
Skyrim.esm	ACTI	0010DB44	MineOreQuicksilver03_LVolcanicTundraRocks	[String 00011DD2]	Dungeons\Mines\Ore\MineOreQuicksilver03.nif
Skyrim.esm	ACTI	000A2C80	MineOreQuicksilver04	[String 0000FA61]	Dungeons\Mines\Ore\MineOreQuicksilver04.nif
Skyrim.esm	ACTI	0010DB85	MineOreQuicksilver04_CaveGDirt	[String 00011F38]	Dungeons\Mines\Ore\MineOreQuicksilver04.nif
Skyrim.esm	ACTI	0010DB6D	MineOreQuicksilver04_CaveGWall	[String 00011DC3]	Dungeons\Mines\Ore\MineOreQuicksilver04.nif
Skyrim.esm	ACTI	0010DC82	MineOreQuicksilver04_CaveIDirt	[String 00011DFB]	Dungeons\Mines\Ore\MineOreQuicksilver04.nif
Skyrim.esm	ACTI	0010DC79	MineOreQuicksilver04_CaveIWall	[String 00011E5F]	Dungeons\Mines\Ore\MineOreQuicksilver04.nif
Skyrim.esm	ACTI	0010DB41	MineOreQuicksilver04_LCoastBeach	[String 00011F64]	Dungeons\Mines\Ore\MineOreQuicksilver04.nif
Skyrim.esm	ACTI	0010D037	MineOreQuicksilver04_LDirt02	[String 00011C77]	Dungeons\Mines\Ore\MineOreQuicksilver04.nif
Skyrim.esm	ACTI	0010DB55	MineOreQuicksilver04_LFallForestDirt	[String 00011DFA]	Dungeons\Mines\Ore\MineOreQuicksilver04.nif
Skyrim.esm	ACTI	0010DB54	MineOreQuicksilver04_LFallForestGrass	[String 00012040]	Dungeons\Mines\Ore\MineOreQuicksilver04.nif
Skyrim.esm	ACTI	0010DB53	MineOreQuicksilver04_LFallForestRocks	[String 00011E43]	Dungeons\Mines\Ore\MineOreQuicksilver04.nif
Skyrim.esm	ACTI	0010DC44	MineOreQuicksilver04_LFrozenMarshGrass	[String 00011F19]	Dungeons\Mines\Ore\MineOreQuicksilver04.nif
Skyrim.esm	ACTI	0010DC5D	MineOreQuicksilver04_LFrozenMarshLichen	[String 00011D4A]	Dungeons\Mines\Ore\MineOreQuicksilver04.nif
Skyrim.esm	ACTI	0010DCBA	MineOreQuicksilver04_LReachGrass	[String 00011E2E]	Dungeons\Mines\Ore\MineOreQuicksilver04.nif
Skyrim.esm	ACTI	0010DCB1	MineOreQuicksilver04_LReachMoss	[String 00012046]	Dungeons\Mines\Ore\MineOreQuicksilver04.nif
Skyrim.esm	ACTI	0010D088	MineOreQuicksilver04_LRocks	[String 00011A82]	Dungeons\Mines\Ore\MineOreQuicksilver04.nif
Skyrim.esm	ACTI	0010D089	MineOreQuicksilver04_LSnowRocks	[String 00011C8C]	Dungeons\Mines\Ore\MineOreQuicksilver04.nif
Skyrim.esm	ACTI	0010D08A	MineOreQuicksilver04_LTundraRocks	[String 00011C48]	Dungeons\Mines\Ore\MineOreQuicksilver04.nif
Skyrim.esm	ACTI	0010DB43	MineOreQuicksilver04_LVolcanicTundraDirt	[String 00011E96]	Dungeons\Mines\Ore\MineOreQuicksilver04.nif
Skyrim.esm	ACTI	0010DB42	MineOreQuicksilver04_LVolcanicTundraRocks	[String 00011D6E]	Dungeons\Mines\Ore\MineOreQuicksilver04.nif
Skyrim.esm	ACTI	000A2C81	MineOreSilver01	[String 000032A4]	Dungeons\Mines\Ore\MineOreSilver01.nif
Skyrim.esm	ACTI	0010DB86	MineOreSilver01_CaveGDirt	[String 00011DD0]	Dungeons\Mines\Ore\MineOreSilver01.nif
Skyrim.esm	ACTI	0010DB6E	MineOreSilver01_CaveGWall	[String 00011DCF]	Dungeons\Mines\Ore\MineOreSilver01.nif
Skyrim.esm	ACTI	0010DC81	MineOreSilver01_CaveIDirt	[String 00011EFE]	Dungeons\Mines\Ore\MineOreSilver01.nif
Skyrim.esm	ACTI	0010DC7A	MineOreSilver01_CaveIWall	[String 00011E52]	Dungeons\Mines\Ore\MineOreSilver01.nif
Skyrim.esm	ACTI	0010DAF6	MineOreSilver01_LCoastBeach	[String 00011F30]	Dungeons\Mines\Ore\MineOreSilver01.nif
Skyrim.esm	ACTI	0010D08B	MineOreSilver01_LDirt02	[String 00011C56]	Dungeons\Mines\Ore\MineOreSilver01.nif
Skyrim.esm	ACTI	0010DB06	MineOreSilver01_LFallForestDirt	[String 00011DB4]	Dungeons\Mines\Ore\MineOreSilver01.nif
Skyrim.esm	ACTI	0010DAFA	MineOreSilver01_LFallForestGrass	[String 00011DD8]	Dungeons\Mines\Ore\MineOreSilver01.nif
Skyrim.esm	ACTI	0010DB07	MineOreSilver01_LFallForestRocks	[String 00011F56]	Dungeons\Mines\Ore\MineOreSilver01.nif
Skyrim.esm	ACTI	0010DC45	MineOreSilver01_LFrozenMarshGrass	[String 00011DA3]	Dungeons\Mines\Ore\MineOreSilver01.nif
Skyrim.esm	ACTI	0010DC5E	MineOreSilver01_LFrozenMarshLichen	[String 00011E8A]	Dungeons\Mines\Ore\MineOreSilver01.nif
Skyrim.esm	ACTI	0010DCB9	MineOreSilver01_LReachGrass	[String 00011E86]	Dungeons\Mines\Ore\MineOreSilver01.nif
Skyrim.esm	ACTI	0010DCB2	MineOreSilver01_LReachMoss	[String 00011D4D]	Dungeons\Mines\Ore\MineOreSilver01.nif
Skyrim.esm	ACTI	0010D038	MineOreSilver01_LRocks	[String 00011CF8]	Dungeons\Mines\Ore\MineOreSilver01.nif
Skyrim.esm	ACTI	0010D08D	MineOreSilver01_LSnowRocks	[String 00011C9B]	Dungeons\Mines\Ore\MineOreSilver01.nif
Skyrim.esm	ACTI	0010D08C	MineOreSilver01_LTundraRocks	[String 00011B49]	Dungeons\Mines\Ore\MineOreSilver01.nif
Skyrim.esm	ACTI	0010DAFE	MineOreSilver01_LVolcanicTundraDirt	[String 00011D72]	Dungeons\Mines\Ore\MineOreSilver01.nif
Skyrim.esm	ACTI	0010DAFF	MineOreSilver01_LVolcanicTundraRocks	[String 00011F40]	Dungeons\Mines\Ore\MineOreSilver01.nif
Skyrim.esm	ACTI	000A2C82	MineOreSilver02	[String 000004F4]	Dungeons\Mines\Ore\MineOreSilver02.nif
Skyrim.esm	ACTI	0010DB87	MineOreSilver02_CaveGDirt	[String 00011ECA]	Dungeons\Mines\Ore\MineOreSilver02.nif
Skyrim.esm	ACTI	0010DB6F	MineOreSilver02_CaveGWall	[String 00011F9B]	Dungeons\Mines\Ore\MineOreSilver02.nif
Skyrim.esm	ACTI	0010DC80	MineOreSilver02_CaveIDirt	[String 00011DDF]	Dungeons\Mines\Ore\MineOreSilver02.nif
Skyrim.esm	ACTI	0010DC7B	MineOreSilver02_CaveIWall	[String 00011FD2]	Dungeons\Mines\Ore\MineOreSilver02.nif
Skyrim.esm	ACTI	0010DAF7	MineOreSilver02_LCoastBeach	[String 00011F31]	Dungeons\Mines\Ore\MineOreSilver02.nif
Skyrim.esm	ACTI	0010D08E	MineOreSilver02_LDirt02	[String 00011B2D]	Dungeons\Mines\Ore\MineOreSilver02.nif
Skyrim.esm	ACTI	0010DAFB	MineOreSilver02_LFallForestDirt	[String 00011F36]	Dungeons\Mines\Ore\MineOreSilver02.nif
Skyrim.esm	ACTI	0010DB08	MineOreSilver02_LFallForestGrass	[String 00011F5B]	Dungeons\Mines\Ore\MineOreSilver02.nif
Skyrim.esm	ACTI	0010DB09	MineOreSilver02_LFallForestRocks	[String 00011D8D]	Dungeons\Mines\Ore\MineOreSilver02.nif
Skyrim.esm	ACTI	0010DC46	MineOreSilver02_LFrozenMarshGrass	[String 00011F94]	Dungeons\Mines\Ore\MineOreSilver02.nif
Skyrim.esm	ACTI	0010DC5F	MineOreSilver02_LFrozenMarshLichen	[String 00011E25]	Dungeons\Mines\Ore\MineOreSilver02.nif
Skyrim.esm	ACTI	0010DCB8	MineOreSilver02_LReachGrass	[String 00011E4B]	Dungeons\Mines\Ore\MineOreSilver02.nif
Skyrim.esm	ACTI	0010DCB3	MineOreSilver02_LReachMoss	[String 00012031]	Dungeons\Mines\Ore\MineOreSilver02.nif
Skyrim.esm	ACTI	0010D039	MineOreSilver02_LRocks	[String 00011CB8]	Dungeons\Mines\Ore\MineOreSilver02.nif
Skyrim.esm	ACTI	0010D090	MineOreSilver02_LSnowRocks	[String 00011CFD]	Dungeons\Mines\Ore\MineOreSilver02.nif
Skyrim.esm	ACTI	0010D08F	MineOreSilver02_LTundraRocks	[String 00011D24]	Dungeons\Mines\Ore\MineOreSilver02.nif
Skyrim.esm	ACTI	0010DB00	MineOreSilver02_LVolcanicTundraDirt	[String 00011F47]	Dungeons\Mines\Ore\MineOreSilver02.nif
Skyrim.esm	ACTI	0010DB01	MineOreSilver02_LVolcanicTundraRocks	[String 00011FB9]	Dungeons\Mines\Ore\MineOreSilver02.nif
Skyrim.esm	ACTI	000A2C85	MineOreSilver03	[String 0000DC75]	Dungeons\Mines\Ore\MineOreSilver03.nif
Skyrim.esm	ACTI	0010DB88	MineOreSilver03_CaveGDirt	[String 00011DFE]	Dungeons\Mines\Ore\MineOreSilver03.nif
Skyrim.esm	ACTI	0010DB70	MineOreSilver03_CaveGWall	[String 00011FA9]	Dungeons\Mines\Ore\MineOreSilver03.nif
Skyrim.esm	ACTI	0010DC7F	MineOreSilver03_CaveIDirt	[String 00011F0D]	Dungeons\Mines\Ore\MineOreSilver03.nif
Skyrim.esm	ACTI	0010DC7C	MineOreSilver03_CaveIWall	[String 00011D7B]	Dungeons\Mines\Ore\MineOreSilver03.nif
Skyrim.esm	ACTI	0010DAF8	MineOreSilver03_LCoastBeach	[String 00011F33]	Dungeons\Mines\Ore\MineOreSilver03.nif
Skyrim.esm	ACTI	0010D092	MineOreSilver03_LDirt02	[String 00011BA8]	Dungeons\Mines\Ore\MineOreSilver03.nif
Skyrim.esm	ACTI	0010DAFC	MineOreSilver03_LFallForestDirt	[String 00011F3B]	Dungeons\Mines\Ore\MineOreSilver03.nif
Skyrim.esm	ACTI	0010DB0B	MineOreSilver03_LFallForestGrass	[String 00011F63]	Dungeons\Mines\Ore\MineOreSilver03.nif
Skyrim.esm	ACTI	0010DB0A	MineOreSilver03_LFallForestRocks	[String 00011FAE]	Dungeons\Mines\Ore\MineOreSilver03.nif
Skyrim.esm	ACTI	0010DC47	MineOreSilver03_LFrozenMarshGrass	[String 00011E17]	Dungeons\Mines\Ore\MineOreSilver03.nif
Skyrim.esm	ACTI	0010DC60	MineOreSilver03_LFrozenMarshLichen	[String 00011E9F]	Dungeons\Mines\Ore\MineOreSilver03.nif
Skyrim.esm	ACTI	0010DCB7	MineOreSilver03_LReachGrass	[String 00011FE4]	Dungeons\Mines\Ore\MineOreSilver03.nif
Skyrim.esm	ACTI	0010DCB4	MineOreSilver03_LReachMoss	[String 00011D44]	Dungeons\Mines\Ore\MineOreSilver03.nif
Skyrim.esm	ACTI	0010D03A	MineOreSilver03_LRocks	[String 00011B41]	Dungeons\Mines\Ore\MineOreSilver03.nif
Skyrim.esm	ACTI	0010D093	MineOreSilver03_LSnowRocks	[String 00011AFF]	Dungeons\Mines\Ore\MineOreSilver03.nif
Skyrim.esm	ACTI	0010D091	MineOreSilver03_LTundraRocks	[String 00011B23]	Dungeons\Mines\Ore\MineOreSilver03.nif
Skyrim.esm	ACTI	0010DB02	MineOreSilver03_LVolcanicTundraDirt	[String 00011F4C]	Dungeons\Mines\Ore\MineOreSilver03.nif
Skyrim.esm	ACTI	0010DB03	MineOreSilver03_LVolcanicTundraRocks	[String 00011E91]	Dungeons\Mines\Ore\MineOreSilver03.nif
Skyrim.esm	ACTI	000A2CB1	MineOreSilver04	[String 0000D4C0]	Dungeons\Mines\Ore\MineOreSilver04.nif
Skyrim.esm	ACTI	0010DB89	MineOreSilver04_CaveGDirt	[String 00011F4F]	Dungeons\Mines\Ore\MineOreSilver04.nif
Skyrim.esm	ACTI	0010DB71	MineOreSilver04_CaveGWall	[String 00011E28]	Dungeons\Mines\Ore\MineOreSilver04.nif
Skyrim.esm	ACTI	0010DC7E	MineOreSilver04_CaveIDirt	[String 00011DA1]	Dungeons\Mines\Ore\MineOreSilver04.nif
Skyrim.esm	ACTI	0010DC7D	MineOreSilver04_CaveIWall	[String 00011F90]	Dungeons\Mines\Ore\MineOreSilver04.nif
Skyrim.esm	ACTI	0010DAF9	MineOreSilver04_LCoastBeach	[String 00011F35]	Dungeons\Mines\Ore\MineOreSilver04.nif
Skyrim.esm	ACTI	0010D095	MineOreSilver04_LDirt02	[String 00011B17]	Dungeons\Mines\Ore\MineOreSilver04.nif
Skyrim.esm	ACTI	0010DAFD	MineOreSilver04_LFallForestDirt	[String 00012005]	Dungeons\Mines\Ore\MineOreSilver04.nif
Skyrim.esm	ACTI	0010DB0C	MineOreSilver04_LFallForestGrass	[String 00011EA9]	Dungeons\Mines\Ore\MineOreSilver04.nif
Skyrim.esm	ACTI	0010DB0D	MineOreSilver04_LFallForestRocks	[String 00011F67]	Dungeons\Mines\Ore\MineOreSilver04.nif
Skyrim.esm	ACTI	0010DC48	MineOreSilver04_LFrozenMarshGrass	[String 00011EAF]	Dungeons\Mines\Ore\MineOreSilver04.nif
Skyrim.esm	ACTI	0010DC61	MineOreSilver04_LFrozenMarshLichen	[String 00011FC8]	Dungeons\Mines\Ore\MineOreSilver04.nif
Skyrim.esm	ACTI	0010DCB6	MineOreSilver04_LReachGrass	[String 00011DD6]	Dungeons\Mines\Ore\MineOreSilver04.nif
Skyrim.esm	ACTI	0010DCB5	MineOreSilver04_LReachMoss	[String 00011D6C]	Dungeons\Mines\Ore\MineOreSilver04.nif
Skyrim.esm	ACTI	0010D03B	MineOreSilver04_LRocks	[String 00011C04]	Dungeons\Mines\Ore\MineOreSilver04.nif
Skyrim.esm	ACTI	0010D096	MineOreSilver04_LSnowRocks	[String 00011B89]	Dungeons\Mines\Ore\MineOreSilver04.nif
Skyrim.esm	ACTI	0010D094	MineOreSilver04_LTundraRocks	[String 00011B0D]	Dungeons\Mines\Ore\MineOreSilver04.nif
Skyrim.esm	ACTI	0010DB04	MineOreSilver04_LVolcanicTundraDirt	[String 00011F51]	Dungeons\Mines\Ore\MineOreSilver04.nif
Skyrim.esm	ACTI	0010DB05	MineOreSilver04_LVolcanicTundraRocks	[String 00011F77]	Dungeons\Mines\Ore\MineOreSilver04.nif
Skyrim.esm	ACTI	0002E296	MQ105DragonSwitch		Clutter\Ruins\DragonStone\RuinsDragonStone01.nif
Skyrim.esm	ACTI	00023DD0	MQpathToHHShrineTablet	[String 000026A7]	Architecture\HighHrothgar\MQEtchedShrineActivator.nif
Skyrim.esm	ACTI	0002F5C3	MQTempWord	[String 000003E8]	Dungeons\Nordic\Doors\TempPortStone01.nif
Skyrim.esm	ACTI	0007A5F5	MrkWaterSystemMillPond01		Architecture\Markarth\Water\MrkWaterSystemMillPond01.nif
Skyrim.esm	ACTI	00038431	MrkWaterSystemMillPond01act		Architecture\Markarth\Water\MrkWaterSystemMillPond01.nif
Skyrim.esm	ACTI	0007A5B7	MrkWaterSystemWarrens01		Architecture\Markarth\Water\MrkWaterSystemWarrens01.nif
Skyrim.esm	ACTI	00022696	MS04EggInForge	[String 00003122]	Dungeons\Nordic\Levers\RuinsLever01\NorLever01.nif
Skyrim.esm	ACTI	0002267B	MS04Hearth	[String 0000E24D]	Clutter\Ruins\RuinSmallFloorSconce.nif
Skyrim.esm	ACTI	00053525	MS05Effigy	[String 000093D6]	Dungeons\Nordic\Levers\RuinsLever01\NorLever01.nif
Skyrim.esm	ACTI	00023A65	MS07Lamp	[String 00004188]	Dungeons\Nordic\Levers\RuinsLever01\NorLever01.nif
Skyrim.esm	ACTI	00021604	MS08AlikrBaseTrigger		Dungeons\Nordic\Doors\TempPortStone01.nif
Skyrim.esm	ACTI	0003A963	MS11StoneQuarterBoundariesTrigger		
Skyrim.esm	ACTI	000A3462	NocturnalsSecretDoor01		Clutter\BlackPool\BlackPoolSecretDoor\NocturnalsSecretDoor01.nif
Skyrim.esm	ACTI	000AA8CE	NorDefaultPuzzlePillar01	[String 000058BF]	Clutter\Ruins\Pillar\RuinsPuzzlePillar01.nif
Skyrim.esm	ACTI	000F13AE	NorDefaultPuzzlePillar01NoFurn	[String 00010B5E]	Clutter\Ruins\Pillar\RuinsPuzzlePillar01.nif
Skyrim.esm	ACTI	000F13B5	NorDefaultPuzzlePillarPullBar01NoFurn	[String 00010C44]	Clutter\Ruins\Pillar\RuinsPuzzlePillar01.nif
Skyrim.esm	ACTI	000B5CB2	NorLabyrinthianActivatedDoor01	[String 00010851]	Dungeons\Nordic\Exterior\Animated\NorLabyrinthianDoor\NorLabyrinthianActivatedDoor01.nif
Skyrim.esm	ACTI	00021513	NorLever01	[String 00000FDA]	Dungeons\Nordic\Levers\RuinsLever01\NorLever01.nif
Skyrim.esm	ACTI	00023A32	NorPortcullis		Dungeons\Nordic\Doors\Animated\Portcullis\NorPortcullisGate01.nif
Skyrim.esm	ACTI	0003E726	NorPortcullisLarge01		Dungeons\Nordic\Doors\Animated\PortcullisLarge\PortcullisLarge01.nif
Skyrim.esm	ACTI	00098668	NorPullBar01	[String 0000049B]	Dungeons\Nordic\Levers\PullBar\NorPullBar01.nif
Skyrim.esm	ACTI	00098665	NorPullChain01	[String 00007D9D]	Dungeons\Nordic\Levers\Pullchain\NorPullChain01.nif
Skyrim.esm	ACTI	00042EC6	NorRetractableBridge01		Dungeons\Nordic\Clutter\RetractableBridge\NorRetractableBridge01.nif
Skyrim.esm	ACTI	001051E4	NorRetractableBridge01NONAVCUT		Dungeons\Nordic\Clutter\RetractableBridge\NorRetractableBridge01.nif
Skyrim.esm	ACTI	00023912	NorRotatingDoor		Dungeons\Nordic\Doors\Animated\RotatingDoor01\NorRotatingDoor01.nif
Skyrim.esm	ACTI	000E8E40	NorRotatingDoor01NOPORT		Dungeons\Nordic\Doors\Animated\RotatingDoor01\NorRotatingDoor01NOPORT.nif
Skyrim.esm	ACTI	00048DEC	NorSarcophagusTopAnim01		Clutter\Ruins\SarcophagusLid\NorSarcophagusTopAnim01.nif
Skyrim.esm	ACTI	0006BDD3	NorSarcophagusVertTop001		Clutter\Ruins\SarcophagusLidVert\Sarcophagus_TopVert01.nif
Skyrim.esm	ACTI	00024207	NorSecRmSmDoorSm01		Dungeons\Nordic\SecretPass\Animated\RmSmDoor01\NorSecRmSmDoorSm01.nif
Skyrim.esm	ACTI	000B7464	NorSecRmSmDoorSm02		Dungeons\Nordic\SecretPass\Animated\RmSmDoor02\NorSecRmSmDoorSm02.nif
Skyrim.esm	ACTI	00068BC3	NorTempleEntranceHallDoor01		Dungeons\Nordic\Exterior\Animated\NorTempleEntranceHallDoor\NorTempleEntranceHallDoor01.nif
Skyrim.esm	ACTI	00070982	NorWordWallWordAhxxx		Dungeons\Nordic\Chambers\NorRunicAmphitheatreWordTiid.nif
Skyrim.esm	ACTI	00070983	NorWordWallWordAus		Dungeons\Nordic\Chambers\PowerWordAus.nif
Skyrim.esm	ACTI	00070985	NorWordWallWordBah		Dungeons\Nordic\Chambers\PowerWordBah.nif
Skyrim.esm	ACTI	00070986	NorWordWallWordDahxxx		Dungeons\Nordic\Chambers\NorRunicAmphitheatreWordTiid.nif
Skyrim.esm	ACTI	00070987	NorWordWallWordDiin		Dungeons\Nordic\Chambers\PowerWordDiin.nif
Skyrim.esm	ACTI	00070988	NorWordWallWordDrem		Dungeons\Nordic\Chambers\PowerWordDrem.nif
Skyrim.esm	ACTI	00070989	NorWordWallWordDun		Dungeons\Nordic\Chambers\PowerWordDun.nif
Skyrim.esm	ACTI	0007098A	NorWordWallWordFaas		Dungeons\Nordic\Chambers\PowerWordFaas.nif
Skyrim.esm	ACTI	00070984	NorWordWallWordFeim		Dungeons\Nordic\Chambers\PowerWordFeim.nif
Skyrim.esm	ACTI	0007098B	NorWordWallWordFiik		Dungeons\Nordic\Chambers\PowerWordfiik.nif
Skyrim.esm	ACTI	0007098C	NorWordWallWordFo		Dungeons\Nordic\Chambers\PowerWordFo.nif
Skyrim.esm	ACTI	0007098D	NorWordWallWordFrulxxx		Dungeons\Nordic\Chambers\NorRunicAmphitheatreWordTiid.nif
Skyrim.esm	ACTI	0007098E	NorWordWallWordFus		Dungeons\Nordic\Chambers\PowerWordFus.nif
Skyrim.esm	ACTI	0007098F	NorWordWallWordGrah		Dungeons\Nordic\Chambers\PowerWordGrah.nif
Skyrim.esm	ACTI	00070990	NorWordWallWordGron		Dungeons\Nordic\Chambers\PowerWordGron.nif
Skyrim.esm	ACTI	00070991	NorWordWallWordGul		Dungeons\Nordic\Chambers\PowerWordGul.nif
Skyrim.esm	ACTI	000FF56B	NorWordWallWordGutMeyZul		Dungeons\Nordic\Chambers\PowerWordGutMeyZul.nif
Skyrim.esm	ACTI	00070992	NorWordWallWordHaal		Dungeons\Nordic\Chambers\PowerWordHaal.nif
Skyrim.esm	ACTI	00070993	NorWordWallWordHunxxx		Dungeons\Nordic\Chambers\NorRunicAmphitheatreWordTiid.nif
Skyrim.esm	ACTI	0007099D	NorWordWallWordIiz		Dungeons\Nordic\Chambers\PowerWordIiz.nif
Skyrim.esm	ACTI	00070994	NorWordWallWordJoorxxx		Dungeons\Nordic\Chambers\NorRunicAmphitheatreWordTiid.nif
Skyrim.esm	ACTI	00070995	NorWordWallWordKaalxxx		Dungeons\Nordic\Chambers\NorRunicAmphitheatreWordTiid.nif
Skyrim.esm	ACTI	00070996	NorWordWallWordKaan		Dungeons\Nordic\Chambers\PowerWordKaan.nif
Skyrim.esm	ACTI	00070997	NorWordWallWordKest		Dungeons\Nordic\Chambers\PowerWordKest.nif
Skyrim.esm	ACTI	00070998	NorWordWallWordKlo		Dungeons\Nordic\Chambers\PowerWordKlo.nif
Skyrim.esm	ACTI	00070999	NorWordWallWordKoorxxx		Dungeons\Nordic\Chambers\NorRunicAmphitheatreWordTiid.nif
Skyrim.esm	ACTI	0007099A	NorWordWallWordKrah		Dungeons\Nordic\Chambers\PowerWordKrah.nif
Skyrim.esm	ACTI	000F5980	NorWordWallWordKreinxxx		Dungeons\Nordic\Chambers\PowerWordKrein.nif
Skyrim.esm	ACTI	0007099B	NorWordWallWordKrii		Dungeons\Nordic\Chambers\PowerWordKrii.nif
Skyrim.esm	ACTI	0007099C	NorWordWallWordLaas		Dungeons\Nordic\Chambers\PowerWordLaas.nif
Skyrim.esm	ACTI	0007099E	NorWordWallWordLo		Dungeons\Nordic\Chambers\PowerWordLo.nif
Skyrim.esm	ACTI	0007099F	NorWordWallWordLokxxx		Dungeons\Nordic\Chambers\NorRunicAmphitheatreWordTiid.nif
Skyrim.esm	ACTI	00060BAF	NorWordWallWordLun		Dungeons\Nordic\Chambers\PowerWordLun.nif
Skyrim.esm	ACTI	000709A0	NorWordWallWordMaar		Dungeons\Nordic\Chambers\PowerWordMaar.nif
Skyrim.esm	ACTI	000709A1	NorWordWallWordMeyxxx		Dungeons\Nordic\Chambers\PowerWordMey.nif
Skyrim.esm	ACTI	000709A2	NorWordWallWordMir		Dungeons\Nordic\Chambers\PowerWordMir.nif
Skyrim.esm	ACTI	000709A3	NorWordWallWordNah		Dungeons\Nordic\Chambers\PowerWordNah.nif
Skyrim.esm	ACTI	000709A5	NorWordWallWordNiisxxx		Dungeons\Nordic\Chambers\NorRunicAmphitheatreWordTiid.nif
Skyrim.esm	ACTI	000709A4	NorWordWallWordNir		Dungeons\Nordic\Chambers\PowerWordNir.nif
Skyrim.esm	ACTI	000709A6	NorWordWallWordNus		Dungeons\Nordic\Chambers\PowerWordNus.nif
Skyrim.esm	ACTI	000709A7	NorWordWallWordOdxxx		Dungeons\Nordic\Chambers\NorRunicAmphitheatreWordTiid.nif
Skyrim.esm	ACTI	000709A8	NorWordWallWordOv		Dungeons\Nordic\Chambers\PowerWordOv.nif
Skyrim.esm	ACTI	000709A9	NorWordWallWordQo		Dungeons\Nordic\Chambers\PowerWordQo.nif
Skyrim.esm	ACTI	000709AA	NorWordWallWordRaan		Dungeons\Nordic\Chambers\PowerWordRaan.nif
Skyrim.esm	ACTI	000709AB	NorWordWallWordRoxxx		Dungeons\Nordic\Chambers\NorRunicAmphitheatreWordTiid.nif
Skyrim.esm	ACTI	000709AC	NorWordWallWordRu		Dungeons\Nordic\Chambers\PowerWordRu.nif
Skyrim.esm	ACTI	000709AD	NorWordWallWordSah		Dungeons\Nordic\Chambers\PowerWordSah.nif
Skyrim.esm	ACTI	000FF56C	NorWordWallWordShul		Dungeons\Nordic\Chambers\PowerWordShul.nif
Skyrim.esm	ACTI	000709AE	NorWordWallWordShulxxx		Dungeons\Nordic\Chambers\NorRunicAmphitheatreWordTiid.nif
Skyrim.esm	ACTI	000709AF	NorWordWallWordSlen		Dungeons\Nordic\Chambers\PowerWordSlen.nif
Skyrim.esm	ACTI	000709B0	NorWordWallWordStrun		Dungeons\Nordic\Chambers\PowerWordStrun.nif
Skyrim.esm	ACTI	000709B1	NorWordWallWordSu		Dungeons\Nordic\Chambers\PowerWordSu.nif
Skyrim.esm	ACTI	000709B2	NorWordWallWordTah		Dungeons\Nordic\Chambers\PowerWordTah.nif
Skyrim.esm	ACTI	0004E3DB	NorWordWallWordTiid		Dungeons\Nordic\Chambers\NorRunicAmphitheatreWordTiid.nif
Skyrim.esm	ACTI	000709B3	NorWordWallWordToor		Dungeons\Nordic\Chambers\PowerWordToor.nif
Skyrim.esm	ACTI	000709B4	NorWordWallWordUl		Dungeons\Nordic\Chambers\PowerWordUl.nif
Skyrim.esm	ACTI	000709B5	NorWordWallWordVahxxx		Dungeons\Nordic\Chambers\NorRunicAmphitheatreWordTiid.nif
Skyrim.esm	ACTI	000709B6	NorWordWallWordViik		Dungeons\Nordic\Chambers\PowerWordViik.nif
Skyrim.esm	ACTI	000709B8	NorWordWallWordViingxxx		Dungeons\Nordic\Chambers\NorRunicAmphitheatreWordTiid.nif
Skyrim.esm	ACTI	000709B7	NorWordWallWordVun		Dungeons\Nordic\Chambers\NorRunicAmphitheatreWordTiid.nif
Skyrim.esm	ACTI	000709B9	NorWordWallWordWuld		Dungeons\Nordic\Chambers\PowerWordWuld.nif
Skyrim.esm	ACTI	000709BA	NorWordWallWordYah		Dungeons\Nordic\Chambers\PowerWordYah.nif
Skyrim.esm	ACTI	000709BB	NorWordWallWordYol		Dungeons\Nordic\Chambers\PowerWordYol.nif
Skyrim.esm	ACTI	000709BC	NorWordWallWordZahxxx		Dungeons\Nordic\Chambers\NorRunicAmphitheatreWordTiid.nif
Skyrim.esm	ACTI	000709BD	NorWordWallWordZii		Dungeons\Nordic\Chambers\PowerWordZii.nif
Skyrim.esm	ACTI	000709BE	NorWordWallWordZulxxx		Dungeons\Nordic\Chambers\PowerWordZul.nif
Skyrim.esm	ACTI	000709BF	NorWordWallWordZun		Dungeons\Nordic\Chambers\PowerWordZun.nif
Skyrim.esm	ACTI	00042AC2	OrcBedDoubleXXX		Furniture\OrcFurniture\OrcBedDouble01.nif
Skyrim.esm	ACTI	00042AC3	OrcBedSingleXXX		Furniture\OrcFurniture\OrcBedSingle01.nif
Skyrim.esm	ACTI	000D5A92	PlayerBookShelfClickTrigger	[String 0000431D]	
Skyrim.esm	ACTI	000DC9E9	PlayerBookShelfTrigger	[String 0001027B]	
Skyrim.esm	ACTI	000F1462	PlayerPotionRackClickTrigger	[String 00010C45]	
Skyrim.esm	ACTI	000F1463	PlayerPotionRackTrigger	[String 00010651]	
Skyrim.esm	ACTI	0004E2B3	PuzzleDoorBase01		Dungeons\Nordic\Doors\Animated\PuzzleDoor\PuzzleDoorBase01.nif
Skyrim.esm	ACTI	0004E2B2	PuzzleDoorKeyHole01	[String 0000F2F2]	Dungeons\Nordic\Doors\Animated\PuzzleDoor\PuzzleDoorKeyHole01.nif
Skyrim.esm	ACTI	0004DACC	PuzzleDoorKeyHole01Coral	[String 00009D55]	Dungeons\Nordic\Doors\Animated\PuzzleDoor\PuzzleDoorKeyHoleCoral.nif
Skyrim.esm	ACTI	0004DAC9	PuzzleDoorKeyHole01Diamond	[String 0000F2E9]	Dungeons\Nordic\Doors\Animated\PuzzleDoor\PuzzleDoorKeyHoleDiamond.nif
Skyrim.esm	ACTI	0008CDCC	PuzzleDoorKeyHole01Ebony	[String 0000F239]	Dungeons\Nordic\Doors\Animated\PuzzleDoor\PuzzleDoorKeyHoleEbony.nif
Skyrim.esm	ACTI	0004DACB	PuzzleDoorKeyHole01Emerald	[String 00008E1F]	Dungeons\Nordic\Doors\Animated\PuzzleDoor\PuzzleDoorKeyHoleEmerald.nif
Skyrim.esm	ACTI	0004DAC6	PuzzleDoorKeyHole01Glass	[String 000017B1]	Dungeons\Nordic\Doors\Animated\PuzzleDoor\PuzzleDoorKeyHoleGlass.nif
Skyrim.esm	ACTI	00095576	PuzzleDoorKeyHole01Iron	[String 0000AA2F]	Dungeons\Nordic\Doors\Animated\PuzzleDoor\PuzzleDoorKeyHoleIron.nif
Skyrim.esm	ACTI	0004DAC8	PuzzleDoorKeyHole01Ivory	[String 00004786]	Dungeons\Nordic\Doors\Animated\PuzzleDoor\PuzzleDoorKeyHoleIvory.nif
Skyrim.esm	ACTI	0004DAC7	PuzzleDoorKeyHole01Ruby	[String 0000624A]	Dungeons\Nordic\Doors\Animated\PuzzleDoor\PuzzleDoorKeyHoleRuby.nif
Skyrim.esm	ACTI	0004DACA	PuzzleDoorKeyHole01Sapphire	[String 0000A1D3]	Dungeons\Nordic\Doors\Animated\PuzzleDoor\PuzzleDoorKeyHoleSapphire.nif
Skyrim.esm	ACTI	0004E2B1	PuzzleDoorLargeWheel01	[String 0000F1B2]	Dungeons\Nordic\Doors\Animated\PuzzleDoor\PuzzleDoorLargeWheel01.nif
Skyrim.esm	ACTI	00050553	PuzzleDoorLargeWheel02	[String 0000E2D0]	Dungeons\Nordic\Doors\Animated\PuzzleDoor\PuzzleDoorLargeWheel02.nif
Skyrim.esm	ACTI	0005B35D	PuzzleDoorLargeWheel03	[String 00008837]	Dungeons\Nordic\Doors\Animated\PuzzleDoor\PuzzleDoorLargeWheel03.nif
Skyrim.esm	ACTI	00066B21	PuzzleDoorLargeWheel04	[String 0000A9F3]	Dungeons\Nordic\Doors\Animated\PuzzleDoor\PuzzleDoorLargeWheel04.nif
Skyrim.esm	ACTI	0007122F	PuzzleDoorLargeWheel05	[String 00004399]	Dungeons\Nordic\Doors\Animated\PuzzleDoor\PuzzleDoorLargeWheel05.nif
Skyrim.esm	ACTI	000977E4	PuzzleDoorLargeWheel06	[String 000023C4]	Dungeons\Nordic\Doors\Animated\PuzzleDoor\PuzzleDoorLargeWheel06.nif
Skyrim.esm	ACTI	0004E2B0	PuzzleDoorMediumWheel01	[String 00003555]	Dungeons\Nordic\Doors\Animated\PuzzleDoor\PuzzleDoorMediumWheel01.nif
Skyrim.esm	ACTI	00050554	PuzzleDoorMediumWheel02	[String 000095B0]	Dungeons\Nordic\Doors\Animated\PuzzleDoor\PuzzleDoorMediumWheel02.nif
Skyrim.esm	ACTI	0005B35C	PuzzleDoorMediumWheel03	[String 0000DDA3]	Dungeons\Nordic\Doors\Animated\PuzzleDoor\PuzzleDoorMediumWheel03.nif
Skyrim.esm	ACTI	00066B22	PuzzleDoorMediumWheel04	[String 0000D3DC]	Dungeons\Nordic\Doors\Animated\PuzzleDoor\PuzzleDoorMediumWheel04.nif
Skyrim.esm	ACTI	00071231	PuzzleDoorMediumWheel05	[String 0000CF8C]	Dungeons\Nordic\Doors\Animated\PuzzleDoor\PuzzleDoorMediumWheel05.nif
Skyrim.esm	ACTI	000977E5	PuzzleDoorMediumWheel06	[String 0000A70E]	Dungeons\Nordic\Doors\Animated\PuzzleDoor\PuzzleDoorMediumWheel06.nif
Skyrim.esm	ACTI	0004E2AE	PuzzleDoorSmallWheel01	[String 0000B618]	Dungeons\Nordic\Doors\Animated\PuzzleDoor\PuzzleDoorSmallWheel01.nif
Skyrim.esm	ACTI	00050555	PuzzleDoorSmallWheel02	[String 00009869]	Dungeons\Nordic\Doors\Animated\PuzzleDoor\PuzzleDoorSmallWheel02.nif
Skyrim.esm	ACTI	0005B35B	PuzzleDoorSmallWheel03	[String 0000999A]	Dungeons\Nordic\Doors\Animated\PuzzleDoor\PuzzleDoorSmallWheel03.nif
Skyrim.esm	ACTI	00066B23	PuzzleDoorSmallWheel04	[String 000080FB]	Dungeons\Nordic\Doors\Animated\PuzzleDoor\PuzzleDoorSmallWheel04.nif
Skyrim.esm	ACTI	00071233	PuzzleDoorSmallWheel05	[String 000009D9]	Dungeons\Nordic\Doors\Animated\PuzzleDoor\PuzzleDoorSmallWheel05.nif
Skyrim.esm	ACTI	000977E6	PuzzleDoorSmallWheel06	[String 0000D046]	Dungeons\Nordic\Doors\Animated\PuzzleDoor\PuzzleDoorSmallWheel06.nif
Skyrim.esm	ACTI	0009151E	RemovableTorchSconce01	[String 0000CCEE]	Clutter\Common\RemovableTorchSconce01.nif
Skyrim.esm	ACTI	0001DA0D	ResourceObjectMine	[String 0000AF15]	Clutter\Smelter\Smelter01.nif
Skyrim.esm	ACTI	000CD8B9	RTGravestone01		Architecture\Riften\Clutter\RTGravestone01.nif
Skyrim.esm	ACTI	000CD8DE	RTGravestone01A		Architecture\Riften\Clutter\RTGravestone01A.nif
Skyrim.esm	ACTI	000CD8DD	RTGravestone02		Architecture\Riften\Clutter\RTGravestone02.nif
Skyrim.esm	ACTI	000CD8C1	RTGravestone03		Architecture\Riften\Clutter\RTGravestone03.nif
Skyrim.esm	ACTI	0001717B	RuinsPuzzlePillar01	[String 0000EAFF]	Clutter\Ruins\Pillar\RuinsPuzzlePillar01.nif
Skyrim.esm	ACTI	000A3440	SarcophagusSkullLock01	[String 0000D997]	Clutter\SarcophagusBoltLock\SarcophagusSkullLock\SarcophagusSkullLock01.nif
Skyrim.esm	ACTI	00103456	SGravestone01		Architecture\Solitude\Clutter\SGravestone01.nif
Skyrim.esm	ACTI	00103458	SGravestone02		Architecture\Solitude\Clutter\SGravestone02.nif
Skyrim.esm	ACTI	000EA693	SignWHAlchemyShop01		Clutter\Signage\Windhelm\SignWHAlchemyShop01.nif
Skyrim.esm	ACTI	000EA69F	SignWHCandlehearthInn		Clutter\Signage\Windhelm\SignWHCandlehearthInn.nif
Skyrim.esm	ACTI	000EA696	SignWHStables01		Clutter\Signage\Windhelm\SignWHStables01.nif
Skyrim.esm	ACTI	00071269	SimpleLever	[String 0000379E]	Dungeons\Nordic\Levers\RuinsLever01\MetalLever01.nif
Skyrim.esm	ACTI	0006AEED	SkyHavenBloodBowl01	[String 0000E358]	Architecture\SkyHavenTemple\SkyHavenBloodBowl01.nif
Skyrim.esm	ACTI	0006D3A8	SkyHavenRetractableBridge01		Architecture\SkyHavenTemple\RetractableBridge\SkyHavenRetractableBridge01.nif
Skyrim.esm	ACTI	000DAE04	SkyHavenRetractableBridge01NotObstacle		Architecture\SkyHavenTemple\RetractableBridge\SkyHavenRetractableBridge01.nif
Skyrim.esm	ACTI	000622F0	SlighthouseActivator	[String 000030E4]	Architecture\Solitude\Clutter\SlighthouseFire.nif
Skyrim.esm	ACTI	0005EBE8	soljundLever	[String 000050C9]	Dungeons\Nordic\Levers\RuinsLever01\NorLever01.nif
Skyrim.esm	ACTI	0005EBE5	soljundsPortcullis		Dungeons\Nordic\Doors\Animated\Portcullis\NorPortcullisGate01.nif
Skyrim.esm	ACTI	00105D01	SovngardeWatcherStatue01		Architecture\Sovengarde\SovngardeStatue01.nif
Skyrim.esm	ACTI	00105D05	SovngardeWatcherStatue02		Architecture\Sovengarde\SovngardeStatue02.nif
Skyrim.esm	ACTI	00105D06	SovngardeWatcherStatue03		Architecture\Sovengarde\SovngardeStatue03.nif
Skyrim.esm	ACTI	0007CD55	SummonTargetFXActivator		Magic\SummonTargetFX.nif
Skyrim.esm	ACTI	0006C9F1	T01DibellasAltarActivator	[String 00008A34]	Dungeons\Nordic\Levers\RuinsLever01\MetalLever01.nif
Skyrim.esm	ACTI	00079AF7	T03EldergleamActivator	[String 0000F43B]	Traps\PressurePlate\TrapStonePressurePlate01.nif
Skyrim.esm	ACTI	0001CD1A	T03EldergleamRootActivator	[String 00008306]	Traps\PressurePlate\TrapStonePressurePlate01.nif
Skyrim.esm	ACTI	000E2414	TanningRackDONOTUSE	[String 000077EB]	Clutter\Common\TanningRack01.nif
Skyrim.esm	ACTI	000A7C45	TG02BeeHiveDummy		Clutter\BeeHive\BeeHive01.nif
Skyrim.esm	ACTI	0002BA9E	TG03StoreroomEntrance	[String 0000407E]	Traps\PressurePlate\TrapStonePressurePlate01.nif
Skyrim.esm	ACTI	0002CC4F	TG04TempMover	[String 0000E562]	Clutter\Ruins\RuinSmallFloorSconce.nif
Skyrim.esm	ACTI	00059A94	TG05DoubleLock	[String 00007EBA]	Clutter\Ruins\TG05DoubleLock.nif
Skyrim.esm	ACTI	00059A99	TG05LockedDoorPiece		Dungeons\Nordic\Doors\Animated\TG05LockedDoor\TG05LockedDoorPiece01.nif
Skyrim.esm	ACTI	0002C4B8	TG05RuinsDoorsTrigger		
Skyrim.esm	ACTI	0003375D	TG06CalcelmosStone	[String 0000DB25]	Clutter\FalmerRosettaStone\FalmerRosettaStone.nif
Skyrim.esm	ACTI	00036FFE	TG07DoorLock	[String 0000D75A]	Traps\PressurePlate\TrapStonePressurePlate01.nif
Skyrim.esm	ACTI	000FB8F5	TG08ActorEscapeTRIG		
Skyrim.esm	ACTI	000FCC17	TG08ANightingaleArmorActivator	[String 00010EE3]	Clutter\Nightingale\NightingaleBlock01.nif
Skyrim.esm	ACTI	00094C87	TG08BExploreScene02SetupTrigger		
Skyrim.esm	ACTI	0008F1FE	TG08EarthquakeDustEffects		Markers\Marker_LinkMarker.nif
Skyrim.esm	ACTI	000BCF26	TG08Water1024		Water\Water1024Anim.nif
Skyrim.esm	ACTI	0003B973	TG09BlackPool		Clutter\BlackPool\BlackPoolChamber\NocturnalsChamber01.nif
Skyrim.esm	ACTI	0001A2E4	TG09BlackPoolTrigger		
Skyrim.esm	ACTI	00106A68	TGDummyLedger	[String 00011691]	Clutter\Quest\TGRBusinessLedger.nif
Skyrim.esm	ACTI	000905E3	TGRCandlestickActivator	[String 00008325]	Clutter\Quest\TGGoldenCandleStickStatic01.nif
Skyrim.esm	ACTI	000905D1	TGRDrinkingHornActivator	[String 0000539E]	Clutter\Quest\TGDrinkingHornStatic.nif
Skyrim.esm	ACTI	0007D67B	TGTQ04SummersetBanner	[String 0000E34D]	Clutter\Banners\TGTQ04BannerBurnFX.nif
Skyrim.esm	ACTI	0004A047	TrapBoneAlarmHorizontal		Traps\BoneAlarm01\TrapBoneAlarmHavok01.nif
Skyrim.esm	ACTI	000799B7	TrapBoneAlarmVertical		Traps\BoneAlarm02\TrapBoneAlarmBHavok.nif
Skyrim.esm	ACTI	0007507D	TrapDweFlamePillar01		Traps\DweFirePillar\TrapDweFirePillar01.nif
Skyrim.esm	ACTI	00079923	TrapFallingRockLg01		Traps\FallingRocks\TrapFallingRockLg01.nif
Skyrim.esm	ACTI	00074C8B	TrapFallingRockLg01_Rock		Traps\FallingRocks\TrapFallingRockLg01.nif
Skyrim.esm	ACTI	000887F3	TrapFallingRocksDust	[String 0000F068]	Markers\Marker_LinkMarker.nif
Skyrim.esm	ACTI	00079922	TrapFallingRockSm01		Traps\FallingRocks\TrapFallingRockSm01.nif
Skyrim.esm	ACTI	000F39BF	TrapFallingRockSm01_CaveGBoulder		Traps\FallingRocks\TrapFallingRockSm01.nif
Skyrim.esm	ACTI	00074C8C	TrapFallingRockSm01_Rock		Traps\FallingRocks\TrapFallingRockSm01.nif
Skyrim.esm	ACTI	000951B2	TrapGenericSteamTypeTest		Markers\FireWeaponMarker.nif
Skyrim.esm	ACTI	00079986	TrapLinker	[String 0000B850]	Markers\Marker_LinkMarker.nif
Skyrim.esm	ACTI	00070B9B	TrapNorFirePlate01		Traps\PressurePlateFire\NorTrapFirePlate01.nif
Skyrim.esm	ACTI	00070B9C	TrapNorFirePlateSafe01		Traps\PressurePlateFire\NorTrapFirePlateSafe01.nif
Skyrim.esm	ACTI	00104559	TrapNorPlatformStairs01Stone		Traps\NorPlatformTrap\TrapNorPlatformStairs01.nif
Skyrim.esm	ACTI	000862CC	TrapOilPool01		Traps\OilTrapPuddle01\OilTrapPuddle01.nif
Skyrim.esm	ACTI	0006FBEF	TrapPressurePlateDwe01		Traps\PressurePlateDwe\TrapPressurePlateDwe01.nif
Skyrim.esm	ACTI	0006F8EC	TrapPressurePlateMetal01		Traps\PressurePlateMetal\TrapPressurePlateMetal01.nif
Skyrim.esm	ACTI	0006D2E3	TrapPressurePlateSkyhaven01		Traps\SkyPressurePlate01\TrapPressurePlateSkyhaven01.nif
Skyrim.esm	ACTI	0006D2F2	TrapPressurePlateSkyhaven02		Traps\SkyPressurePlate02\TrapPressurePlateSkyhaven02.nif
Skyrim.esm	ACTI	0006D2F5	TrapPressurePlateSkyhaven03		Traps\SkyPressurePlate03\TrapPressurePlateSkyhaven03.nif
Skyrim.esm	ACTI	0006D2F6	TrapPressurePlateSkyhaven04		Traps\SkyPressurePlate04\TrapPressurePlateSkyhaven04.nif
Skyrim.esm	ACTI	0006D358	TrapPressurePlateSkyhaven05		Traps\SkyPressurePlate05\TrapPressurePlateSkyhaven05.nif
Skyrim.esm	ACTI	0007901B	TrapRiggedRockFall01		Traps\RiggedRockFall\RiggedRockFall01.nif
Skyrim.esm	ACTI	000877FF	TrapRiggedRockFall01FX		Traps\FallingRocks\RiggedRockFall01FX.nif
Skyrim.esm	ACTI	0007A886	TrapSkullRam01		Traps\SkullRam\TrapSkullRam01.nif
Skyrim.esm	ACTI	00069E4B	TrapStoneButton	[String 0000ACBC]	Traps\PressurePlate\TrapStonePressurePlate01.nif
Skyrim.esm	ACTI	0001D9F9	TrapStonePressurePlate01		Traps\PressurePlate\TrapStonePressurePlate01.nif
Skyrim.esm	ACTI	0001A4BB	TrapStonePressurePlate02		Traps\PressurePlate\TrapStonePressurePlate02.nif
Skyrim.esm	ACTI	0007C274	TrapTriggerTimeInterval	[String 0000C6E9]	Markers\Marker_LinkMarker.nif
Skyrim.esm	ACTI	00073265	TrapWoodSpikeBed01		Traps\NorPlatformTrap\TrapWoodSpikeBed01.nif
Skyrim.esm	ACTI	000176AB	TundraStreamBend01WaterA		Water\TundraStreamBend01WaterA.nif
Skyrim.esm	ACTI	000176AE	TundraStreamBend01WaterB		Water\TundraStreamBend01WaterB.nif
Skyrim.esm	ACTI	0001608E	TundraStreamStraight01WaterA		Water\TundraStreamStraight01WaterA.nif
Skyrim.esm	ACTI	000176A9	TundraStreamStraight01WaterB		Water\TundraStreamStraight01WaterB.nif
Skyrim.esm	ACTI	000EC19E	UnderforgeTotem1	[String 000108B5]	Clutter\WerewolfTotems\Bonewand.nif
Skyrim.esm	ACTI	000EC1A1	UnderforgeTotem2	[String 000105AF]	Clutter\WerewolfTotems\Drum.nif
Skyrim.esm	ACTI	000EC1A2	UnderforgeTotem3	[String 00010BB5]	Clutter\WerewolfTotems\WerewolfSkull.nif
Skyrim.esm	ACTI	00093930	VolskyggeNorPullBar01	[String 0000D221]	Dungeons\Nordic\Levers\PullBar\NorPullBar01.nif
Skyrim.esm	ACTI	00093936	VolskyggeNorPullBar02	[String 0000ADD5]	Dungeons\Nordic\Levers\PullBar\NorPullBar01.nif
Skyrim.esm	ACTI	00093957	VolskyggeNorPullBar03	[String 0000E519]	Dungeons\Nordic\Levers\PullBar\NorPullBar01.nif
Skyrim.esm	ACTI	00093958	VolskyggeNorPullBar04	[String 0000D652]	Dungeons\Nordic\Levers\PullBar\NorPullBar01.nif
Skyrim.esm	ACTI	000CB1C1	VolunruudLeftDoor		Dungeons\Nordic\Doors\Animated\MediumDoor\VolunruudLeftSwordDoor.nif
Skyrim.esm	ACTI	000CB1C2	VolunruudRightDoor		Dungeons\Nordic\Doors\Animated\MediumDoor\VolunruudRightAxeDoor.nif
Skyrim.esm	ACTI	0003AC83	Water1024		Water\Water1024.nif
Skyrim.esm	ACTI	000D19F4	Water1024_Blackreach		Water\Water1024.nif
Skyrim.esm	ACTI	00074EE9	Water1024ClearAnkleStill		Water\Water1024.nif
Skyrim.esm	ACTI	00015428	Water1024Creek		Water\Water1024.nif
Skyrim.esm	ACTI	0010AD2F	Water1024CreekFlow		Water\Water1024.nif
Skyrim.esm	ACTI	00106A21	Water1024CreekFlowSE		Water\Water1024.nif
Skyrim.esm	ACTI	00106A25	Water1024CreekFlowSW		Water\Water1024.nif
Skyrim.esm	ACTI	0010CAC9	Water1024Deepwood		Water\Water1024.nif
Skyrim.esm	ACTI	000CC7B8	Water1024DefaultIntAnkleStill		Water\Water1024.nif
Skyrim.esm	ACTI	000CC7B3	Water1024DefaultIntWaistStill		Water\Water1024.nif
Skyrim.esm	ACTI	0010CACD	Water1024DefaultNW		Water\Water1024.nif
Skyrim.esm	ACTI	000C1D44	Water1024Helgen		Water\Water1024.nif
Skyrim.esm	ACTI	0010CAC7	Water1024Marsh		Water\Water1024.nif
Skyrim.esm	ACTI	0010CAC4	Water1024MarshTransition		Water\Water1024.nif
Skyrim.esm	ACTI	00062A60	Water1024Murky		Water\Water1024.nif
Skyrim.esm	ACTI	0007E627	Water1024NoReflections		Water\Water1024.nif
Skyrim.esm	ACTI	000E41D6	Water1024NoReflectionsDeepWood		Water\Water1024.nif
Skyrim.esm	ACTI	001063A9	Water1024River		Water\Water1024.nif
Skyrim.esm	ACTI	000E717D	Water1024RiverFlowNE		Water\Water1024.nif
Skyrim.esm	ACTI	00107FC5	Water1024RiverFlowNW		Water\Water1024.nif
Skyrim.esm	ACTI	0010CAC1	Water1024RiverFlowSE		Water\Water1024.nif
Skyrim.esm	ACTI	000F4572	Water1024ShadowmeresPool		Water\Water1024.nif
Skyrim.esm	ACTI	0010CACB	Water1024SleepingTreeCamp		Water\Water1024.nif
Skyrim.esm	ACTI	000713C5	Water1024Volcanic		Water\Water1024.nif
Skyrim.esm	ACTI	00085FCC	Water1024WR		Water\Water1024.nif
Skyrim.esm	ACTI	000CC7B9	Water2048DefaultIntAnkleStill		Water\Water2048.nif
Skyrim.esm	ACTI	000CC7B5	Water2048DefaultIntWaistStill		Water\Water2048.nif
Skyrim.esm	ACTI	00106E56	Water2048KatariahWorld		Water\Water2048.nif
Skyrim.esm	ACTI	00108AFD	Water2048RiverFlowNE		Water\Water2048.nif
Skyrim.esm	ACTI	000CC7BA	Water2048x1024DefaultIntAnkleStill		Water\Water2048x1024.nif
Skyrim.esm	ACTI	000CC7B6	Water2048x1024DefaultIntWaistStill		Water\Water2048x1024.nif
Skyrim.esm	ACTI	00108B01	Water2048x1024RiverFlowSE		Water\Water2048x1024.nif
Skyrim.esm	ACTI	000FD0CB	Water512		Water\Water512x512.nif
Skyrim.esm	ACTI	000FD0CC	Water512DefaultIntAnkleStill		Water\Water512x512.nif
Skyrim.esm	ACTI	000FD0CD	Water512DefaultIntWaistStill		Water\Water512x512.nif
Skyrim.esm	ACTI	00041B4D	WaterCreekDeepInterior01		Water\WaterCreekDeep01.nif
Skyrim.esm	ACTI	0009727E	WaterPuddle		Water\WaterPuddle01.nif
Skyrim.esm	ACTI	000FD0D7	WaterPuddleDefaultIntAnkleStill		Water\WaterPuddle01.nif
Skyrim.esm	ACTI	000FE091	WaterPuddleFlow		Water\WaterPuddle01.nif
Skyrim.esm	ACTI	000FD0DC	WaterPuddleLiteFog		Water\WaterPuddle01.nif
Skyrim.esm	ACTI	0010DE14	WaterPuddleLongDefailtIntAnkleStill		Water\WaterPuddleLong.nif
Skyrim.esm	ACTI	0010DE15	WaterPuddleLongFlow		Water\WaterPuddleLong.nif
Skyrim.esm	ACTI	0006ABC1	WeaponRackActivateOLD	[String 00001DAB]	Markers\Misc\InvisibleCollision01.nif
Skyrim.esm	ACTI	000E49BA	WeaponRackCOALeft		Clutter\WeaponRack\WRPlaqueLeft01.nif
Skyrim.esm	ACTI	000E49BB	WeaponRackCOALeftACTIVATOR		Clutter\WeaponRack\WRPlaqueLeftTrigger01.nif
Skyrim.esm	ACTI	000E49C9	WeaponRackCOALeftACTIVATORPlayerHouse	[String 0000497F]	Clutter\WeaponRack\WRPlaqueLeftTrigger01.nif
Skyrim.esm	ACTI	000E49C8	WeaponRackCOALeftPlayerHouse		Clutter\WeaponRack\WRPlaqueLeft01.nif
Skyrim.esm	ACTI	0007400D	WeaponRackCOAMid		Clutter\WeaponRack\WRPlaqueShield01.nif
Skyrim.esm	ACTI	0007400C	WeaponRackCOAMidACTIVATOR		Clutter\WeaponRack\WRPlaqueShieldTrigger01.nif
Skyrim.esm	ACTI	000E49CB	WeaponRackCOAMidACTIVATORPlayerHouse	[String 000002FC]	Clutter\WeaponRack\WRPlaqueShieldTrigger01.nif
Skyrim.esm	ACTI	000E49CA	WeaponRackCOAMidPlayerHouse		Clutter\WeaponRack\WRPlaqueShield01.nif
Skyrim.esm	ACTI	000E49BC	WeaponRackCOARight		Clutter\WeaponRack\WRPlaqueRight01.nif
Skyrim.esm	ACTI	000E49BD	WeaponRackCOARightACTIVATOR		Clutter\WeaponRack\WRPlaqueRightTrigger01.nif
Skyrim.esm	ACTI	000E49CD	WeaponRackCOARightACTIVATORPlayerHouse	[String 0000E033]	Clutter\WeaponRack\WRPlaqueRightTrigger01.nif
Skyrim.esm	ACTI	000E49CC	WeaponRackCOARightPlayerHouse		Clutter\WeaponRack\WRPlaqueRight01.nif
Skyrim.esm	ACTI	000D5081	WeaponRackDaggerDisplayACTIVATORPlayerHouse	[String 00010C03]	Clutter\WeaponRack\WRDaggerCaseTrigger01.nif
Skyrim.esm	ACTI	000D505B	WeaponRackDaggerDisplayPlayerHouse		Clutter\WeaponRack\WRDaggerCase01.nif
Skyrim.esm	ACTI	000E946D	WeaponRackDisplayACTIVATORPlayerHouse	[String 0001007B]	Clutter\WeaponRack\WRDisplayCaseTrigger01.nif
Skyrim.esm	ACTI	000E946E	WeaponRackDisplayPlayerHouse		Clutter\WeaponRack\WRDisplayCase01.nif
Skyrim.esm	ACTI	0008AF5B	WeaponRackMid		Clutter\WeaponRack\WRSingle01.nif
Skyrim.esm	ACTI	0008AF59	WeaponRackMidACTIVATOR		Clutter\WeaponRack\WRSingleTrigger02.nif
Skyrim.esm	ACTI	0006A4A4	WeaponRackMidACTIVATORPlayerHouse	[String 0000180C]	Clutter\WeaponRack\WRSingleTrigger01.nif
Skyrim.esm	ACTI	0006A4A3	WeaponRackMidPlayerHouse		Clutter\WeaponRack\WRSingle01.nif
Skyrim.esm	ACTI	00084CF2	WeaponRackPlaque		Clutter\WeaponRack\WRPlaque01.nif
Skyrim.esm	ACTI	00084CF1	WeaponRackPlaqueACTIVATOR		Clutter\WeaponRack\WRPlaqueTrigger01.nif
Skyrim.esm	ACTI	000DB2A2	WeaponRackPlaqueACTIVATORPlayerHouse	[String 00004EC3]	Clutter\WeaponRack\WRPlaqueTrigger01.nif
Skyrim.esm	ACTI	001019BC	WeaponRackPlaqueNor		Clutter\WeaponRack\WRPlaque01.nif
Skyrim.esm	ACTI	000DB2A3	WeaponRackPlaquePlayerHouse		Clutter\WeaponRack\WRPlaque01.nif
Skyrim.esm	ACTI	0006ABBD	WeaponRackTriggerOLD	[String 0000E779]	Clutter\WeaponRack\WRSingle01.nif
Skyrim.esm	ACTI	0004A607	WETempActivator	[String 0000E6A5]	Dungeons\Nordic\Doors\TempPortStone01.nif
Skyrim.esm	ACTI	00092A2F	WhiterunBanneredMareSceneTrigger		
Skyrim.esm	ACTI	00092B26	WhiterunStablesSceneTrigger		
Skyrim.esm	ACTI	0010EB2A	wispCore	[String 00012487]	Clutter\Ingredients\WispCrystal01.nif
Skyrim.esm	ACTI	00100754	WordWallHighHrothgarBrokenOld		Dungeons\Nordic\Chambers\WordWallHighHrothgarBroken.nif
Skyrim.esm	ACTI	00069E4F	WRinteractiveBookshelf	[String 00009A83]	Architecture\WhiteRun\WRInteriors\WRWallShelf01.nif
Skyrim.esm	ACTI	0010E97D	WRStairsWater01River01ACT		Architecture\WhiteRun\WREffects\WRStairsWater01River01.nif
Skyrim.esm	ACTI	00052740	WRTreeCircleWater01ACT		Architecture\WhiteRun\WRTerrain\WRTreeCircleWater01.nif
Skyrim.esm	ACTI	0010963B	WRUFCistern01BasinBlood01		Architecture\WhiteRun\WRInteriors\WRSkyForgeUnderForge\WRUFCistern01BasinBlood01.nif
Skyrim.esm	ACTI	00085FC9	WRWaterPool01		Architecture\WhiteRun\WRTerrain\WRWaterPool01.nif
Skyrim.esm	BOOK	0010F776	AtrFrgDaedricRecipe00	[String 00012527]	Clutter\Books\Note02.nif
Skyrim.esm	BOOK	0010F777	AtrFrgDaedricRecipe01	[String 00012586]	Clutter\Books\Note02.nif
Skyrim.esm	BOOK	0010F778	AtrFrgDaedricRecipe02	[String 00012564]	Clutter\Books\Note02.nif
Skyrim.esm	BOOK	0010F779	AtrFrgDaedricRecipe03	[String 00012526]	Clutter\Books\Note02.nif
Skyrim.esm	BOOK	0010F77A	AtrFrgDaedricRecipe04	[String 0001257B]	Clutter\Books\Note02.nif
Skyrim.esm	BOOK	0010F77B	AtrFrgDaedricRecipe05	[String 00012534]	Clutter\Books\Note02.nif
Skyrim.esm	BOOK	0010F77C	AtrFrgDaedricRecipe06	[String 00012542]	Clutter\Books\Note02.nif
Skyrim.esm	BOOK	0010F77D	AtrFrgDaedricRecipe07	[String 00012573]	Clutter\Books\Note02.nif
Skyrim.esm	BOOK	0010F77E	AtrFrgDaedricRecipe08	[String 0001251A]	Clutter\Books\Note02.nif
Skyrim.esm	BOOK	0010F77F	AtrFrgDaedricRecipe09	[String 00012548]	Clutter\Books\Note02.nif
Skyrim.esm	BOOK	0010F780	AtrFrgDaedricRecipe10	[String 0001255A]	Clutter\Books\Note02.nif
Skyrim.esm	BOOK	0010F781	AtrFrgDaedricRecipe11	[String 0001252C]	Clutter\Books\Note02.nif
Skyrim.esm	BOOK	0010F782	AtrFrgDaedricRecipe12	[String 0001257A]	Clutter\Books\Note02.nif
Skyrim.esm	BOOK	0010F783	AtrFrgDaedricRecipe13	[String 0001251C]	Clutter\Books\Note02.nif
Skyrim.esm	BOOK	0010F784	AtrFrgDaedricRecipe14	[String 00012535]	Clutter\Books\Note02.nif
Skyrim.esm	BOOK	0010F785	AtrFrgDaedricRecipe15	[String 00012581]	Clutter\Books\Note02.nif
Skyrim.esm	BOOK	0010F786	AtrFrgDaedricRecipe16	[String 0001252D]	Clutter\Books\Note02.nif
Skyrim.esm	BOOK	0010F766	AtrFrgRecipe00	[String 0001254B]	Clutter\Books\Note02.nif
Skyrim.esm	BOOK	0010F769	AtrFrgRecipe01	[String 00012550]	Clutter\Books\Note02.nif
Skyrim.esm	BOOK	0010F76A	AtrFrgRecipe02	[String 0001254A]	Clutter\Books\Note02.nif
Skyrim.esm	BOOK	0010F76B	AtrFrgRecipe03	[String 00012567]	Clutter\Books\Note02.nif
Skyrim.esm	BOOK	0010F76C	AtrFrgRecipe04	[String 00012578]	Clutter\Books\Note02.nif
Skyrim.esm	BOOK	0010F76D	AtrFrgRecipe05	[String 00012568]	Clutter\Books\Note02.nif
Skyrim.esm	BOOK	0010F76E	AtrFrgRecipe06	[String 0001256C]	Clutter\Books\Note02.nif
Skyrim.esm	BOOK	0010F76F	AtrFrgRecipe07	[String 00012585]	Clutter\Books\Note02.nif
Skyrim.esm	BOOK	0010F770	AtrFrgRecipe08	[String 00012536]	Clutter\Books\Note02.nif
Skyrim.esm	BOOK	0010F771	AtrFrgRecipe12	[String 00012582]	Clutter\Books\Note02.nif
Skyrim.esm	BOOK	0010F772	AtrFrgRecipe13	[String 0001257F]	Clutter\Books\Note02.nif
Skyrim.esm	BOOK	0010F773	AtrFrgRecipe14	[String 00012521]	Clutter\Books\Note02.nif
Skyrim.esm	BOOK	0010F774	AtrFrgRecipe15	[String 00012529]	Clutter\Books\Note02.nif
Skyrim.esm	BOOK	0010F775	AtrFrgRecipe16	[String 0001257E]	Clutter\Books\Note02.nif
Skyrim.esm	BOOK	0001B00C	Book02920v7	[String 0000587E]	Clutter\Books\BasicBook01.nif
Skyrim.esm	BOOK	0001AFF3	Book0AhzirrTraajijazeri	[String 0000CBE9]	Clutter\Books\BasicBook03.nif
Skyrim.esm	BOOK	0001AFD7	Book0ArgonianAccountBook1	[String 00007FA3]	Clutter\Books\BasicBook04.nif
Skyrim.esm	BOOK	0001AFFC	Book0ArgonianAccountBook3	[String 0000E10E]	Clutter\Books\BasicBook04.nif
Skyrim.esm	BOOK	0001AFC2	Book0BlackArrowV1	[String 00009E05]	Clutter\Books\BasicBook04a.nif
Skyrim.esm	BOOK	0001AFC0	Book0DanceInFireV1	[String 00003993]	Clutter\Books\BasicBook05.nif
Skyrim.esm	BOOK	0001AFD4	Book0DanceInFireV3	[String 0000CB27]	Clutter\Books\BasicBook05.nif
Skyrim.esm	BOOK	0001AFC1	Book0DanceInFireV4	[String 0000FCF6]	Clutter\Books\BasicBook05.nif
Skyrim.esm	BOOK	0001AFF1	Book0ImmortalBlood	[String 00007A72]	Clutter\Books\BasicBook05a.nif
Skyrim.esm	BOOK	0001AFC3	Book0MysteryOfTalaraV1	[String 00008B09]	Clutter\Books\BasicBook03a.nif
Skyrim.esm	BOOK	000ED039	Book0NightingalesFactOrFiction	[String 00010801]	Clutter\Books\BasicBook05a.nif
Skyrim.esm	BOOK	0001AFFE	Book0PallaV1	[String 0000F819]	Clutter\Books\BasicBook06.nif
Skyrim.esm	BOOK	0001AFD3	Book0RansomOfZarek	[String 00003B42]	Clutter\Books\BasicBook06a.nif
Skyrim.esm	BOOK	000F84A1	Book0Shadowmarks	[String 00010CAB]	Clutter\Books\BasicBook05a.nif
Skyrim.esm	BOOK	0001AFF2	Book0WolfQueenV2	[String 00009B36]	Clutter\Books\Book02LowPoly02.nif
Skyrim.esm	BOOK	0001AFFB	Book0WolfQueenV3	[String 00000C2E]	Clutter\Books\Book02LowPoly02.nif
Skyrim.esm	BOOK	0001B00B	Book0WolfQueenV4	[String 0000B428]	Clutter\Books\Book02LowPoly02.nif
Skyrim.esm	BOOK	0001B024	Book0WolfQueenV5	[String 00006A18]	Clutter\Books\Book02LowPoly02.nif
Skyrim.esm	BOOK	0001B026	Book0WolfQueenV7	[String 0000CAB0]	Clutter\Books\Book02LowPoly02.nif
Skyrim.esm	BOOK	0001ACB5	Book1CheapBiographyofBarenziahvI	[String 0000C4CE]	Clutter\Books\Book02LowPoly.nif
Skyrim.esm	BOOK	0001ACB6	Book1CheapBiographyofBarenziahvII	[String 0000F5E5]	Clutter\Books\Book02LowPoly.nif
Skyrim.esm	BOOK	0001ACB7	Book1CheapBiographyofBarenziahvIII	[String 000053BD]	Clutter\Books\Book02LowPoly.nif
Skyrim.esm	BOOK	0001ACB9	Book1CheapBriefHistoryoftheEmpirev1	[String 0000A716]	Clutter\Books\BasicBook01.nif
Skyrim.esm	BOOK	0001ACBA	Book1CheapBriefHistoryoftheEmpirev2	[String 00000CB8]	Clutter\Books\BasicBook01.nif
Skyrim.esm	BOOK	0001ACBB	Book1CheapBriefHistoryoftheEmpirev3	[String 00000C7A]	Clutter\Books\BasicBook01.nif
Skyrim.esm	BOOK	0001ACBC	Book1CheapBriefHistoryoftheEmpirev4	[String 00004D62]	Clutter\Books\BasicBook01.nif
Skyrim.esm	BOOK	000EDD35	Book1CheapCombatTips	[String 0001077F]	Clutter\Books\Book02LowPoly02.nif
Skyrim.esm	BOOK	000ED604	Book1CheapHorkers	[String 00010AB8]	Clutter\Books\BasicBook03.nif
Skyrim.esm	BOOK	000EF53E	Book1CheapKolbAndTheDragon	[String 00010827]	Clutter\Books\BasicBook06.nif
Skyrim.esm	BOOK	000ED030	Book1CheapNineHolds	[String 00010C6D]	Clutter\Books\BasicBook03.nif
Skyrim.esm	BOOK	000ED161	Book1CheapNordsArise	[String 0001079E]	Clutter\Books\BasicBook03.nif
Skyrim.esm	BOOK	000EB090	Book1CheapOlafAndTheDragon	[String 00010C1E]	Clutter\Books\BasicBook03.nif
Skyrim.esm	BOOK	0001ACC6	Book1CheapReportDisasterIonith	[String 0000129D]	Clutter\Books\Book02LowPoly02.nif
Skyrim.esm	BOOK	0001ACB8	Book1CheapSheogorathMyths	[String 000002B3]	Clutter\Books\Book02LowPoly.nif
Skyrim.esm	BOOK	0007EBC2	Book1CheapTheCityofStone	[String 000070E9]	Clutter\Books\Book02LowPoly02.nif
Skyrim.esm	BOOK	0007EBC9	Book1CheapTheCodeofMalacath	[String 0000127E]	Clutter\Books\Book02LowPoly02.nif
Skyrim.esm	BOOK	0001B274	Book1CheapTheYellowBookofRiddles	[String 00001068]	Clutter\Books\BasicBook06.nif
Skyrim.esm	BOOK	0009F267	Book1CheapUncommonTaste	[String 000015F9]	Clutter\Books\BasicBook03a.nif
Skyrim.esm	BOOK	000ED02E	Book1CheapWhiterun	[String 0001077D]	Clutter\Books\BasicBook03.nif
Skyrim.esm	BOOK	000EA5B0	Book2CommonAlduinEntAkatosh	[String 0000FFC6]	Clutter\Books\Book02LowPoly02.nif
Skyrim.esm	BOOK	000F1AB3	Book2CommonAMinorMaze	[String 000105FE]	Clutter\Books\BasicBook06.nif
Skyrim.esm	BOOK	0001B22F	Book2CommonAntecedentsofDwemerLaw	[String 00005167]	Clutter\Books\Book02LowPoly02.nif
Skyrim.esm	BOOK	0001ACC7	Book2CommonBeggarPrince	[String 0000696F]	Clutter\Books\BasicBook05a.nif
Skyrim.esm	BOOK	0001ACC8	Book2CommonBookofDaedra	[String 0000A832]	Clutter\Books\Book02LowPoly.nif
Skyrim.esm	BOOK	0007EB9E	Book2CommonButcherofMarkarth	[String 00004A4C]	Clutter\Books\Book02LowPoly02.nif
Skyrim.esm	BOOK	000EF638	Book2CommonCabinInTheWoods	[String 000109AD]	Clutter\Books\BasicBook03.nif
Skyrim.esm	BOOK	0001B262	Book2CommonCakeandTheDiamond	[String 000000A9]	Clutter\Books\BasicBook03.nif
Skyrim.esm	BOOK	000ED605	Book2CommonCatsOfSkyrim	[String 000104F9]	Clutter\Books\BasicBook03.nif
Skyrim.esm	BOOK	0001B237	Book2CommonChancesFolly	[String 0000B0B4]	Clutter\Books\BasicBook06.nif
Skyrim.esm	BOOK	0001ACC9	Book2CommonDarkestDarkness	[String 0000B1B8]	Clutter\Books\Book02LowPoly02.nif
Skyrim.esm	BOOK	000ED02F	Book2CommonDreamOfSovngarde	[String 000106D4]	Clutter\Books\BasicBook03.nif
Skyrim.esm	BOOK	000E2FC5	Book2CommonDunmerOfSkyrim	[String 00007904]	Clutter\Books\BasicBook07.nif
Skyrim.esm	BOOK	000E7F31	book2CommonDwarvenArchitectureVolI	[String 0000DC70]	Clutter\Books\Book02LowPoly.nif
Skyrim.esm	BOOK	000E7F33	book2CommonDwarvenArchitectureVolII	[String 0000B084]	Clutter\Books\Book02LowPoly.nif
Skyrim.esm	BOOK	000E7F34	book2CommonDwarvenArchitectureVolIII	[String 0000798F]	Clutter\Books\Book02LowPoly.nif
Skyrim.esm	BOOK	00083B38	Book2CommonExplorersGuideToSkyrim	[String 0000EEF4]	Clutter\Books\BasicBook04a.nif
Skyrim.esm	BOOK	000ED033	Book2CommonFallFromGlory	[String 0001071B]	Clutter\Books\BasicBook07.nif
Skyrim.esm	BOOK	0001ACD3	Book2CommonFirstHoldRevolt	[String 0000CD4A]	Clutter\Books\BasicBook03a.nif
Skyrim.esm	BOOK	000B64B1	Book2CommonFjoriAndHolgeir	[String 00006BCD]	Clutter\Books\BasicBook01.nif
Skyrim.esm	BOOK	0001ACCB	Book2CommonFrontierConquest	[String 0000E28F]	Clutter\Books\BasicBook05.nif
Skyrim.esm	BOOK	000ED603	Book2CommonFrostbiteSpiderVenom	[String 00010C3E]	Clutter\Books\BasicBook03.nif
Skyrim.esm	BOOK	0001ACCD	Book2CommonGalerionTheMystic	[String 00001C4C]	Clutter\Books\BasicBook06.nif
Skyrim.esm	BOOK	000ED607	Book2CommonGiantsAndMammoths	[String 00010C3D]	Clutter\Books\BasicBook03.nif
Skyrim.esm	BOOK	000F456D	Book2CommonGreatWar	[String 00010669]	Clutter\Books\Book02LowPoly02.nif
Skyrim.esm	BOOK	000ED60B	Book2CommonHagravens	[String 000106E2]	Clutter\Books\BasicBook03.nif
Skyrim.esm	BOOK	000C1771	Book2CommonLegendofRedEagle	[String 000037F6]	Clutter\Books\BasicBook03.nif
Skyrim.esm	BOOK	0007EB03	Book2CommonMadmenoftheReach	[String 000092FF]	Clutter\Books\Book02LowPoly02.nif
Skyrim.esm	BOOK	0001ACD1	Book2CommonManualMixedUnitTactics	[String 0000E237]	Clutter\Books\BasicBook01.nif
Skyrim.esm	BOOK	0001ACD4	Book2CommonMysteriousAkavir	[String 0000B601]	Clutter\Books\BasicBook07.nif
Skyrim.esm	BOOK	000E0D66	Book2CommonNordsOfSkyrim	[String 0000C65E]	Clutter\Books\BasicBook06.nif
Skyrim.esm	BOOK	00037DEA	Book2CommonOblivionCrisis	[String 0000A460]	Clutter\Books\BasicBook06.nif
Skyrim.esm	BOOK	000D6F0B	Book2CommonOnIceWraiths	[String 0000118A]	Clutter\Books\BasicBook06.nif
Skyrim.esm	BOOK	0001ACD5	Book2CommonOverviewofGodsandWorship	[String 0000CB23]	Clutter\Books\BasicBook03.nif
Skyrim.esm	BOOK	0003010A	Book2CommonPensionOfAncestorMoth	[String 0000CC8A]	Clutter\Books\BasicBook04.nif
Skyrim.esm	BOOK	000E7EF0	Book2CommonPirateKing	[String 000095E4]	Clutter\Books\Book02LowPoly.nif
Skyrim.esm	BOOK	0001ACD6	Book2CommonRealBarenziahV1	[String 00002D9C]	Clutter\Books\Book02LowPoly.nif
Skyrim.esm	BOOK	0001ACD7	Book2CommonRealBarenziahV2	[String 0000388A]	Clutter\Books\Book02LowPoly.nif
Skyrim.esm	BOOK	0001ACD8	Book2CommonRealBarenziahV3	[String 0000B8B5]	Clutter\Books\Book02LowPoly.nif
Skyrim.esm	BOOK	0001ACD9	Book2CommonRealBarenziahV4	[String 00004774]	Clutter\Books\Book02LowPoly.nif
Skyrim.esm	BOOK	0001ACDA	Book2CommonRealBarenziahV5	[String 00009961]	Clutter\Books\Book02LowPoly.nif
Skyrim.esm	BOOK	000ED035	Book2CommonRiftenOfCrossedDaggers	[String 00010C63]	Clutter\Books\BasicBook05.nif
Skyrim.esm	BOOK	000ED5F4	Book2CommonRisingThreatV1	[String 00010ABB]	Clutter\Books\Book02LowPoly02.nif
Skyrim.esm	BOOK	000ED5F5	Book2CommonRisingThreatV2	[String 000105E9]	Clutter\Books\Book02LowPoly02.nif
Skyrim.esm	BOOK	000ED5F6	Book2CommonRisingThreatV3	[String 00010AAE]	Clutter\Books\Book02LowPoly02.nif
Skyrim.esm	BOOK	000ED5F7	Book2CommonRisingThreatV4	[String 00010826]	Clutter\Books\Book02LowPoly02.nif
Skyrim.esm	BOOK	0001ACDB	Book2CommonRuinsofKemelZe	[String 00004582]	Clutter\Books\BasicBook06.nif
Skyrim.esm	BOOK	000ED03B	Book2CommonScourgeoftheGrayQuarter	[String 0001074F]	Clutter\Books\Book02LowPoly02.nif
Skyrim.esm	BOOK	0001ACDC	Book2CommonShortLifeUrielSeptim	[String 00007B4C]	Clutter\Books\Book02LowPoly.nif
Skyrim.esm	BOOK	000ED061	Book2CommonSolitude	[String 00010B52]	Clutter\Books\Book02LowPoly02.nif
Skyrim.esm	BOOK	000E7F37	book2CommonSongAskeldeMen	[String 0000FB54]	Clutter\Books\BasicBook01.nif
Skyrim.esm	BOOK	000ED03D	Book2CommonSongOfReturnV19	[String 0001088A]	Clutter\Books\Book02LowPoly02.nif
Skyrim.esm	BOOK	000ED046	Book2CommonSongOfReturnV2	[String 0001093E]	Clutter\Books\Book02LowPoly02.nif
Skyrim.esm	BOOK	000ED044	Book2CommonSongOfReturnV56	[String 00010A50]	Clutter\Books\Book02LowPoly02.nif
Skyrim.esm	BOOK	000ED045	Book2CommonSongOfReturnV7	[String 00010A8E]	Clutter\Books\Book02LowPoly02.nif
Skyrim.esm	BOOK	0001B25E	Book2CommonTheArcturianHeresy	[String 00008592]	Clutter\Books\Book02LowPoly02.nif
Skyrim.esm	BOOK	0001ACD2	Book2CommonTheFirmament	[String 0000E07A]	Clutter\Books\BasicBook05a.nif
Skyrim.esm	BOOK	0001B26A	Book2CommonTheHopeoftheRedoran	[String 0000466A]	Clutter\Books\BasicBook03a.nif
Skyrim.esm	BOOK	00083B3B	Book2CommonTheWispmother	[String 0000EAF3]	Clutter\Books\BasicBook03a.nif
Skyrim.esm	BOOK	0001ACDD	Book2CommonThiefOfVirtue	[String 0000C7B6]	Clutter\Books\BasicBook07.nif
Skyrim.esm	BOOK	000ED04F	Book2CommonThirdEra	[String 00010C53]	Clutter\Books\Book02LowPoly.nif
Skyrim.esm	BOOK	000ED606	Book2CommonTrollSlaying	[String 00010768]	Clutter\Books\BasicBook03.nif
Skyrim.esm	BOOK	0001B27A	Book2CommonVernaccusandBourlor	[String 0000D3FD]	Clutter\Books\Book02LowPoly02.nif
Skyrim.esm	BOOK	0001AFBA	Book2CommonWabbajack	[String 0000AE40]	Clutter\Books\BasicBook04a.nif
Skyrim.esm	BOOK	000ED63F	Book2CommonWatcherofStones	[String 000105E5]	Clutter\Books\BasicBook03.nif
Skyrim.esm	BOOK	000ED03C	Book2CommonWindhelmLetters	[String 00010A91]	Clutter\Books\Book02LowPoly02.nif
Skyrim.esm	BOOK	000ED601	Book2CommonWoodcuttersWife	[String 00010C76]	Clutter\Books\BasicBook03.nif
Skyrim.esm	BOOK	0002A563	Book2CommonYngolLore	[String 0000C669]	Clutter\Books\BasicBook06.nif
Skyrim.esm	BOOK	0001B22C	Book2ReligiousAedraandDaedra	[String 0000D67A]	Clutter\Books\Book02LowPoly.nif
Skyrim.esm	BOOK	000A0322	Book2ReligiousAKissSweetMother	[String 00008663]	Clutter\Books\Book02LowPoly.nif
Skyrim.esm	BOOK	000ED04B	Book2ReligiousAlduinAkatoshDichotomy	[String 000108E5]	Clutter\Books\Book02LowPoly.nif
Skyrim.esm	BOOK	0001B22D	Book2ReligiousAncestorsandtheDunmer	[String 0000FB81]	Clutter\Books\BasicBook03.nif
Skyrim.esm	BOOK	0001ACDF	Book2ReligiousChildrensAnuad	[String 0000F046]	Clutter\Books\BasicBook05.nif
Skyrim.esm	BOOK	0001AF8A	Book2ReligiousSongofPelinalV1	[String 0000AC26]	Clutter\Books\BasicBook04a.nif
Skyrim.esm	BOOK	0001AF8B	Book2ReligiousSongofPelinalV2	[String 000090E6]	Clutter\Books\BasicBook04a.nif
Skyrim.esm	BOOK	0001AF8C	Book2ReligiousSongofPelinalV3	[String 0000F886]	Clutter\Books\BasicBook04a.nif
Skyrim.esm	BOOK	0001AF8D	Book2ReligiousSongofPelinalV4	[String 0000C9F0]	Clutter\Books\BasicBook04a.nif
Skyrim.esm	BOOK	0001AF8E	Book2ReligiousSongofPelinalV5	[String 0000CD9E]	Clutter\Books\BasicBook04a.nif
Skyrim.esm	BOOK	0001AF8F	Book2ReligiousSongofPelinalV6	[String 000042DD]	Clutter\Books\BasicBook04a.nif
Skyrim.esm	BOOK	0001AF90	Book2ReligiousSongofPelinalV7	[String 0000EB4A]	Clutter\Books\BasicBook04a.nif
Skyrim.esm	BOOK	0001AF91	Book2ReligiousSongofPelinalV8	[String 0000774E]	Clutter\Books\BasicBook04a.nif
Skyrim.esm	BOOK	0001B25A	Book2ReligiousSpiritofNirn	[String 0000253D]	Clutter\Books\BasicBook01.nif
Skyrim.esm	BOOK	000ED04D	Book2ReligiousTalosWorship	[String 00010AFB]	Clutter\Books\Book02LowPoly.nif
Skyrim.esm	BOOK	0001ACE1	Book2ReligiousTheAmuletofKings	[String 00002BA2]	Clutter\Books\Book02LowPoly.nif
Skyrim.esm	BOOK	0001B26E	Book2ReligiousTheMonomyth	[String 0000B8EB]	Clutter\Books\BasicBook06.nif
Skyrim.esm	BOOK	0001ACE2	Book2ReligiousTrialsofStAlessia	[String 0000C1C8]	Clutter\Books\BasicBook05a.nif
Skyrim.esm	BOOK	0001ACE3	Book3Valuable2920v11a	[String 0000FB50]	Clutter\Books\BasicBook07.nif
Skyrim.esm	BOOK	0001ACE4	Book3Valuable2920v12a	[String 0000225B]	Clutter\Books\BasicBook03a.nif
Skyrim.esm	BOOK	0001ACE5	Book3Valuable2920v3a	[String 0000930C]	Clutter\Books\BasicBook01.nif
Skyrim.esm	BOOK	000ED03F	Book3ValuableAmongstTheDraugr	[String 00010597]	Clutter\Books\Book02LowPoly02.nif
Skyrim.esm	BOOK	0001ACE7	Book3ValuableArgonianAccountBook2	[String 000037A7]	Clutter\Books\Book02LowPoly02.nif
Skyrim.esm	BOOK	0001ACE8	Book3ValuableArgonianAccountBook4	[String 0000BDF1]	Clutter\Books\BasicBook04.nif
Skyrim.esm	BOOK	0001B22B	Book3ValuableAShortHistoryofMorrowind	[String 0000F125]	Clutter\Books\BasicBook05.nif
Skyrim.esm	BOOK	0001ACE9	Book3ValuableAzuraandtheBox	[String 0000C301]	Clutter\Books\Book02LowPoly.nif
Skyrim.esm	BOOK	000F4530	Book3ValuableBlades	[String 00010891]	Clutter\Books\BasicBook06.nif
Skyrim.esm	BOOK	0001B238	Book3ValuableCharwichKoniingeLettersBookI	[String 00006E7F]	Clutter\Books\BasicBook05.nif
Skyrim.esm	BOOK	0001B239	Book3ValuableCharwichKoniingeLettersBookII	[String 00005CFF]	Clutter\Books\BasicBook05.nif
Skyrim.esm	BOOK	0001B23A	Book3ValuableCharwichKoniingeLettersBookIII	[String 0000071D]	Clutter\Books\BasicBook05.nif
Skyrim.esm	BOOK	000ED032	Book3ValuableChaurusPie	[String 00010813]	Clutter\Books\BasicBook03.nif
Skyrim.esm	BOOK	000ED040	Book3ValuableDeathOfAWanderer	[String 00010C12]	Clutter\Books\Book02LowPoly02.nif
Skyrim.esm	BOOK	000F86FE	Book3ValuableDragonborn	[String 00010DD2]	Clutter\Books\BookSkyrim.nif
Skyrim.esm	BOOK	000EF2C0	Book3ValuableDragonLanguage	[String 00010B65]	Clutter\Books\BasicBook06.nif
Skyrim.esm	BOOK	000ED60C	Book3ValuableDwarvenAutomatons	[String 000107B7]	Clutter\Books\BasicBook03.nif
Skyrim.esm	BOOK	00083168	Book3ValuableDwarvesI	[String 0000E7DA]	Clutter\Books\BasicBook06.nif
Skyrim.esm	BOOK	00083169	Book3ValuableDwarvesII	[String 0000DE97]	Clutter\Books\BasicBook06.nif
Skyrim.esm	BOOK	0008316A	Book3ValuableDwarvesIII	[String 00001057]	Clutter\Books\BasicBook06.nif
Skyrim.esm	BOOK	0001ACEA	Book3ValuableDwemerHistory	[String 00004B89]	Clutter\Books\BasicBook05.nif
Skyrim.esm	BOOK	000E0D68	Book3ValuableFalmer	[String 0000F90D]	Clutter\Books\BasicBook06.nif
Skyrim.esm	BOOK	0001ACEB	Book3ValuableFeyfolkenI	[String 00007F18]	Clutter\Books\BasicBook04.nif
Skyrim.esm	BOOK	0001ACEC	Book3ValuableFeyfolkenII	[String 0000D7A8]	Clutter\Books\BasicBook06a.nif
Skyrim.esm	BOOK	0001ACED	Book3ValuableFeyfolkenIII	[String 00003610]	Clutter\Books\BasicBook05.nif
Skyrim.esm	BOOK	0001B267	Book3ValuableFinalLesson	[String 0000D7FF]	Clutter\Books\BasicBook03a.nif
Skyrim.esm	BOOK	000E3E69	Book3ValuableForgeHammerAndAnvil	[String 0000BA1F]	Clutter\Books\BasicBook07a.nif
Skyrim.esm	BOOK	000ED031	Book3ValuableGhostsInTheStorm	[String 0001060B]	Clutter\Books\BasicBook03.nif
Skyrim.esm	BOOK	000EDA8E	Book3ValuableGreatCollapse	[String 00010C38]	Clutter\Books\BasicBook05a.nif
Skyrim.esm	BOOK	000ED047	Book3ValuableGreatHarbingers	[String 000105EE]	Clutter\Books\Book02LowPoly02.nif
Skyrim.esm	BOOK	000ED608	Book3ValuableLostLegends	[String 00010AD5]	Clutter\Books\BasicBook03.nif
Skyrim.esm	BOOK	0001ACEF	Book3ValuableLustyArgonianMaidVol01	[String 0000EE7A]	Clutter\Books\BasicBook07.nif
Skyrim.esm	BOOK	000F699D	Book3ValuableLustyArgonianMaidVol02	[String 00010C4F]	Clutter\Books\BasicBook07.nif
Skyrim.esm	BOOK	0001ACF0	Book3ValuableMadnessofPelagius	[String 00000E32]	Clutter\Books\BasicBook04.nif
Skyrim.esm	BOOK	0001ACF1	Book3ValuableMagicFromTheSky	[String 00003579]	Clutter\Books\BasicBook06.nif
Skyrim.esm	BOOK	0001ACF3	Book3ValuableOnOblivion	[String 0000E567]	Clutter\Books\Book02LowPoly02.nif
Skyrim.esm	BOOK	0001AF40	Book3ValuableOpusculusLamae	[String 0000C836]	Clutter\Books\BasicBook05.nif
Skyrim.esm	BOOK	0001ACF4	Book3ValuablePallav2a	[String 0000B9C8]	Clutter\Books\BasicBook01.nif
Skyrim.esm	BOOK	000ED041	Book3ValuablePhysicalitiesOfWerewolves	[String 00010B59]	Clutter\Books\Book02LowPoly02.nif
Skyrim.esm	BOOK	0001ACF5	Book3ValuablePrincessTalaraV5	[String 0000FDA5]	Clutter\Books\BasicBook06a.nif
Skyrim.esm	BOOK	000EDA90	Book3ValuableSaarthalNotes	[String 00010A12]	Clutter\Books\BasicBook07.nif
Skyrim.esm	BOOK	0001AF93	Book3ValuableShezarr	[String 00007591]	Clutter\Books\BasicBook05.nif
Skyrim.esm	BOOK	000ED04C	Book3ValuableSkyrimRuleOutsiderView	[String 0001068F]	Clutter\Books\Book02LowPoly02.nif
Skyrim.esm	BOOK	0001ACF7	Book3ValuableSnowPrince	[String 00001171]	Clutter\Books\BasicBook03a.nif
Skyrim.esm	BOOK	000ED062	Book3ValuableSongsOfSkyrim	[String 00010C25]	Clutter\Books\Book02LowPoly.nif
Skyrim.esm	BOOK	000F11D5	Book3ValuableSongsOfSkyrimRevised	[String 000105E7]	Clutter\Books\Book02LowPoly.nif
Skyrim.esm	BOOK	000E2FC6	Book3ValuableSovngardeReexamination	[String 0000A4FB]	Clutter\Books\BasicBook04a.nif
Skyrim.esm	BOOK	000ED037	Book3ValuableSteppingLightly	[String 00010896]	Clutter\Books\BasicBook01.nif
Skyrim.esm	BOOK	000F03E3	Book3ValuableTaleOfDroZira	[String 0001074E]	Clutter\Books\BasicBook04a.nif
Skyrim.esm	BOOK	000ED04E	Book3ValuableThalmor	[String 000107F7]	Clutter\Books\BasicBook06.nif
Skyrim.esm	BOOK	000EDA8F	Book3ValuableTheApprentice	[String 00010AA2]	Clutter\Books\BasicBook04.nif
Skyrim.esm	BOOK	0001ACF2	Book3ValuableTheDowry	[String 000092CB]	Clutter\Books\BasicBook06.nif
Skyrim.esm	BOOK	0001AFCA	Book3ValuableTheDragonBreak	[String 0000F031]	Clutter\Books\BasicBook05a.nif
Skyrim.esm	BOOK	000EDDD5	Book3ValuableTheDragonWar	[String 00010C6C]	Clutter\Books\BasicBook06.nif
Skyrim.esm	BOOK	000ED5F8	Book3ValuableThereBeDragons	[String 00010906]	Clutter\Books\BasicBook06.nif
Skyrim.esm	BOOK	0001ACFA	Book3ValuableTheSeed	[String 00006CBB]	Clutter\Books\Book02LowPoly.nif
Skyrim.esm	BOOK	0001ACFB	Book3ValuableTheThirdDoor	[String 0000F753]	Clutter\Books\BasicBook01.nif
Skyrim.esm	BOOK	0001B273	Book3ValuableTheWraithsWeddingDowry	[String 0000D012]	Clutter\Books\BasicBook05.nif
Skyrim.esm	BOOK	0001ACFC	Book3ValuableVarietiesofDaedra	[String 00004EF6]	Clutter\Books\BasicBook06a.nif
Skyrim.esm	BOOK	0001ACFD	Book3ValuableWolfQueenV8	[String 0000085E]	Clutter\Books\BasicBook03a.nif
Skyrim.esm	BOOK	0001B27D	Book3ValuableWordsofClanMotherAhnissi	[String 000004C8]	Clutter\Books\BasicBook07a.nif
Skyrim.esm	BOOK	000ED03A	Book4RareAccountingOfTheElderScrolls	[String 00010C5D]	Clutter\Books\Book02LowPoly02.nif
Skyrim.esm	BOOK	0001AF94	Book4RareAdabala	[String 00000536]	Clutter\Books\BasicBook06.nif
Skyrim.esm	BOOK	0001B006	Book4RareADanceInFireV5	[String 0000169A]	Clutter\Books\BasicBook04a.nif
Skyrim.esm	BOOK	0001B22E	Book4RareAncientTalesoftheDwemerPartVI	[String 00003EC2]	Clutter\Books\BasicBook07.nif
Skyrim.esm	BOOK	0001ACFE	Book4RareArcanaRestored	[String 0000EF06]	Clutter\Books\Book02LowPoly02.nif
Skyrim.esm	BOOK	0001B233	Book4RareBoethiahsGlory	[String 0000A7DA]	Clutter\Books\BasicBook01.nif
Skyrim.esm	BOOK	0001ACFF	Book4RareBrothersofDarkness	[String 00002DF5]	Clutter\Books\BasicBook06a.nif
Skyrim.esm	BOOK	0001B23B	Book4RareCharwichKoniingeLettersBookIV	[String 00007668]	Clutter\Books\BasicBook04.nif
Skyrim.esm	BOOK	0001AD03	Book4RareChildrenoftheSky	[String 0000138C]	Clutter\Books\BasicBook04a.nif
Skyrim.esm	BOOK	0001B23C	Book4RareChroniclesofNchuleft	[String 00008358]	Clutter\Books\BasicBook07.nif
Skyrim.esm	BOOK	0001AD04	Book4RareCleansingoftheFane	[String 00004592]	Clutter\Books\BasicBook05.nif
Skyrim.esm	BOOK	0003010B	Book4RareEffectsOfTheElderScrolls	[String 0000EFEE]	Clutter\Books\BasicBook05.nif
Skyrim.esm	BOOK	0001AD05	Book4RareFiveSongsofKingWulfharth	[String 0000E660]	Clutter\Books\BasicBook05.nif
Skyrim.esm	BOOK	0001AD06	Book4RareFragmentOnArtaeum	[String 00003517]	Clutter\Books\BasicBook07a.nif
Skyrim.esm	BOOK	0001AD07	Book4RareGloriesAndLaments	[String 0000D06A]	Clutter\Books\BasicBook06.nif
Skyrim.esm	BOOK	0001AD08	Book4RareHangingGardens	[String 0000FD29]	Clutter\Books\Book02LowPoly.nif
Skyrim.esm	BOOK	0001B245	Book4RareInvocationofAzura	[String 0000E900]	Clutter\Books\BasicBook03.nif
Skyrim.esm	BOOK	0001AD09	Book4RareLastKingOfAyleids	[String 000022B4]	Clutter\Books\BasicBook07a.nif
Skyrim.esm	BOOK	0001AD0A	Book4RareLegendaryScourge	[String 0000FAD9]	Clutter\Books\BasicBook03a.nif
Skyrim.esm	BOOK	000ED042	Book4RareLycanthropicLegendsOfSkyrim	[String 000109B4]	Clutter\Books\Book02LowPoly02.nif
Skyrim.esm	BOOK	0001ADB4	Book4RareNefarivigumLore	[String 0000C202]	Clutter\Books\BasicBook03.nif
Skyrim.esm	BOOK	0001AD0D	Book4RareNerevarMoonandStar	[String 00009461]	Clutter\Books\BasicBook07.nif
Skyrim.esm	BOOK	0001AD0E	Book4RareNGastaKvataKvakis	[String 000020E5]	Clutter\Books\BasicBook05a.nif
Skyrim.esm	BOOK	000E0D67	Book4RareNightMother	[String 0000FCAC]	Clutter\Books\Book02LowPoly02.nif
Skyrim.esm	BOOK	0001AD0F	Book4RareOldWays	[String 000090FF]	Clutter\Books\BasicBook07a.nif
Skyrim.esm	BOOK	0001AD11	Book4RarePigChildren	[String 00008C02]	Clutter\Books\BasicBook05.nif
Skyrim.esm	BOOK	0001AD12	Book4RarePostingoftheHunt	[String 00002ACA]	Clutter\Books\BasicBook01.nif
Skyrim.esm	BOOK	0001AD13	Book4RareRedBookofRiddles	[String 000040BF]	Clutter\Books\BasicBook06a.nif
Skyrim.esm	BOOK	0001AD14	Book4RareSancreTor	[String 0000A0E7]	Clutter\Books\BasicBook04.nif
Skyrim.esm	BOOK	0001AFB1	Book4RareSixteenAccordsofMadnessV12	[String 00007C19]	Clutter\Books\BasicBook06.nif
Skyrim.esm	BOOK	0001AFB2	Book4RareSixteenAccordsofMadnessV6	[String 0000D049]	Clutter\Books\BasicBook06.nif
Skyrim.esm	BOOK	0001AFB3	Book4RareSixteenAccordsofMadnessV9	[String 00007FCD]	Clutter\Books\BasicBook06.nif
Skyrim.esm	BOOK	000ED048	Book4RareSongOfReturnV24	[String 00010859]	Clutter\Books\Book02LowPoly02.nif
Skyrim.esm	BOOK	0001AD0C	Book4RareSoulsBlackAndWhite	[String 00008987]	Clutter\Books\BasicBook01.nif
Skyrim.esm	BOOK	0001AD15	Book4RareSpiritoftheDaedra	[String 0000DDDD]	Clutter\Books\BasicBook03a.nif
Skyrim.esm	BOOK	0001B01E	Book4RareTheWolfQueenV6	[String 00008400]	Clutter\Books\Book02LowPoly.nif
Skyrim.esm	BOOK	0001AD16	Book4RareTrueNatureofOrcs	[String 00007952]	Clutter\Books\BasicBook07.nif
Skyrim.esm	BOOK	0001B272	Book4RareWaroftheFirstCouncil	[String 00008A56]	Clutter\Books\BasicBook04a.nif
Skyrim.esm	BOOK	0001AD17	Book4RareWatersofOblivion	[String 00006F03]	Clutter\Books\BasicBook07a.nif
Skyrim.esm	BOOK	0001AD18	Book4RareWildElves	[String 00001D5C]	Clutter\Books\BasicBook06a.nif
Skyrim.esm	BOOK	00095129	BQ01BountyLetter	[String 00000FCF]	Clutter\Books\Note01.nif
Skyrim.esm	BOOK	000BD780	BQ02BountyLetter	[String 0000B84C]	Clutter\Books\Note01.nif
Skyrim.esm	BOOK	000BD791	BQ03BountyLetter	[String 0000889F]	Clutter\Books\Note01.nif
Skyrim.esm	BOOK	000CBA9B	BQ04BountyLetter	[String 000025CF]	Clutter\Books\Note01.nif
Skyrim.esm	BOOK	000F6841	C06KodlaksJournal	[String 00010934]	Clutter\Books\JournalLowPoly01.nif
Skyrim.esm	BOOK	000F683F	CR12TotemsOfHircine	[String 000108D6]	Clutter\Books\Book02LowPoly02.nif
Skyrim.esm	BOOK	000F6840	CR12TotemsOfHircineAbbr	[String 0001050E]	Clutter\Books\Book02LowPoly02.nif
Skyrim.esm	BOOK	0008B471	CWFortGreenwallNoteFood01	[String 0000CB32]	Clutter\Books\Note02.nif
Skyrim.esm	BOOK	0008ACCD	CWFortGreenwallNoteTraitor01	[String 0000CB58]	Clutter\Books\Note04.nif
Skyrim.esm	BOOK	0008AA45	CWFortGreymoorNoteAgnis01	[String 000060C5]	Clutter\Books\Note03.nif
Skyrim.esm	BOOK	0008AA46	CWFortGreymoorNoteAgnis02	[String 000056FE]	Clutter\Books\Note02.nif
Skyrim.esm	BOOK	0008ACCC	CWFortGreymoorNoteArchery01	[String 0000583A]	Clutter\Books\Note03.nif
Skyrim.esm	BOOK	00050502	CWMission07EvidenceLetter	[String 00000112]	Clutter\Books\Note04.nif
Skyrim.esm	BOOK	000E0BA1	CWMission07EvidenceRiften	[String 0000096B]	Clutter\Books\Note04.nif
Skyrim.esm	BOOK	000504EF	CWMission07InformantLetterImperial	[String 00008121]	Clutter\Books\Note01.nif
Skyrim.esm	BOOK	000504EE	CWMission07InformantLetterSons	[String 000075FE]	Clutter\Books\Note02.nif
Skyrim.esm	BOOK	00028ADC	DA01GrislyGrimoire	[String 00004828]	Clutter\Books\Book02DA01LowPoly.nif
Skyrim.esm	BOOK	00032E72	DA02BookBoethiahsProving	[String 00007606]	Clutter\Books\BookDA02.nif
Skyrim.esm	BOOK	0002D513	DA04ElderScroll	[String 0000D564]	Clutter\ElderScroll\ElderScrollUnfurled.nif
Skyrim.esm	BOOK	00048782	DA04ElderScrollFurled	[String 0000C21F]	Clutter\ElderScroll\ElderScrollFurled.nif
Skyrim.esm	BOOK	0001A332	DA04OghmaInfinium	[String 000042F5]	Clutter\Books\Book02OhgmaLowPoly.nif
Skyrim.esm	BOOK	00026D85	DA04PuzzleJournal	[String 0000ABDC]	Clutter\Books\JournalLowPoly02.nif
Skyrim.esm	BOOK	00032785	DA04RuminationsOnElderScrolls	[String 000051E4]	Clutter\Books\BasicBook04a.nif
Skyrim.esm	BOOK	000F6842	DA04SeptimusLetter	[String 000107B5]	Clutter\Books\Note01.nif
Skyrim.esm	BOOK	00086EF8	DA07BookMythicDawnCommentariesV1	[String 0000BBC9]	Clutter\Books\Book02DA07LowPoly.nif
Skyrim.esm	BOOK	00086EF9	DA07BookMythicDawnCommentariesV2	[String 0000232C]	Clutter\Books\Book02DA07LowPoly.nif
Skyrim.esm	BOOK	00086EFA	DA07BookMythicDawnCommentariesV3	[String 0000C12E]	Clutter\Books\Book02DA07LowPoly.nif
Skyrim.esm	BOOK	00086EFB	DA07BookMythicDawnCommentariesV4	[String 00000BE7]	Clutter\Books\Book02DA07LowPoly.nif
Skyrim.esm	BOOK	000973AC	DA07KeepersoftheRazorNotes	[String 00007E48]	Clutter\Books\JournalLowPoly03.nif
Skyrim.esm	BOOK	00094D8B	DA07MythicDawnMuseumPamphlet	[String 0000233D]	Clutter\Books\Note01.nif
Skyrim.esm	BOOK	000F6843	DA08EbonyBladeHistory	[String 00010C6B]	Clutter\Books\JournalLowPoly01.nif
Skyrim.esm	BOOK	00045F94	DA13AfflictedJournal01	[String 0000B35A]	Clutter\Books\Note01.nif
Skyrim.esm	BOOK	000E7F39	DA13AfflictedLetter	[String 0000BCA3]	Clutter\Books\JournalLowPoly01.nif
Skyrim.esm	BOOK	000F798C	DA14SamNote	[String 00010DBF]	Clutter\Books\Note03.nif
Skyrim.esm	BOOK	0009DE3D	DA16TorporBook	[String 000053DF]	Clutter\Books\BookDA16LowPoly.nif
Skyrim.esm	BOOK	000D2B09	DB003TovaLetter	[String 0000AD97]	Clutter\Books\Note04.nif
Skyrim.esm	BOOK	000CADEC	DB01AventusLetter	[String 0000F495]	Clutter\Books\Note04.nif
Skyrim.esm	BOOK	0005B49E	DB04aLetterofCredit	[String 00001EF4]	Clutter\Books\Note03.nif
Skyrim.esm	BOOK	0005BF2E	DB04aSealedLetter	[String 0000DADD]	Clutter\Books\Note03.nif
Skyrim.esm	BOOK	000749B5	DB06IncriminatingLetter	[String 0000A25A]	Clutter\Books\Note01.nif
Skyrim.esm	BOOK	000CC86A	DB06MaroDadLetter	[String 000089CA]	Clutter\Books\Note01.nif
Skyrim.esm	BOOK	00015475	DB06Schedule	[String 000019BA]	Clutter\Books\Note01.nif
Skyrim.esm	BOOK	00019514	DB07Journal	[String 0000DA68]	Clutter\Books\JournalLowPoly01.nif
Skyrim.esm	BOOK	0006851B	DB08Cookbook	[String 0000D395]	Clutter\Books\BasicBook01.nif
Skyrim.esm	BOOK	0003BEB6	DB08IdentityPapers	[String 0000E1BB]	Clutter\Books\Note01.nif
Skyrim.esm	BOOK	0009DABE	DBCiceroJournal01	[String 0000924C]	Clutter\Books\JournalLowPoly03.nif
Skyrim.esm	BOOK	0009DAC1	DBCiceroJournal02	[String 0000EDA5]	Clutter\Books\JournalLowPoly02.nif
Skyrim.esm	BOOK	0009DAC4	DBCiceroJournal03	[String 0000777C]	Clutter\Books\JournalLowPoly01.nif
Skyrim.esm	BOOK	0009DAC5	DBCiceroJournal04	[String 00007EAB]	Clutter\Books\JournalLowPoly01.nif
Skyrim.esm	BOOK	0005224A	DBEntranceLetter	[String 00009931]	Clutter\Books\Note01.nif
Skyrim.esm	BOOK	000F23BA	DBGastonLetter	[String 00010C51]	Clutter\Books\Note01.nif
Skyrim.esm	BOOK	000C2BE4	DBHandPrintNote	[String 00006187]	Clutter\Books\Note01.nif
Skyrim.esm	BOOK	000DB0C9	DefaultBookShelfBookMarker		Clutter\DummyItems\DummyBook02.nif
Skyrim.esm	BOOK	000D7866	DummyBook		Clutter\DummyItems\DummyBook02.nif
Skyrim.esm	BOOK	000E94DF	dunAbandonedPrisonNote01	[String 0000FF8B]	Clutter\Books\Note01.nif
Skyrim.esm	BOOK	000E94F1	dunAbandonedPrisonNote02	[String 0001008E]	Clutter\Books\Note01.nif
Skyrim.esm	BOOK	0006A80D	dunAlftandDwemerStudy01	[String 00005E06]	Clutter\Books\BasicBook07.nif
Skyrim.esm	BOOK	0008ACD0	dunAlftandEndrastsJournal01	[String 0000FB61]	Clutter\Books\JournalLowPoly03.nif
Skyrim.esm	BOOK	0008ACD2	dunAlftandJournalSulla01	[String 00005E53]	Clutter\Books\JournalLowPoly03.nif
Skyrim.esm	BOOK	000F0417	dunAlftandJournalUmana01	[String 000107C6]	Clutter\Books\JournalLowPoly03.nif
Skyrim.esm	BOOK	000F03E5	dunAlftandJzharJournal01	[String 00010B6E]	Clutter\Books\JournalLowPoly03.nif
Skyrim.esm	BOOK	0008ACD1	dunAlftandManifestJournal01	[String 0000DCD3]	Clutter\Books\JournalLowPoly03.nif
Skyrim.esm	BOOK	000B716A	dunAngarvundeJournal01	[String 0000CDED]	Clutter\Books\JournalLowPoly02.nif
Skyrim.esm	BOOK	0009020C	dunAnsilvundLetter01	[String 0000E0CD]	Clutter\Books\Note02.nif
Skyrim.esm	BOOK	00090213	dunAnsilvundLetter04	[String 0000CB56]	Clutter\Books\JournalLowPoly01.nif
Skyrim.esm	BOOK	000C3B1A	dunBleakFallsBarrowNote01	[String 00007FEB]	Clutter\Books\Note03.nif
Skyrim.esm	BOOK	00083AF6	dunBloatedManWrit	[String 0000E639]	Clutter\Books\Note03.nif
Skyrim.esm	BOOK	000BABB4	dunBrokenOarHargarJournal	[String 0000C82B]	Clutter\Books\JournalLowPoly01.nif
Skyrim.esm	BOOK	00074ADF	dunChillwindDepthsNote	[String 0000D8C4]	Clutter\Books\NoteTornPaper.nif
Skyrim.esm	BOOK	0005B9C9	dunCidhnaMineNote	[String 00007E9B]	Clutter\Books\Note03.nif
Skyrim.esm	BOOK	000A4CE2	dunDeepwoodNote01	[String 00007143]	Clutter\Books\Note01.nif
Skyrim.esm	BOOK	00083B0B	dunDeepwoodNote02	[String 00007779]	Clutter\Books\Note01.nif
Skyrim.esm	BOOK	000B6D60	dunEmbershardTatteredJournal	[String 00003C35]	Clutter\Books\JournalLowPoly01.nif
Skyrim.esm	BOOK	000951AE	dunFaldarsToothCookJournal	[String 0000C0A3]	Clutter\Books\JournalLowPoly03.nif
Skyrim.esm	BOOK	00085FE2	dunFolgunthurJournal1	[String 0000369F]	Clutter\Books\JournalLowPoly01.nif
Skyrim.esm	BOOK	00085FE3	dunFolgunthurJournal2	[String 00009E4F]	Clutter\Books\JournalLowPoly01.nif
Skyrim.esm	BOOK	0006DF90	dunForelhostAlchemistNote01	[String 00006CAF]	Clutter\Books\Note01.nif
Skyrim.esm	BOOK	0006DF94	dunForelhostAlchemistNote02	[String 000006E0]	Clutter\Books\Note02.nif
Skyrim.esm	BOOK	0006F63C	dunForelhostDeathNote01	[String 00003B35]	Clutter\Books\Note03.nif
Skyrim.esm	BOOK	0006DFAC	dunForelhostGardenNote01	[String 000056CE]	Clutter\Books\Note04.nif
Skyrim.esm	BOOK	00093CF6	dunForelhostGrifterNote	[String 0000AE62]	Clutter\Books\Note02.nif
Skyrim.esm	BOOK	0007E5B8	dunForelhostJournal	[String 000069B8]	Clutter\Books\JournalLowPoly02.nif
Skyrim.esm	BOOK	0006DFAF	dunForelhostPoisonNote01	[String 000084A7]	Clutter\Books\Note01.nif
Skyrim.esm	BOOK	00083B05	dunFortSnowhawkNoteImp	[String 000038A6]	Clutter\Books\Note02.nif
Skyrim.esm	BOOK	00083B04	dunFortSnowhawkNoteSons	[String 0000E22E]	Clutter\Books\Note03.nif
Skyrim.esm	BOOK	00083B08	dunFortSnowhawkNoteWarlock	[String 0000E25C]	Clutter\Books\Note02.nif
Skyrim.esm	BOOK	00048160	dunFrostflowAbyssJournal	[String 00005F19]	Clutter\Books\JournalLowPoly03.nif
Skyrim.esm	BOOK	000D0969	dunFrostflowAbyssJournal02	[String 0000F720]	Clutter\Books\JournalLowPoly03.nif
Skyrim.esm	BOOK	000D3973	dunFrostflowAbyssJournal03	[String 0000DE96]	Clutter\Books\JournalLowPoly03.nif
Skyrim.esm	BOOK	0004811F	dunFrostflowAbyssNote	[String 00007E0A]	Clutter\Books\Note02.nif
Skyrim.esm	BOOK	000D0968	dunFrostflowAbyssNote02	[String 0000EB27]	Clutter\Books\Note03.nif
Skyrim.esm	BOOK	000D3979	dunFrostflowAbyssNote03	[String 00007506]	Clutter\Books\Note02.nif
Skyrim.esm	BOOK	000D397A	dunFrostflowAbyssNote04	[String 00006744]	Clutter\Books\Note01Blood.nif
Skyrim.esm	BOOK	000D07B2	dunFrostmereCryptBountyNote1	[String 0000D4EE]	Clutter\Books\Note01.nif
Skyrim.esm	BOOK	000D0BF6	dunFrostmereCryptEisaJournal	[String 0000F137]	Clutter\Books\JournalLowPoly03.nif
Skyrim.esm	BOOK	000D0032	dunFrostmereCryptEisaNote1	[String 0000E1B2]	Clutter\Books\NoteTornPaper.nif
Skyrim.esm	BOOK	000D0E4E	dunFrostmereCryptKyrJournal	[String 0000C6AF]	Clutter\Books\JournalLowPoly01.nif
Skyrim.esm	BOOK	000F1C18	dunGauldurSealJyrik	[String 00010AF2]	Clutter\Books\Note01.nif
Skyrim.esm	BOOK	000F1C17	dunGauldurSealMikrul	[String 000109ED]	Clutter\Books\Note01.nif
Skyrim.esm	BOOK	000F1C19	dunGauldurSealSigdis	[String 0001098F]	Clutter\Books\Note01.nif
Skyrim.esm	BOOK	000E7A33	dunGeirmundsEpitaphNote	[String 000058EF]	Clutter\Books\Note01.nif
Skyrim.esm	BOOK	00083AE8	dunHalldirsCairnJournal	[String 0000DA4D]	Clutter\Books\JournalLowPoly03.nif
Skyrim.esm	BOOK	0008E5DF	dunHarmugstahlJournal01	[String 0000C314]	Clutter\Books\JournalLowPoly01.nif
Skyrim.esm	BOOK	000B45F7	dunHighGateSpellTomeFlamingFamiliar	[String 0000E18A]	Clutter\Books\BasicBook07.nif
Skyrim.esm	BOOK	00019FEA	DunHillgrundsTombGolldirsLetter	[String 0000360E]	Clutter\Books\Note03.nif
Skyrim.esm	BOOK	000BC6FD	DunHillgrundsTombGolldirsLetter02	[String 0000B945]	Clutter\Books\Note02.nif
Skyrim.esm	BOOK	00019FEB	DunHillgrundsTombValsVeransLetter	[String 0000C660]	Clutter\Books\Note01.nif
Skyrim.esm	BOOK	00088FE2	dunIlinaltasDeepAdventurerJournal	[String 0000CD6D]	Clutter\Books\JournalLowPoly03.nif
Skyrim.esm	BOOK	000F0425	dunIrkngthandNote01	[String 000105F8]	Clutter\Books\Note01.nif
Skyrim.esm	BOOK	000E7F3C	dunIronbindLetterToBeemja	[String 0000A7DB]	Clutter\Books\Note01.nif
Skyrim.esm	BOOK	000E7F3B	dunIronbindLetterToSalma	[String 0000D3DD]	Clutter\Books\Note01.nif
Skyrim.esm	BOOK	000F98B4	dunLabyrinthianMaskClue	[String 00010CF8]	Clutter\Books\NoteTornPaper.nif
Skyrim.esm	BOOK	00108160	dunLabyrinthianMazeClue	[String 000118DA]	Clutter\Books\Note01.nif
Skyrim.esm	BOOK	000F4997	DunLabyrinthianSpellTomeEquilibrium	[String 00010919]	Clutter\Books\SpellTomeAlterationLowPoly.nif
Skyrim.esm	BOOK	0008F741	dunLostEchoCaveNote	[String 00002766]	Clutter\Books\BasicBook06.nif
Skyrim.esm	BOOK	00055549	dunLostProspectMineJournal	[String 00008D9D]	Clutter\Books\JournalLowPoly01.nif
Skyrim.esm	BOOK	00065C35	dunMarkarthWizard_LabJournal	[String 0000ECD7]	Clutter\Books\JournalLowPoly01.nif
Skyrim.esm	BOOK	0006CE1C	dunMiddenAtronachForgeBook	[String 0000E33F]	Clutter\Books\BasicBook03.nif
Skyrim.esm	BOOK	000D30C8	dunMiddenInvestigationBook	[String 0000F7CD]	Clutter\Books\JournalLowPoly01.nif
Skyrim.esm	BOOK	000DDEFB	dunMiddenTreasureMap	[String 0000584B]	Clutter\Books\Note01.nif
Skyrim.esm	BOOK	000C0136	dunMistwatchNote01	[String 00005EF0]	Clutter\Books\Note03.nif
Skyrim.esm	BOOK	000DB0D7	dunMzinchaleftGuardNote	[String 0000F297]	Clutter\Books\Note02.nif
Skyrim.esm	BOOK	0006BE25	dunMzinchaleftMalurilsJournal	[String 0000F704]	Clutter\Books\JournalLowPoly03.nif
Skyrim.esm	BOOK	00088FE8	dunMzinchaleftWorkOrder	[String 000086D1]	Clutter\Books\Note02.nif
Skyrim.esm	BOOK	000C370E	dunNchuandAlethiusNote	[String 000026DF]	Clutter\Books\Note03.nif
Skyrim.esm	BOOK	000C084B	dunNchuandZelErjBook	[String 00004995]	Clutter\Books\BasicBook03a.nif
Skyrim.esm	BOOK	0008E8FC	dunNchuandZelFinalBook	[String 0000CD25]	Clutter\Books\BasicBook01.nif
Skyrim.esm	BOOK	000C36EF	dunNchuandZelKragBook	[String 0000EEA2]	Clutter\Books\BasicBook05a.nif
Skyrim.esm	BOOK	00093846	dunNchuandZelStrommBook	[String 0000D45E]	Clutter\Books\BasicBook07.nif
Skyrim.esm	BOOK	00083B01	dunNeugradBanditJournal	[String 000050C0]	Clutter\Books\JournalLowPoly01.nif
Skyrim.esm	BOOK	00083AFD	dunNeugradNoteImp	[String 000080B5]	Clutter\Books\Note03.nif
Skyrim.esm	BOOK	00083AFF	dunNeugradNoteSons	[String 000077BC]	Clutter\Books\Note03.nif
Skyrim.esm	BOOK	00083AFB	dunOrotheimJournal	[String 00006A9E]	Clutter\Books\JournalLowPoly01.nif
Skyrim.esm	BOOK	00078561	dunPinewatchNote01	[String 0000AE07]	Clutter\Books\NoteTornPaper.nif
Skyrim.esm	BOOK	00078621	dunPinewatchNote02	[String 00004887]	Clutter\Books\Note01.nif
Skyrim.esm	BOOK	00037F87	dunPinewatchNote03	[String 00001D47]	Clutter\Books\Note01.nif
Skyrim.esm	BOOK	00037F89	dunPinewatchNote04	[String 0000BD4F]	Clutter\Books\Note02.nif
Skyrim.esm	BOOK	00037F8A	dunPinewatchNote05	[String 00001769]	Clutter\Books\Note01.nif
Skyrim.esm	BOOK	0003A523	DunPoiAlchemistsJournal	[String 0000EBFF]	Clutter\Books\JournalLowPoly02.nif
Skyrim.esm	BOOK	000D95E3	dunPOIChillwindJournal1	[String 0000F1D7]	Clutter\Books\JournalLowPoly01.nif
Skyrim.esm	BOOK	000DD125	dunPOIChillwindJournal2	[String 0000E805]	Clutter\Books\JournalLowPoly03.nif
Skyrim.esm	BOOK	0009793A	DUNPOIDragonAttackNote	[String 00008AAC]	Clutter\Books\Note02.nif
Skyrim.esm	BOOK	000CE5BD	dunPOIFallForestRyan01Journal	[String 0000E594]	Clutter\Books\JournalLowPoly02.nif
Skyrim.esm	BOOK	000D55D9	dunPOIforReviewDrew03Journal	[String 0000F3A9]	Clutter\Books\JournalLowPoly01.nif
Skyrim.esm	BOOK	000993FC	DunPoiHuntersJournal	[String 00001A5E]	Clutter\Books\JournalLowPoly03.nif
Skyrim.esm	BOOK	00097803	dunPOIPineForest21Note	[String 0000DDE9]	Clutter\Books\Note04.nif
Skyrim.esm	BOOK	0003A06F	dunPOIReachLoversJournal	[String 0000E8EF]	Clutter\Books\JournalLowPoly01.nif
Skyrim.esm	BOOK	00077536	dunPOIReachSwimmerJournal	[String 0000C5FB]	Clutter\Books\JournalLowPoly01.nif
Skyrim.esm	BOOK	00083AED	dunPOIShorsWatchTowerNoteImp	[String 00000772]	Clutter\Books\Note03.nif
Skyrim.esm	BOOK	00083AEF	dunPOIShorsWatchTowerNoteSons	[String 000029FA]	Clutter\Books\Note03.nif
Skyrim.esm	BOOK	0007F667	DunPOISlaughterFishermenJournal	[String 0000881C]	Clutter\Books\JournalLowPoly01.nif
Skyrim.esm	BOOK	000DD998	dunPOISmugglersDenNote	[String 00005A69]	Clutter\Books\Note02.nif
Skyrim.esm	BOOK	000DC198	dunPOITundraMarshDogJournal	[String 000087CD]	Clutter\Books\JournalLowPoly01.nif
Skyrim.esm	BOOK	000DD99C	dunPOITundraThalmorNote	[String 0000C884]	Clutter\Books\Note04.nif
Skyrim.esm	BOOK	000DC3AF	dunPOIVolcanicVampireJournal	[String 0000394D]	Clutter\Books\JournalLowPoly01.nif
Skyrim.esm	BOOK	000DDFB6	dunPOIWitchNote	[String 00005588]	Clutter\Books\NoteTornPaper.nif
Skyrim.esm	BOOK	000DB0C7	dunRagnvaldBook01	[String 000032B5]	Clutter\Books\BasicBook01.nif
Skyrim.esm	BOOK	000AD430	dunRannveigSildsJournal	[String 0000C444]	Clutter\Books\JournalLowPoly02.nif
Skyrim.esm	BOOK	000ED441	dunReachwaterRockEdict	[String 00010B56]	Clutter\Books\Note03.nif
Skyrim.esm	BOOK	000C2987	dunRedEagleRite	[String 00001733]	Clutter\Books\JournalLowPoly02.nif
Skyrim.esm	BOOK	00078DD2	dunRobbersGorgeJournal	[String 00008132]	Clutter\Books\JournalLowPoly01.nif
Skyrim.esm	BOOK	00083AE3	dunSerpentsBluffNote	[String 00004D60]	Clutter\Books\Note01.nif
Skyrim.esm	BOOK	000BB3D3	dunShipwreck04TriusNote	[String 0000E8F5]	Clutter\Books\Note03.nif
Skyrim.esm	BOOK	00063A0F	dunSilentMoonsLunarBook	[String 000017C3]	Clutter\Books\BasicBook04a.nif
Skyrim.esm	BOOK	000E1A9F	dunSleepingTreeCampNote01	[String 0000133D]	Clutter\Books\Note02.nif
Skyrim.esm	BOOK	00068253	dunSteamcragCampNote	[String 000009D3]	Clutter\Books\NoteTornPaper.nif
Skyrim.esm	BOOK	000F0422	dunTolvaldsCaveNote01	[String 00010A02]	Clutter\Books\JournalLowPoly03.nif
Skyrim.esm	BOOK	000F0424	dunTolvaldsCaveNote02	[String 00010526]	Clutter\Books\JournalLowPoly02.nif
Skyrim.esm	BOOK	000F0423	dunTolvaldsCaveNote03	[String 00010B17]	Clutter\Books\JournalLowPoly01.nif
Skyrim.esm	BOOK	000F54D4	dunTolvaldsCaveNote04	[String 00010B2A]	Clutter\Books\JournalLowPoly01.nif
Skyrim.esm	BOOK	000F33CD	dunTreasMapBrokenHelm	[String 000104F2]	Clutter\Books\Note01.nif
Skyrim.esm	BOOK	000F33D3	dunTreasMapDragonBridge	[String 00010766]	Clutter\Books\Note01.nif
Skyrim.esm	BOOK	000F33D2	dunTreasMapFortNeugrad	[String 00010C1B]	Clutter\Books\Note01.nif
Skyrim.esm	BOOK	000F33D5	dunTreasMapGallowsRock	[String 00010C30]	Clutter\Books\Note01.nif
Skyrim.esm	BOOK	000F33E0	dunTreasMapIlinaltasDeep	[String 0001063C]	Clutter\Books\Note01.nif
Skyrim.esm	BOOK	000F33D0	dunTreasMapKorvanjund	[String 00010637]	Clutter\Books\Note01.nif
Skyrim.esm	BOOK	000F33D4	dunTreasMapLostValleyRedoubt	[String 00010B5B]	Clutter\Books\Note01.nif
Skyrim.esm	BOOK	000EF07A	dunTreasMapRiverwood	[String 00010AF1]	Clutter\Books\Note01.nif
Skyrim.esm	BOOK	000F33CF	dunTreasMapSolLightHouse	[String 000108CE]	Clutter\Books\Note01.nif
Skyrim.esm	BOOK	000F33CE	dunTreasMapValtheim	[String 000105B8]	Clutter\Books\Note01.nif
Skyrim.esm	BOOK	000F33D1	dunTreasMapWhiterun	[String 0001050A]	Clutter\Books\Note01.nif
Skyrim.esm	BOOK	000B3165	dunTrevasSpellTomeSpectralArrow	[String 00008F01]	Clutter\Books\BasicBook06.nif
Skyrim.esm	BOOK	00068B5A	dunVolskyggePuzzleClue	[String 00001D75]	Clutter\Books\BasicBook05.nif
Skyrim.esm	BOOK	0008AD99	dunVolunruudGenealogistJournal	[String 0000AE8D]	Clutter\Books\JournalLowPoly01.nif
Skyrim.esm	BOOK	000E1640	dunWhiteRiverWatchBlankBook	[String 00003E0F]	Clutter\Books\BasicBook03a.nif
Skyrim.esm	BOOK	000E1647	dunWhiteRiverWatchHajvarrJournal	[String 0000FBB8]	Clutter\Books\JournalLowPoly03.nif
Skyrim.esm	BOOK	000E163F	dunWhiteRiverWatchNote	[String 0000E76C]	Clutter\Books\Note01.nif
Skyrim.esm	BOOK	000B6426	dunYngolBookPuzzleClue	[String 00008BF4]	Clutter\Books\BasicBook05.nif
Skyrim.esm	BOOK	00080D63	dunYngvildJournal01	[String 00005662]	Clutter\Books\JournalLowPoly02.nif
Skyrim.esm	BOOK	00080D64	dunYngvildJournal02	[String 00003950]	Clutter\Books\JournalLowPoly02.nif
Skyrim.esm	BOOK	00080D65	dunYngvildJournal03	[String 000050FE]	Clutter\Books\JournalLowPoly02.nif
Skyrim.esm	BOOK	00080D66	dunYngvildJournal04	[String 00001067]	Clutter\Books\JournalLowPoly02.nif
Skyrim.esm	BOOK	000403AF	FavorAdonatoBook	[String 00003D99]	Clutter\Books\BasicBook05.nif
Skyrim.esm	BOOK	00090E52	FavorAeriNote	[String 0000D64C]	Clutter\Books\Note03.nif
Skyrim.esm	BOOK	000940DD	FavorIdgrodNote	[String 00004A88]	Clutter\Books\Note03.nif
Skyrim.esm	BOOK	000D9399	FavorLodLetter	[String 00006A75]	Clutter\Books\Note03.nif
Skyrim.esm	BOOK	000705C3	FavorRunilJournal	[String 00010120]	Clutter\Books\JournalLowPoly02.nif
Skyrim.esm	BOOK	00069007	FavorSondasNote	[String 00006C4D]	Clutter\Books\Note03.nif
Skyrim.esm	BOOK	000D9B6B	FFI01WyndeliusJournal	[String 0000DCAF]	Clutter\Books\JournalLowPoly01.nif
Skyrim.esm	BOOK	000E82BE	FFRiften08BrandSheiBook	[String 00008635]	Clutter\Books\BasicBook01.nif
Skyrim.esm	BOOK	000557EC	FFRiften15Agreement	[String 000046D0]	Clutter\Books\Note01.nif
Skyrim.esm	BOOK	00085D4E	FFRiften20SkoomaNote	[String 00008CDB]	Clutter\Books\Note01.nif
Skyrim.esm	BOOK	00065BDA	FFRiften20SkoomaSourceNote	[String 000078CF]	Clutter\Books\Note01.nif
Skyrim.esm	BOOK	00053347	FFRiftenWarmthofMara	[String 00000A03]	Clutter\Books\Note01.nif
Skyrim.esm	BOOK	0005C846	FreeformRiverwood01LetterFaendal	[String 00001A84]	Clutter\Books\Note04.nif
Skyrim.esm	BOOK	0005C847	FreeformRiverwood01LetterSven	[String 0000F167]	Clutter\Books\Note04.nif
Skyrim.esm	BOOK	000931C2	FreeformSalviusFarmALetter	[String 0000844C]	Clutter\Books\Note02.nif
Skyrim.esm	BOOK	00064EB2	FreeformWinterholdCLetter	[String 0000E9B6]	Clutter\Books\Note03.nif
Skyrim.esm	BOOK	0005D2EA	FreeformWinterholdCollegeANotes	[String 00004F95]	Clutter\Books\Note03.nif
Skyrim.esm	BOOK	000F1445	HouseDecorateMarkarth	[String 000106C0]	Clutter\Books\BasicBook03.nif
Skyrim.esm	BOOK	000F11B7	HouseDecorateRiften	[String 0001090C]	Clutter\Books\BasicBook03.nif
Skyrim.esm	BOOK	000F1447	HouseDecorateSolitude	[String 000107B4]	Clutter\Books\BasicBook03.nif
Skyrim.esm	BOOK	000F11B6	HouseDecorateWhiterun	[String 000105DC]	Clutter\Books\BasicBook03.nif
Skyrim.esm	BOOK	000F1446	HouseDecorateWindhelm	[String 00010548]	Clutter\Books\BasicBook03.nif
Skyrim.esm	BOOK	000F6933	LetterHonningbrewMeadery01	[String 0001063D]	Clutter\Books\Note04.nif
Skyrim.esm	BOOK	000F68A6	LetterRiftenBeeandBarb01	[String 000107A2]	Clutter\Books\Note02.nif
Skyrim.esm	BOOK	000F68A7	LetterRiftenBeeandBarb02	[String 0001086D]	Clutter\Books\Note02.nif
Skyrim.esm	BOOK	000F6894	LetterRiftenBlackBriarBannedMare01	[String 0001097B]	Clutter\Books\Note03.nif
Skyrim.esm	BOOK	000F6893	LetterRiftenBlackBriarHouse01	[String 00010A3A]	Clutter\Books\Note03.nif
Skyrim.esm	BOOK	000F6895	LetterRiftenBlackBriarHouse02	[String 000108C0]	Clutter\Books\Note03.nif
Skyrim.esm	BOOK	000F6896	LetterRiftenBlackBriarHouse03	[String 00010BEA]	Clutter\Books\Note03.nif
Skyrim.esm	BOOK	000F6897	LetterRiftenBlackBriarHouse04	[String 00010588]	Clutter\Books\Note02.nif
Skyrim.esm	BOOK	000F68A0	LetterRiftenBlackBriarMeadery01	[String 00010B55]	Clutter\Books\Note04.nif
Skyrim.esm	BOOK	000F68A1	LetterRiftenBlackBriarMeadery02	[String 000106A9]	Clutter\Books\Note04.nif
Skyrim.esm	BOOK	000F68A2	LetterRiftenBlackBriarMeadery03	[String 00010923]	Clutter\Books\Note04.nif
Skyrim.esm	BOOK	000F68A3	LetterRiftenBlackBriarMeadery04	[String 00010B92]	Clutter\Books\Note03.nif
Skyrim.esm	BOOK	000F6898	LetterRiftenBolliHouse01	[String 0001080A]	Clutter\Books\Note02.nif
Skyrim.esm	BOOK	000F689F	LetterRiftenFishery01	[String 000105B9]	Clutter\Books\Note03.nif
Skyrim.esm	BOOK	000F689D	LetterRiftenHaelgasBunkhouse01	[String 00010C15]	Clutter\Books\Note03.nif
Skyrim.esm	BOOK	000F68AA	LetterRiftenKeep01	[String 00010888]	Clutter\Books\Note04.nif
Skyrim.esm	BOOK	000F68AB	LetterRiftenKeep02	[String 00010762]	Clutter\Books\Note04.nif
Skyrim.esm	BOOK	000F6899	LetterRiftenMercerFreyHouse01	[String 00010C2C]	Clutter\Books\Note02.nif
Skyrim.esm	BOOK	000F689A	LetterRiftenMercerFreyHouse02	[String 00010A2B]	Clutter\Books\Note01.nif
Skyrim.esm	BOOK	000F689B	LetterRiftenMercerFreyHouse03	[String 00010B34]	Clutter\Books\Note01.nif
Skyrim.esm	BOOK	000F689C	LetterRiftenMjollsHouse01	[String 00010A64]	Clutter\Books\Note03.nif
Skyrim.esm	BOOK	000F68A4	LetterRiftenPawnedPrawn01	[String 000108C3]	Clutter\Books\Note01.nif
Skyrim.esm	BOOK	000F6928	LetterRiftenRaggedFlagon01	[String 00010BB6]	Clutter\Books\Note02.nif
Skyrim.esm	BOOK	000F6929	LetterRiftenRaggedFlagon02	[String 00010BE4]	Clutter\Books\Note02.nif
Skyrim.esm	BOOK	000F692A	LetterRiftenRaggedFlagon03	[String 0001065F]	Clutter\Books\Note02.nif
Skyrim.esm	BOOK	000F692B	LetterRiftenRaggedFlagon04	[String 00010800]	Clutter\Books\Note01.nif
Skyrim.esm	BOOK	000F689E	LetterRiftenScorchedHammer01	[String 00010985]	Clutter\Books\Note03.nif
Skyrim.esm	BOOK	000F68A5	LetterRiftenSMFRInitialLetter	[String 00010C5E]	Clutter\Books\Note04.nif
Skyrim.esm	BOOK	000F68A8	LetterRiftenTempleOfMara01	[String 000108E6]	Clutter\Books\Note03.nif
Skyrim.esm	BOOK	000F68A9	LetterRiftenTempleOfMara02	[String 0001052D]	Clutter\Books\Note04.nif
Skyrim.esm	BOOK	000F692C	LetterThievesGuildHeadquarters01	[String 00010980]	Clutter\Books\Note01.nif
Skyrim.esm	BOOK	000F692D	LetterThievesGuildHeadquarters02	[String 000108CA]	Clutter\Books\Note01.nif
Skyrim.esm	BOOK	000F692E	LetterThievesGuildHeadquarters03	[String 00010C54]	Clutter\Books\Note03.nif
Skyrim.esm	BOOK	000F692F	LetterThievesGuildHeadquarters04	[String 00010905]	Clutter\Books\Note01.nif
Skyrim.esm	BOOK	000F6930	LetterThievesGuildHeadquarters05	[String 00010820]	Clutter\Books\Note01.nif
Skyrim.esm	BOOK	000F6931	LetterThievesGuildHeadquarters06	[String 00010BDF]	Clutter\Books\Note04.nif
Skyrim.esm	BOOK	000F6932	LetterThievesGuildHeadquarters07	[String 00010C43]	Clutter\Books\Note02.nif
Skyrim.esm	BOOK	0004D249	MG03Book01	[String 0000436F]	Clutter\Books\Book02MG03LowPoly.nif
Skyrim.esm	BOOK	00072840	MG03Book02	[String 00001C7D]	Clutter\Books\BasicBook05a.nif
Skyrim.esm	BOOK	00072841	MG03Book03	[String 00001D67]	Clutter\Books\BasicBook03a.nif
Skyrim.esm	BOOK	00034CBC	MG06SynodJournal1	[String 00004C7F]	Clutter\Books\JournalLowPoly01.nif
Skyrim.esm	BOOK	00026700	MGR01Book1	[String 0000625F]	Clutter\Books\BasicBook04.nif
Skyrim.esm	BOOK	0003DD30	MGR10Note	[String 000080AE]	Clutter\Books\Note01.nif
Skyrim.esm	BOOK	0003D29D	MGR20Note	[String 0000D0B4]	Clutter\Books\Note03.nif
Skyrim.esm	BOOK	000C1E7A	MGR21Book01	[String 00007B65]	Clutter\Books\Book02MG03LowPoly.nif
Skyrim.esm	BOOK	000C1E78	MGR21Book02	[String 00008AF5]	Clutter\Books\Book02MG03LowPoly.nif
Skyrim.esm	BOOK	000C1E79	MGR21Book03	[String 000006DF]	Clutter\Books\Book02MG03LowPoly.nif
Skyrim.esm	BOOK	000C1E77	MGR21Book04	[String 00003FFF]	Clutter\Books\Book02MG03LowPoly.nif
Skyrim.esm	BOOK	000F6276	MGR21Book05	[String 00010858]	Clutter\Books\Book02MG03LowPoly.nif
Skyrim.esm	BOOK	000F6275	MGR21Book06	[String 0001050F]	Clutter\Books\Book02MG03LowPoly.nif
Skyrim.esm	BOOK	000F6278	MGR21Book07	[String 000107F9]	Clutter\Books\Book02MG03LowPoly.nif
Skyrim.esm	BOOK	000F6277	MGR21Book08	[String 00010567]	Clutter\Books\Book02MG03LowPoly.nif
Skyrim.esm	BOOK	0009C8C0	MGRDestruction01	[String 000090B1]	Clutter\Books\Book02MG03LowPoly.nif
Skyrim.esm	BOOK	0009C8C6	MGRDestruction02	[String 00008E59]	Clutter\Books\Book02MG03LowPoly.nif
Skyrim.esm	BOOK	0009C8C1	MGRDestruction03	[String 0000F387]	Clutter\Books\Book02MG03LowPoly.nif
Skyrim.esm	BOOK	0009C8C2	MGRDestruction04	[String 0000E08B]	Clutter\Books\Book02MG03LowPoly.nif
Skyrim.esm	BOOK	000F37D0	MGRDestructionFinal	[String 000104EA]	Clutter\Books\Book02MG03LowPoly.nif
Skyrim.esm	BOOK	000B3236	MGRitual02Book1	[String 000101C2]	Clutter\Books\Book02MG03LowPoly.nif
Skyrim.esm	BOOK	000B3237	MGRitual02Book2	[String 00010220]	Clutter\Books\Book02MG03LowPoly.nif
Skyrim.esm	BOOK	000B3238	MGRitual02Book3	[String 0001030B]	Clutter\Books\Book02MG03LowPoly.nif
Skyrim.esm	BOOK	000B3239	MGRitual02Book4	[String 0000FFE1]	Clutter\Books\Book02MG03LowPoly.nif
Skyrim.esm	BOOK	000FBA57	MQ103FarengarBook	[String 00010FBD]	Clutter\Books\BasicBook07.nif
Skyrim.esm	BOOK	0003031F	MQ105Note	[String 00008403]	Clutter\Books\Note01.nif
Skyrim.esm	BOOK	000F6845	MQ201DelphineDossier	[String 000108A0]	Clutter\Books\JournalLowPoly02.nif
Skyrim.esm	BOOK	00039F2A	MQ201ElenwenOfficeNote	[String 00009408]	Clutter\Books\Note04.nif
Skyrim.esm	BOOK	0003AF29	MQ201EsbernDossier	[String 00009B89]	Clutter\Books\JournalLowPoly02.nif
Skyrim.esm	BOOK	00042396	MQ201Invitation	[String 0000463A]	Clutter\Books\Note03.nif
Skyrim.esm	BOOK	0005437D	MQ201MalbornAssassinNote	[String 0000C3AD]	Clutter\Books\Note01.nif
Skyrim.esm	BOOK	000F6846	MQ201UlfricDossier	[String 00010A8B]	Clutter\Books\JournalLowPoly02.nif
Skyrim.esm	BOOK	0006DEB6	MQ202GissurNote	[String 0000EB5F]	Clutter\Books\Note01.nif
Skyrim.esm	BOOK	0006DEB5	MQ202ShavariNote	[String 0000520C]	Clutter\Books\Note01.nif
Skyrim.esm	BOOK	0003636A	MQ202SkyHavenBook	[String 0000B442]	Clutter\Books\BasicBook07a.nif
Skyrim.esm	BOOK	000FF227	MQPaarthurnaxBook	[String 0001108D]	Clutter\Books\BasicBook06.nif
Skyrim.esm	BOOK	000D672A	MS01DrystonNote	[String 00006C2C]	Clutter\Books\Note03.nif
Skyrim.esm	BOOK	000D1955	MS01EltrysNote	[String 0000E2DF]	Clutter\Books\Note02.nif
Skyrim.esm	BOOK	000D3E6B	MS01MargretJournal	[String 000063EE]	Clutter\Books\JournalLowPoly02.nif
Skyrim.esm	BOOK	000D672B	MS01NeposJournal	[String 00009A52]	Clutter\Books\JournalLowPoly01.nif
Skyrim.esm	BOOK	000D674A	MS01ThonarJournal	[String 0000DECF]	Clutter\Books\JournalLowPoly01.nif
Skyrim.esm	BOOK	000D670F	MS01WeylinNote	[String 0000C0D1]	Clutter\Books\Note03.nif
Skyrim.esm	BOOK	000E2513	MS02MadanachNote	[String 0000986B]	Clutter\Books\Note01.nif
Skyrim.esm	BOOK	000E8BDB	MS03FrostIdentityPapers	[String 00010185]	Clutter\Books\Note01.nif
Skyrim.esm	BOOK	000AE324	MS05KingOlafBook01	[String 00005BBC]	Clutter\Books\BasicBook03a.nif
Skyrim.esm	BOOK	000D91D1	MS06FalkFirebeardNote	[String 0000B09C]	Clutter\Books\Note02.nif
Skyrim.esm	BOOK	000F23E0	MS07JareeRaNote	[String 00010B7A]	Clutter\Books\Note01.nif
Skyrim.esm	BOOK	000524DA	MS09ImperialOrder	[String 0000E45B]	Clutter\Books\Note01.nif
Skyrim.esm	BOOK	00027F73	MS09Letter01	[String 000084A9]	Clutter\Books\Note04.nif
Skyrim.esm	BOOK	00027F74	MS09Letter02	[String 00003B0C]	Clutter\Books\Note03.nif
Skyrim.esm	BOOK	00039C8E	MS09Missive	[String 0000B993]	Clutter\Books\BasicBook05a.nif
Skyrim.esm	BOOK	000C58A6	MS10BloodHorkerOrders	[String 00006598]	Clutter\Books\Note01.nif
Skyrim.esm	BOOK	000F6844	MS10JaphetsJournal	[String 000105DF]	Clutter\Books\Book02LowPoly02.nif
Skyrim.esm	BOOK	0001DBFE	MS10SuvarisJournal	[String 000084C3]	Clutter\Books\JournalLowPoly02.nif
Skyrim.esm	BOOK	00021683	MS11ButcherFlyer	[String 00009D98]	Clutter\Books\Note01.nif
Skyrim.esm	BOOK	00024737	MS11ButcherJournal1	[String 000008C1]	Clutter\Books\JournalLowPoly02.nif
Skyrim.esm	BOOK	00066182	MS11ButcherJournal2	[String 000010E2]	Clutter\Books\JournalLowPoly02.nif
Skyrim.esm	BOOK	00024763	MS11ButcherJournal3	[String 0000B683]	Clutter\Books\JournalLowPoly02.nif
Skyrim.esm	BOOK	000249AF	MS12QuintusLetter	[String 0000C3A8]	Clutter\Books\Note01.nif
Skyrim.esm	BOOK	00039654	MS13ArvelsJournal	[String 0000B24F]	Clutter\Books\JournalLowPoly01.nif
Skyrim.esm	BOOK	0002A96D	MS14AlvasJournal	[String 0000B714]	Clutter\Books\JournalLowPoly02.nif
Skyrim.esm	BOOK	000E4D6F	NN01SinderionsJournal	[String 0000C14F]	Clutter\Books\JournalLowPoly01.nif
Skyrim.esm	BOOK	0010BEDF	NN01SinderionsTome	[String 00011A32]	Clutter\Books\BasicBook07.nif
Skyrim.esm	BOOK	000AD8DE	NoteFreeformMorthalB	[String 00006FC4]	Clutter\Books\Note04.nif
Skyrim.esm	BOOK	000D1246	POIFallForestRyanTreasureNote	[String 0000DB3A]	Clutter\Books\Note03.nif
Skyrim.esm	BOOK	000D120C	POIFallForestRyanTrollNote	[String 00001AF2]	Clutter\Books\Note01.nif
Skyrim.esm	BOOK	000B7736	QABook	[String 00008993]	Clutter\Books\Book02\Character Assets\book02.nif
Skyrim.esm	BOOK	000ED08F	QAbookFrench	[String 0001069E]	Clutter\Books\BasicBook04.nif
Skyrim.esm	BOOK	000ED091	QAbookgerman	[String 000108F3]	Clutter\Books\BasicBook04.nif
Skyrim.esm	BOOK	000ED090	QABookItalian	[String 00010B07]	Clutter\Books\BasicBook04.nif
Skyrim.esm	BOOK	000ED092	QABookSpanish	[String 0001050C]	Clutter\Books\BasicBook04.nif
Skyrim.esm	BOOK	000F5CB8	RecipeCureDisease1	[String 00010746]	Clutter\Books\Note03.nif
Skyrim.esm	BOOK	000F5CB9	RecipeCureDisease2	[String 000106B4]	Clutter\Books\Note03.nif
Skyrim.esm	BOOK	000F5CB5	RecipeDamageHealth1	[String 00010ACD]	Clutter\Books\Note03.nif
Skyrim.esm	BOOK	000F5CB6	RecipeDamageHealth2	[String 000109B0]	Clutter\Books\Note03.nif
Skyrim.esm	BOOK	000F5CB7	RecipeDamageHealth3	[String 00010536]	Clutter\Books\Note01.nif
Skyrim.esm	BOOK	000F5CC1	RecipeFear1	[String 0001072B]	Clutter\Books\Note02.nif
Skyrim.esm	BOOK	000F5CC2	RecipeFear2	[String 00010A1E]	Clutter\Books\Note02.nif
Skyrim.esm	BOOK	000F5CC6	RecipeFortifyCarryWeight1	[String 000109BC]	Clutter\Books\Note03.nif
Skyrim.esm	BOOK	000F5CC7	RecipeFortifyCarryWeight2	[String 00010BFF]	Clutter\Books\Note03.nif
Skyrim.esm	BOOK	000F5CB3	RecipeInvisibility1	[String 000104D5]	Clutter\Books\Note03.nif
Skyrim.esm	BOOK	000F5CB4	RecipeInvisibility2	[String 000108DA]	Clutter\Books\Note04.nif
Skyrim.esm	BOOK	000F5CB1	RecipeParalysis1	[String 00010759]	Clutter\Books\Note01.nif
Skyrim.esm	BOOK	000F5CB2	RecipeParalysis2	[String 000107BA]	Clutter\Books\Note02.nif
Skyrim.esm	BOOK	000F5CBD	RecipeResistFire1	[String 00010C20]	Clutter\Books\Note01.nif
Skyrim.esm	BOOK	000F5CC0	RecipeResistFire2	[String 00010664]	Clutter\Books\Note01.nif
Skyrim.esm	BOOK	000F5CBE	RecipeResistFrost1	[String 00010B8F]	Clutter\Books\Note02.nif
Skyrim.esm	BOOK	000F5CBF	RecipeResistFrost2	[String 00010AAD]	Clutter\Books\Note02.nif
Skyrim.esm	BOOK	000F5CC5	RecipeResistPoison	[String 00010591]	Clutter\Books\Note04.nif
Skyrim.esm	BOOK	000F5CC3	RecipeResistShock1	[String 00010B43]	Clutter\Books\Note02.nif
Skyrim.esm	BOOK	000F5CC4	RecipeResistShock2	[String 00010773]	Clutter\Books\Note02.nif
Skyrim.esm	BOOK	000F5CAC	RecipeRestoreHealth1	[String 0001066B]	Clutter\Books\Note03.nif
Skyrim.esm	BOOK	000F5CAD	RecipeRestoreHealth2	[String 00010760]	Clutter\Books\Note04.nif
Skyrim.esm	BOOK	000F5CAE	RecipeRestoreHealth3	[String 000105AB]	Clutter\Books\Note01.nif
Skyrim.esm	BOOK	000F5CAF	RecipeRestoreHealth4	[String 00010C35]	Clutter\Books\Note02.nif
Skyrim.esm	BOOK	000F5CBA	RecipeRestoreMagicka1	[String 000106DF]	Clutter\Books\Note02.nif
Skyrim.esm	BOOK	000F5CBB	RecipeRestoreMagicka2	[String 00010AEE]	Clutter\Books\Note02.nif
Skyrim.esm	BOOK	000F5CBC	RecipeRestoreMagicka3	[String 0001089C]	Clutter\Books\Note02.nif
Skyrim.esm	BOOK	0001AFC4	SkillAlchemy1	[String 0000B0C2]	Clutter\Books\BasicBook04.nif
Skyrim.esm	BOOK	0001AFC5	SkillAlchemy2	[String 0000B425]	Clutter\Books\BasicBook06a.nif
Skyrim.esm	BOOK	0001AFC6	SkillAlchemy3	[String 0000D4D4]	Clutter\Books\BasicBook03a.nif
Skyrim.esm	BOOK	0001AFC7	SkillAlchemy4	[String 00009119]	Clutter\Books\BasicBook07.nif
Skyrim.esm	BOOK	0001AFC8	SkillAlchemy5	[String 0000181E]	Clutter\Books\BasicBook05.nif
Skyrim.esm	BOOK	0001AFC9	SkillAlteration1	[String 00009AD3]	Clutter\Books\SpellTomeAlterationLowPoly.nif
Skyrim.esm	BOOK	0001B236	SkillAlteration2	[String 0000A538]	Clutter\Books\SpellTomeAlterationLowPoly.nif
Skyrim.esm	BOOK	0001AFCB	SkillAlteration3	[String 000040BB]	Clutter\Books\SpellTomeAlterationLowPoly.nif
Skyrim.esm	BOOK	0001AFCC	SkillAlteration4	[String 000067A7]	Clutter\Books\SpellTomeAlterationLowPoly.nif
Skyrim.esm	BOOK	0001AFCD	SkillAlteration5	[String 00007649]	Clutter\Books\SpellTomeAlterationLowPoly.nif
Skyrim.esm	BOOK	0001AFDD	SkillBlock1	[String 00006AB2]	Clutter\Books\Book02LowPoly.nif
Skyrim.esm	BOOK	0001AFDE	SkillBlock2	[String 000029E1]	Clutter\Books\BasicBook05.nif
Skyrim.esm	BOOK	0001AFDF	SkillBlock3	[String 00008CD2]	Clutter\Books\BasicBook07a.nif
Skyrim.esm	BOOK	0001AFE0	SkillBlock4	[String 0000F8B1]	Clutter\Books\BasicBook06a.nif
Skyrim.esm	BOOK	0002F83C	SkillBlock5	[String 00010D15]	Clutter\Books\BasicBook04.nif
Skyrim.esm	BOOK	0001AFE7	SkillConjuration1	[String 0000628D]	Clutter\Books\SpellTomeConjurationLowPoly.nif
Skyrim.esm	BOOK	0001AFE8	SkillConjuration2	[String 0000C72B]	Clutter\Books\SpellTomeConjurationLowPoly.nif
Skyrim.esm	BOOK	0001AFE9	SkillConjuration3	[String 00005188]	Clutter\Books\SpellTomeConjurationLowPoly.nif
Skyrim.esm	BOOK	0001AFEA	SkillConjuration4	[String 0000E26D]	Clutter\Books\SpellTomeConjurationLowPoly.nif
Skyrim.esm	BOOK	0001AFEB	SkillConjuration5	[String 000023AD]	Clutter\Books\SpellTomeConjurationLowPoly.nif
Skyrim.esm	BOOK	0001AFEC	SkillDestruction1	[String 000058CF]	Clutter\Books\SpellTomeDestructionLowPoly.nif
Skyrim.esm	BOOK	0001AFED	SkillDestruction2	[String 00003923]	Clutter\Books\SpellTomeDestructionLowPoly.nif
Skyrim.esm	BOOK	0001AFEE	SkillDestruction3	[String 00005D78]	Clutter\Books\SpellTomeDestructionLowPoly.nif
Skyrim.esm	BOOK	0001AFEF	SkillDestruction4	[String 00004A56]	Clutter\Books\SpellTomeDestructionLowPoly.nif
Skyrim.esm	BOOK	0001AFF0	SkillDestruction5	[String 00008221]	Clutter\Books\SpellTomeDestructionLowPoly.nif
Skyrim.esm	BOOK	0002F837	SkillEnchanting1	[String 000015B8]	Clutter\Books\BasicBook03.nif
Skyrim.esm	BOOK	0002F838	SkillEnchanting2	[String 00008B7B]	Clutter\Books\BasicBook07a.nif
Skyrim.esm	BOOK	0002F839	SkillEnchanting3	[String 00010C31]	Clutter\Books\BasicBook03a.nif
Skyrim.esm	BOOK	0002F83A	SkillEnchanting4	[String 00010A9D]	Clutter\Books\BasicBook05a.nif
Skyrim.esm	BOOK	0002F83B	SkillEnchanting5	[String 00010580]	Clutter\Books\Book02LowPoly.nif
Skyrim.esm	BOOK	0001AFF6	SkillHeavyArmor1	[String 000075AA]	Clutter\Books\BasicBook06a.nif
Skyrim.esm	BOOK	0001AFF7	SkillHeavyArmor2	[String 00001244]	Clutter\Books\BasicBook05.nif
Skyrim.esm	BOOK	0001AFF8	SkillHeavyArmor3	[String 0000D1D1]	Clutter\Books\BasicBook07.nif
Skyrim.esm	BOOK	0001AFF9	SkillHeavyArmor4	[String 00000077]	Clutter\Books\Book02LowPoly.nif
Skyrim.esm	BOOK	0001AFFA	SkillHeavyArmor5	[String 0000BD8E]	Clutter\Books\BasicBook06.nif
Skyrim.esm	BOOK	0001B00F	SkillIllusion1	[String 00003393]	Clutter\Books\SpellTomeIllusionLowPoly.nif
Skyrim.esm	BOOK	0001B010	SkillIllusion2	[String 00009C7D]	Clutter\Books\SpellTomeIllusionLowPoly.nif
Skyrim.esm	BOOK	0001B011	SkillIllusion3	[String 0000D492]	Clutter\Books\SpellTomeIllusionLowPoly.nif
Skyrim.esm	BOOK	0001B012	SkillIllusion4	[String 000060C4]	Clutter\Books\SpellTomeIllusionLowPoly.nif
Skyrim.esm	BOOK	0001B013	SkillIllusion5	[String 0000C746]	Clutter\Books\SpellTomeIllusionLowPoly.nif
Skyrim.esm	BOOK	0001B000	SkillLightArmor1	[String 00004FC2]	Clutter\Books\BasicBook06a.nif
Skyrim.esm	BOOK	0001B001	SkillLightArmor2	[String 0000D30D]	Clutter\Books\BasicBook03a.nif
Skyrim.esm	BOOK	0001B002	SkillLightArmor3	[String 0000FACD]	Clutter\Books\Book02LowPoly.nif
Skyrim.esm	BOOK	0001B003	SkillLightArmor4	[String 0000CCF0]	Clutter\Books\BasicBook04.nif
Skyrim.esm	BOOK	0001B004	SkillLightArmor5	[String 0000AD4A]	Clutter\Books\BasicBook05a.nif
Skyrim.esm	BOOK	0001B019	SkillLockpicking1	[String 00000A04]	Clutter\Books\BasicBook03.nif
Skyrim.esm	BOOK	0001B01A	SkillLockpicking2	[String 00001D03]	Clutter\Books\BasicBook07.nif
Skyrim.esm	BOOK	0001B01B	SkillLockpicking3	[String 0000F0BF]	Clutter\Books\Book02LowPoly.nif
Skyrim.esm	BOOK	0001B01C	SkillLockpicking4	[String 0000F074]	Clutter\Books\BasicBook07a.nif
Skyrim.esm	BOOK	0001B01D	SkillLockpicking5	[String 0000C6AD]	Clutter\Books\BasicBook03a.nif
Skyrim.esm	BOOK	0001B005	SkillMarksman1	[String 00002C6B]	Clutter\Books\Book02LowPoly.nif
Skyrim.esm	BOOK	0001B26D	SkillMarksman2	[String 000067F8]	Clutter\Books\BasicBook03a.nif
Skyrim.esm	BOOK	0001B007	SkillMarksman3	[String 000040C0]	Clutter\Books\BasicBook05.nif
Skyrim.esm	BOOK	0001B008	SkillMarksman4	[String 000023A3]	Clutter\Books\BasicBook06.nif
Skyrim.esm	BOOK	0001B009	SkillMarksman5	[String 0000CB94]	Clutter\Books\BasicBook07.nif
Skyrim.esm	BOOK	0001AFE3	SkillOneHanded1	[String 0000E970]	Clutter\Books\BasicBook03a.nif
Skyrim.esm	BOOK	0001AFD9	SkillOneHanded2	[String 00005D39]	Clutter\Books\BasicBook04.nif
Skyrim.esm	BOOK	0001AFDA	SkillOneHanded3	[String 0000060C]	Clutter\Books\BasicBook07a.nif
Skyrim.esm	BOOK	0001AFE4	SkillOneHanded4	[String 00009095]	Clutter\Books\BasicBook05.nif
Skyrim.esm	BOOK	0001AFE6	SkillOneHanded5	[String 00009A1F]	Clutter\Books\BasicBook06a.nif
Skyrim.esm	BOOK	0001B022	SkillPickpocket1	[String 00005503]	Clutter\Books\Book02LowPoly.nif
Skyrim.esm	BOOK	0001AFBF	SkillPickpocket2	[String 0000B7CD]	Clutter\Books\BasicBook05a.nif
Skyrim.esm	BOOK	0001ACE6	SkillPickpocket3	[String 000014D2]	Clutter\Books\BasicBook03a.nif
Skyrim.esm	BOOK	0001AFD6	SkillPickpocket4	[String 00005C1F]	Clutter\Books\BasicBook07.nif
Skyrim.esm	BOOK	0002F836	SkillPickpocket5	[String 00010CD9]	Clutter\Books\BasicBook03.nif
Skyrim.esm	BOOK	0001B014	SkillRestoration1	[String 00006EA5]	Clutter\Books\SpellTomeRestorationLowPoly.nif
Skyrim.esm	BOOK	0001B015	SkillRestoration2	[String 0000C347]	Clutter\Books\SpellTomeRestorationLowPoly.nif
Skyrim.esm	BOOK	0001B016	SkillRestoration3	[String 0000B6D8]	Clutter\Books\SpellTomeRestorationLowPoly.nif
Skyrim.esm	BOOK	0001B017	SkillRestoration4	[String 00005999]	Clutter\Books\SpellTomeRestorationLowPoly.nif
Skyrim.esm	BOOK	0001B018	SkillRestoration5	[String 00006DE5]	Clutter\Books\SpellTomeRestorationLowPoly.nif
Skyrim.esm	BOOK	0001AFCE	SkillSmithing1	[String 0000B982]	Clutter\Books\BasicBook05.nif
Skyrim.esm	BOOK	0001AFCF	SkillSmithing2	[String 000089A8]	Clutter\Books\BasicBook06.nif
Skyrim.esm	BOOK	0001AFD0	SkillSmithing3	[String 00003A06]	Clutter\Books\BasicBook04.nif
Skyrim.esm	BOOK	0001AFD1	SkillSmithing4	[String 0000FD97]	Clutter\Books\BasicBook05a.nif
Skyrim.esm	BOOK	0001AFD2	SkillSmithing5	[String 000071A4]	Clutter\Books\BasicBook07.nif
Skyrim.esm	BOOK	0001B276	SkillSneak1	[String 00010B67]	Clutter\Books\Book02LowPoly.nif
Skyrim.esm	BOOK	0001B01F	SkillSneak2	[String 0000C88B]	Clutter\Books\BasicBook07a.nif
Skyrim.esm	BOOK	0001B020	SkillSneak3	[String 00008FC9]	Clutter\Books\BasicBook06.nif
Skyrim.esm	BOOK	0001B021	SkillSneak4	[String 000097B0]	Clutter\Books\BasicBook03.nif
Skyrim.esm	BOOK	0001AFD5	SkillSneak5	[String 0000C60E]	Clutter\Books\BasicBook06a.nif
Skyrim.esm	BOOK	0001B00D	SkillSpeechcraft1	[String 0000D034]	Clutter\Books\BasicBook05.nif
Skyrim.esm	BOOK	0001B00E	SkillSpeechcraft2	[String 0000F5B7]	Clutter\Books\Book02LowPoly.nif
Skyrim.esm	BOOK	0001B025	SkillSpeechcraft3	[String 0000F142]	Clutter\Books\BasicBook07.nif
Skyrim.esm	BOOK	0001B00A	SkillSpeechcraft4	[String 0000DCD4]	Clutter\Books\BasicBook05a.nif
Skyrim.esm	BOOK	0001B023	SkillSpeechcraft5	[String 00007E9A]	Clutter\Books\BasicBook05.nif
Skyrim.esm	BOOK	0001AFD8	SkillTwoHanded1	[String 00009EAF]	Clutter\Books\Book02LowPoly.nif
Skyrim.esm	BOOK	0001AFE2	SkillTwoHanded2	[String 00002145]	Clutter\Books\BasicBook06.nif
Skyrim.esm	BOOK	0001AFE5	SkillTwoHanded3	[String 00003367]	Clutter\Books\BasicBook03a.nif
Skyrim.esm	BOOK	0001AFDB	SkillTwoHanded4	[String 00007C42]	Clutter\Books\BasicBook04.nif
Skyrim.esm	BOOK	0001AFDC	SkillTwoHanded5	[String 000096B8]	Clutter\Books\Book02LowPoly.nif
Skyrim.esm	BOOK	000DD647	SpellTomeBaneOfTheUndead	[String 00001984]	Clutter\Books\SpellTomeRestorationLowPoly.nif
Skyrim.esm	BOOK	000A26EE	SpellTomeBanishDaedra	[String 0000DF8C]	Clutter\Books\SpellTomeConjurationLowPoly.nif
Skyrim.esm	BOOK	000A270D	SpellTomeBlizzard	[String 0000C595]	Clutter\Books\SpellTomeDestructionLowPoly.nif
Skyrim.esm	BOOK	000A26ED	SpellTomeBoundBattleaxe	[String 0000E065]	Clutter\Books\SpellTomeConjurationLowPoly.nif
Skyrim.esm	BOOK	000A26F1	SpellTomeBoundBow	[String 0000370F]	Clutter\Books\SpellTomeConjurationLowPoly.nif
Skyrim.esm	BOOK	0009E2A9	SpellTomeBoundSword	[String 0000F305]	Clutter\Books\SpellTomeConjurationLowPoly.nif
Skyrim.esm	BOOK	000A271B	SpellTomeCallToArms	[String 00008709]	Clutter\Books\SpellTomeIllusionLowPoly.nif
Skyrim.esm	BOOK	000A2711	SpellTomeCalm	[String 00000D3C]	Clutter\Books\SpellTomeIllusionLowPoly.nif
Skyrim.esm	BOOK	0009E2A7	SpellTomeCandlelight	[String 0000F3E4]	Clutter\Books\SpellTomeAlterationLowPoly.nif
Skyrim.esm	BOOK	000A2708	SpellTomeChainLightning	[String 00000D18]	Clutter\Books\SpellTomeDestructionLowPoly.nif
Skyrim.esm	BOOK	000A2728	SpellTomeCircleOfProtection	[String 0000891F]	Clutter\Books\SpellTomeRestorationLowPoly.nif
Skyrim.esm	BOOK	000FF7D1	SpellTomeClairvoyance	[String 0001106B]	Clutter\Books\SpellTomeIllusionLowPoly.nif
Skyrim.esm	BOOK	0010F64D	SpellTomeCloseWounds	[String 000124F3]	Clutter\Books\SpellTomeRestorationLowPoly.nif
Skyrim.esm	BOOK	000A26F6	SpellTomeCommandDaedra	[String 0000D231]	Clutter\Books\SpellTomeConjurationLowPoly.nif
Skyrim.esm	BOOK	0010FD60	SpellTomeConjureDremoraLord	[String 00012642]	Clutter\Books\SpellTomeConjurationLowPoly.nif
Skyrim.esm	BOOK	0009E2AB	SpellTomeConjureFamiliar	[String 00007EC0]	Clutter\Books\SpellTomeConjurationLowPoly.nif
Skyrim.esm	BOOK	000A26EC	SpellTomeConjureFlameAtronach	[String 000038D2]	Clutter\Books\SpellTomeConjurationLowPoly.nif
Skyrim.esm	BOOK	000A26EF	SpellTomeConjureFrostAtronach	[String 00007D89]	Clutter\Books\SpellTomeConjurationLowPoly.nif
Skyrim.esm	BOOK	000A26F0	SpellTomeConjureStormAtronach	[String 000049EE]	Clutter\Books\SpellTomeConjurationLowPoly.nif
Skyrim.esm	BOOK	0009E2AD	SpellTomeCourage	[String 0000CDA6]	Clutter\Books\SpellTomeIllusionLowPoly.nif
Skyrim.esm	BOOK	000A26F9	SpellTomeDeadThrall	[String 00006A5E]	Clutter\Books\SpellTomeConjurationLowPoly.nif
Skyrim.esm	BOOK	000A26E7	SpellTomeDetectLife	[String 000079FA]	Clutter\Books\SpellTomeAlterationLowPoly.nif
Skyrim.esm	BOOK	000A26EA	SpellTomeDetectUndead	[String 0000F376]	Clutter\Books\SpellTomeAlterationLowPoly.nif
Skyrim.esm	BOOK	000D2B4E	SpellTomeDragonhide	[String 0000BF3D]	Clutter\Books\SpellTomeAlterationLowPoly.nif
Skyrim.esm	BOOK	000A26F7	SpellTomeDreadZombie	[String 0000571E]	Clutter\Books\SpellTomeConjurationLowPoly.nif
Skyrim.esm	BOOK	000A26E9	SpellTomeEbonyflesh	[String 0000C211]	Clutter\Books\SpellTomeAlterationLowPoly.nif
Skyrim.esm	BOOK	000A26F8	SpellTomeExpelDaedra	[String 0000FD68]	Clutter\Books\SpellTomeConjurationLowPoly.nif
Skyrim.esm	BOOK	000A271D	SpellTomeFastHealing	[String 00006CE1]	Clutter\Books\SpellTomeRestorationLowPoly.nif
Skyrim.esm	BOOK	000A2712	SpellTomeFear	[String 000032F9]	Clutter\Books\SpellTomeIllusionLowPoly.nif
Skyrim.esm	BOOK	000A2706	SpellTomeFireball	[String 00004CE9]	Clutter\Books\SpellTomeDestructionLowPoly.nif
Skyrim.esm	BOOK	000A26FD	SpellTomeFirebolt	[String 00004C83]	Clutter\Books\SpellTomeDestructionLowPoly.nif
Skyrim.esm	BOOK	000A2700	SpellTomeFireRune	[String 0000803F]	Clutter\Books\SpellTomeDestructionLowPoly.nif
Skyrim.esm	BOOK	000A270C	SpellTomeFireStorm	[String 0000A95B]	Clutter\Books\SpellTomeDestructionLowPoly.nif
Skyrim.esm	BOOK	000A2703	SpellTomeFlameCloak	[String 0000B86A]	Clutter\Books\SpellTomeDestructionLowPoly.nif
Skyrim.esm	BOOK	0009CD51	SpellTomeFlames	[String 0000520A]	Clutter\Books\SpellTomeDestructionLowPoly.nif
Skyrim.esm	BOOK	000A26FA	SpellTomeFlameThrall	[String 0000478E]	Clutter\Books\SpellTomeConjurationLowPoly.nif
Skyrim.esm	BOOK	000A2714	SpellTomeFrenzy	[String 00006CAB]	Clutter\Books\SpellTomeIllusionLowPoly.nif
Skyrim.esm	BOOK	0009CD52	SpellTomeFrostbite	[String 00004D30]	Clutter\Books\SpellTomeDestructionLowPoly.nif
Skyrim.esm	BOOK	000A2704	SpellTomeFrostCloak	[String 000047FF]	Clutter\Books\SpellTomeDestructionLowPoly.nif
Skyrim.esm	BOOK	000A2701	SpellTomeFrostRune	[String 0000F921]	Clutter\Books\SpellTomeDestructionLowPoly.nif
Skyrim.esm	BOOK	000A26FB	SpellTomeFrostThrall	[String 000091BF]	Clutter\Books\SpellTomeConjurationLowPoly.nif
Skyrim.esm	BOOK	0009E2AC	SpellTomeFury	[String 0000B8E0]	Clutter\Books\SpellTomeIllusionLowPoly.nif
Skyrim.esm	BOOK	000DD643	SpellTomeGrandHealing	[String 00001586]	Clutter\Books\SpellTomeRestorationLowPoly.nif
Skyrim.esm	BOOK	000A2722	SpellTomeGreaterWard	[String 00009BB5]	Clutter\Books\SpellTomeRestorationLowPoly.nif
Skyrim.esm	BOOK	000FDE7B	SpellTomeGuardianCircle	[String 00010F44]	Clutter\Books\SpellTomeRestorationLowPoly.nif
Skyrim.esm	BOOK	000A271A	SpellTomeHarmony	[String 0000545D]	Clutter\Books\SpellTomeIllusionLowPoly.nif
Skyrim.esm	BOOK	0009E2AF	SpellTomeHealing	[String 0000B82F]	Clutter\Books\SpellTomeRestorationLowPoly.nif
Skyrim.esm	BOOK	000A271E	SpellTomeHealingHands	[String 0000C7D8]	Clutter\Books\SpellTomeRestorationLowPoly.nif
Skyrim.esm	BOOK	000A2727	SpellTomeHealOther	[String 00008C8E]	Clutter\Books\SpellTomeRestorationLowPoly.nif
Skyrim.esm	BOOK	000A271C	SpellTomeHysteria	[String 00005261]	Clutter\Books\SpellTomeIllusionLowPoly.nif
Skyrim.esm	BOOK	000A26FE	SpellTomeIceSpike	[String 0000B0FB]	Clutter\Books\SpellTomeDestructionLowPoly.nif
Skyrim.esm	BOOK	000A2707	SpellTomeIceStorm	[String 0000DDD5]	Clutter\Books\SpellTomeDestructionLowPoly.nif
Skyrim.esm	BOOK	0010F7F3	SpellTomeIcySpear	[String 000125A6]	Clutter\Books\SpellTomeDestructionLowPoly.nif
Skyrim.esm	BOOK	0010F7F4	SpellTomeIncinerate	[String 0001259B]	Clutter\Books\SpellTomeDestructionLowPoly.nif
Skyrim.esm	BOOK	000A2715	SpellTomeInvisibility	[String 00004D54]	Clutter\Books\SpellTomeIllusionLowPoly.nif
Skyrim.esm	BOOK	000A26E4	SpellTomeIronflesh	[String 0000B29D]	Clutter\Books\SpellTomeAlterationLowPoly.nif
Skyrim.esm	BOOK	0009E2AE	SpellTomeLesserWard	[String 0000D50C]	Clutter\Books\SpellTomeRestorationLowPoly.nif
Skyrim.esm	BOOK	000A26FF	SpellTomeLightningBolt	[String 0000E05D]	Clutter\Books\SpellTomeDestructionLowPoly.nif
Skyrim.esm	BOOK	000A2705	SpellTomeLightningCloak	[String 0000C0F3]	Clutter\Books\SpellTomeDestructionLowPoly.nif
Skyrim.esm	BOOK	000A270E	SpellTomeLightningStorm	[String 0000EC2C]	Clutter\Books\SpellTomeDestructionLowPoly.nif
Skyrim.esm	BOOK	000A26E2	SpellTomeMagelight	[String 0000806A]	Clutter\Books\SpellTomeAlterationLowPoly.nif
Skyrim.esm	BOOK	000DD646	SpellTomeMassParalysis	[String 00007A0E]	Clutter\Books\SpellTomeAlterationLowPoly.nif
Skyrim.esm	BOOK	000A2719	SpellTomeMayhem	[String 0000C57B]	Clutter\Books\SpellTomeIllusionLowPoly.nif
Skyrim.esm	BOOK	000A270F	SpellTomeMuffle	[String 00007DF9]	Clutter\Books\SpellTomeIllusionLowPoly.nif
Skyrim.esm	BOOK	0009E2A8	SpellTomeOakflesh	[String 0000E43B]	Clutter\Books\SpellTomeAlterationLowPoly.nif
Skyrim.esm	BOOK	000A2717	SpellTomePacify	[String 000006E4]	Clutter\Books\SpellTomeIllusionLowPoly.nif
Skyrim.esm	BOOK	000A26E8	SpellTomeParalyze	[String 0000DC15]	Clutter\Books\SpellTomeAlterationLowPoly.nif
Skyrim.esm	BOOK	0009E2AA	SpellTomeRaiseZombie	[String 00000A9D]	Clutter\Books\SpellTomeConjurationLowPoly.nif
Skyrim.esm	BOOK	000A2713	SpellTomeRally	[String 00000F9F]	Clutter\Books\SpellTomeIllusionLowPoly.nif
Skyrim.esm	BOOK	000A26EB	SpellTomeReanimateCorpse	[String 0000B630]	Clutter\Books\SpellTomeConjurationLowPoly.nif
Skyrim.esm	BOOK	000A2725	SpellTomeRepelLesserUndead	[String 0000E81D]	Clutter\Books\SpellTomeRestorationLowPoly.nif
Skyrim.esm	BOOK	000A2726	SpellTomeRepelUndead	[String 0000E702]	Clutter\Books\SpellTomeRestorationLowPoly.nif
Skyrim.esm	BOOK	000A26F2	SpellTomeRevenant	[String 00001DA9]	Clutter\Books\SpellTomeConjurationLowPoly.nif
Skyrim.esm	BOOK	000A2718	SpellTomeRout	[String 00004A0A]	Clutter\Books\SpellTomeIllusionLowPoly.nif
Skyrim.esm	BOOK	000A2702	SpellTomeShockRune	[String 00008CB2]	Clutter\Books\SpellTomeDestructionLowPoly.nif
Skyrim.esm	BOOK	0009CD54	SpellTomeSoulTrap	[String 00001281]	Clutter\Books\SpellTomeConjurationLowPoly.nif
Skyrim.esm	BOOK	0009CD53	SpellTomeSparks	[String 00004A51]	Clutter\Books\SpellTomeDestructionLowPoly.nif
Skyrim.esm	BOOK	000A2720	SpellTomeSteadfastWard	[String 0000D59A]	Clutter\Books\SpellTomeRestorationLowPoly.nif
Skyrim.esm	BOOK	000A26E3	SpellTomeStoneflesh	[String 000043BB]	Clutter\Books\SpellTomeAlterationLowPoly.nif
Skyrim.esm	BOOK	000A26FC	SpellTomeStormThrall	[String 00001977]	Clutter\Books\SpellTomeConjurationLowPoly.nif
Skyrim.esm	BOOK	000A26E5	SpellTomeTelekinesis	[String 00004560]	Clutter\Books\SpellTomeAlterationLowPoly.nif
Skyrim.esm	BOOK	0010F7F5	SpellTomeThunderbolt	[String 00012589]	Clutter\Books\SpellTomeDestructionLowPoly.nif
Skyrim.esm	BOOK	00109112	SpellTomeTransmuteOreMineral	[String 00011791]	Clutter\Books\SpellTomeAlterationLowPoly.nif
Skyrim.esm	BOOK	000A2729	SpellTomeTurnGreaterUndead	[String 00001685]	Clutter\Books\SpellTomeRestorationLowPoly.nif
Skyrim.esm	BOOK	000A271F	SpellTomeTurnLesserUndead	[String 0000AE89]	Clutter\Books\SpellTomeRestorationLowPoly.nif
Skyrim.esm	BOOK	000A2721	SpellTomeTurnUndead	[String 0000A7B0]	Clutter\Books\SpellTomeRestorationLowPoly.nif
Skyrim.esm	BOOK	000A2709	SpellTomeWallOfFlames	[String 0000F073]	Clutter\Books\SpellTomeDestructionLowPoly.nif
Skyrim.esm	BOOK	000A270A	SpellTomeWallOfFrost	[String 0000D008]	Clutter\Books\SpellTomeDestructionLowPoly.nif
Skyrim.esm	BOOK	000A270B	SpellTomeWallOfStorms	[String 000075A6]	Clutter\Books\SpellTomeDestructionLowPoly.nif
Skyrim.esm	BOOK	000A26E6	SpellTomeWaterbreathing	[String 00000026]	Clutter\Books\SpellTomeAlterationLowPoly.nif
Skyrim.esm	BOOK	00026EFE	T02LoveLetter	[String 0000FDB1]	Clutter\Books\Note01.nif
Skyrim.esm	BOOK	000211D7	T02LovePoem	[String 0000E4FA]	Clutter\Books\JournalLowPoly01.nif
Skyrim.esm	BOOK	0004C6C8	TG02BillofSale	[String 0000AA02]	Clutter\Books\Note03.nif
Skyrim.esm	BOOK	0010B2CD	TG03HamelynsJournal	[String 0001195F]	Clutter\Books\JournalLowPoly01.nif
Skyrim.esm	BOOK	000813B6	TG03SabjornLetter	[String 00008186]	Clutter\Books\Note04.nif
Skyrim.esm	BOOK	0007A508	TG04GoldenglowDeed	[String 00001949]	Clutter\Books\Note03.nif
Skyrim.esm	BOOK	000EF579	TG04GulumEiKillNote	[String 00010BB8]	Clutter\Books\Note01.nif
Skyrim.esm	BOOK	0001BB6D	TG05GallusJournal	[String 0000378D]	Clutter\Books\TG05JournalLowPoly01.nif
Skyrim.esm	BOOK	000CEDA6	TG05GallusJournalPre	[String 0000E7E5]	Clutter\Books\TG05JournalLowPoly01.nif
Skyrim.esm	BOOK	00072B13	TG07ValdDebt	[String 0000E81A]	Clutter\Books\Note01.nif
Skyrim.esm	BOOK	000FF223	TG09AndersMessage	[String 0001102A]	Clutter\Books\Note04.nif
Skyrim.esm	BOOK	000FF207	TG09NystromsJournal	[String 00011063]	Clutter\Books\JournalLowPoly01.nif
Skyrim.esm	BOOK	000F68AC	TGBook0NightingalesVolume01	[String 00010519]	Clutter\Books\BasicBook04a.nif
Skyrim.esm	BOOK	000F68AD	TGBook0NightingalesVolume02	[String 00010907]	Clutter\Books\BasicBook04a.nif
Skyrim.esm	BOOK	000DC176	TGTQ02SabineNote	[String 0000B952]	Clutter\Books\Note04.nif
Skyrim.esm	BOOK	0007D02F	TGTQ03SolitudeLetter	[String 00002CF4]	Clutter\Books\Note01.nif
Skyrim.esm	BOOK	0007D67D	TGTQ04Note	[String 00009E58]	Clutter\Books\Note03.nif
Skyrim.esm	BOOK	000D7773	TGTQ04Note01	[String 000030D6]	Clutter\Books\Note03.nif
Skyrim.esm	BOOK	000A17B0	WE100Letter	[String 0000F370]	Clutter\Books\Note01.nif
Skyrim.esm	BOOK	000BA0BE	WE34Note	[String 0000796B]	Clutter\Books\Note01.nif
Skyrim.esm	BOOK	000BC0A2	WE36PlayerBountyLetter	[String 000045FF]	Clutter\Books\Note01.nif
Skyrim.esm	BOOK	000BA300	WEJS01Note	[String 0000A000]	Clutter\Books\Note01.nif
Skyrim.esm	BOOK	000B1260	WEJS12DA01WarlockNote	[String 00008696]	Clutter\Books\Note01.nif
Skyrim.esm	BOOK	000F5BC0	WERJ13CragslaneNote	[String 00010994]	Clutter\Books\Note02.nif
Skyrim.esm	BOOK	001065F5	WERoad08CourierLetter	[String 00011644]	Clutter\Books\Note01.nif
Skyrim.esm	BOOK	00035B65	WIAddItem03Contract	[String 0000AA27]	Clutter\Books\Note01.nif
Skyrim.esm	BOOK	000A0F46	WIAddItem07Note	[String 0000ABA0]	Clutter\Books\Note02.nif
Skyrim.esm	BOOK	00039FC3	WIAssault02Letter	[String 0001010A]	Clutter\Books\Note03.nif
Skyrim.esm	BOOK	00023EE5	WICastMagic04Letter	[String 0000E7B4]	Clutter\Books\Note03.nif
Skyrim.esm	BOOK	0010596A	WIDBAssassinLetter	[String 000114FF]	Clutter\Books\Note01.nif
Skyrim.esm	BOOK	0001BFF5	WIKill03InheritanceLetter	[String 00004932]	Clutter\Books\Note01.nif
Skyrim.esm	BOOK	00071442	WIKill04RewardLetter	[String 0000E19B]	Clutter\Books\Note02.nif
Skyrim.esm	BOOK	00071443	WIKill04ThanksLetter	[String 00002495]	Clutter\Books\Note01.nif
Skyrim.esm	BOOK	0004EF00	WIKill06BountyLetter	[String 0000F499]	Clutter\Books\Note02.nif
Skyrim.esm	BOOK	00105A52	WindhelmFreeformBookOfFate	[String 00011486]	Clutter\Books\BasicBook06.nif
Skyrim.esm	CONT	0008771D	BarrelEmpty01	[String 000002EA]	Clutter\Barrel01.NIF
Skyrim.esm	CONT	000FB9CA	BarrelEmpty01_Snow	[String 00010F1C]	Clutter\Barrel01.NIF
Skyrim.esm	CONT	0010CD5B	BarrelFish01	[String 00011B39]	Clutter\Barrel01.NIF
Skyrim.esm	CONT	00000845	BarrelFood01	[String 0000DE55]	Clutter\Barrel01.NIF
Skyrim.esm	CONT	0010E882	BarrelFood01_NoRespawn	[String 00012406]	Clutter\Barrel01.NIF
Skyrim.esm	CONT	000FB9C9	BarrelFood01_Snow	[String 00010FAE]	Clutter\Barrel01.NIF
Skyrim.esm	CONT	00092B10	BarrelIngredientCommon01	[String 0000DD62]	Clutter\Barrel01.NIF
Skyrim.esm	CONT	0010E884	BarrelIngredientCommon01_NoRespawn	[String 00012413]	Clutter\Barrel01.NIF
Skyrim.esm	CONT	000FB9CB	BarrelIngredientCommon01_Snow	[String 00010F01]	Clutter\Barrel01.NIF
Skyrim.esm	CONT	00092B13	BarrelIngredientUncommon01	[String 0000E284]	Clutter\Barrel01.NIF
Skyrim.esm	CONT	0010E885	BarrelIngredientUncommon01_NoRespawn	[String 00012404]	Clutter\Barrel01.NIF
Skyrim.esm	CONT	000FB9CC	BarrelIngredientUncommon01_Snow	[String 00010E96]	Clutter\Barrel01.NIF
Skyrim.esm	CONT	0010D9C1	BarrelMeat01	[String 00011E65]	Clutter\Barrel01.NIF
Skyrim.esm	CONT	00101C95	BlackBriarMeadBarrel01	[String 000111D5]	Clutter\Barrel01.NIF
Skyrim.esm	CONT	000A6F8B	C01ObserverWerewolfStorage	[String 0000E18B]	Clutter\Containers\Chest01\Chest01.nif
Skyrim.esm	CONT	000DB358	C05FragmentBox	[String 00000424]	Clutter\Containers\Chest01\Chest01.nif
Skyrim.esm	CONT	00024CA7	CommonWardrobe01	[String 0000EA3E]	Clutter\Common\Wardrobe01.nif
Skyrim.esm	CONT	000E317B	CompanionsKodlakNightTable01	[String 00008B32]	Furniture\Noble\NobleNightTable01.nif
Skyrim.esm	CONT	000E3135	CRSpawnContainer	[String 0000EC58]	Clutter\Containers\Chest01\Chest01.nif
Skyrim.esm	CONT	00024CA4	Cupboard01	[String 00000586]	Clutter\Common\Cupboard01.nif
Skyrim.esm	CONT	000FD834	CWFortSoldierWoundedTentChest	[String 00010F7A]	Clutter\Containers\Chest01\Chest01.nif
Skyrim.esm	CONT	000D6712	CWMission04ChestContainer	[String 00001282]	Clutter\Containers\Chest01\Chest01.nif
Skyrim.esm	CONT	00016ACA	CWQuartermasterChestImperial	[String 0000D79E]	Clutter\Containers\Chest01\Chest01.nif
Skyrim.esm	CONT	000FE485	CWQuartermasterChestSons	[String 00010FC5]	Clutter\Containers\Chest01\Chest01.nif
Skyrim.esm	CONT	0003278A	DA04DwemerLockbox	[String 0000899C]	Clutter\Ruins\RuinsLargeUrnNoStand01.nif
Skyrim.esm	CONT	000C4DDA	DA04TowerOfMzarkCubeStorage	[String 000080DF]	Clutter\Containers\Chest01\Chest01.nif
Skyrim.esm	CONT	000954CB	DA05Skinbox	[String 0000A30E]	Clutter\Ruins\RuinsLargeUrnNoStand01.nif
Skyrim.esm	CONT	000B8589	DA07JorgenChest	[String 000023EE]	Clutter\Containers\Chest01\Chest01.nif
Skyrim.esm	CONT	00051618	DA07QuestObjectChest	[String 0000477A]	Clutter\Barrel01.NIF
Skyrim.esm	CONT	000252A6	DA07SilusChest	[String 00009C1A]	Clutter\Barrel01.NIF
Skyrim.esm	CONT	0002AC72	DA15Container	[String 0000A65C]	Clutter\Containers\Chest01\Chest01.nif
Skyrim.esm	CONT	0003BB12	DarkwaterJarWithKey	[String 0000D7B0]	Clutter\Ruins\RuinsCanopicJar02.nif
Skyrim.esm	CONT	00097F78	DB03Barrel	[String 00009B6E]	Clutter\Barrel01.NIF
Skyrim.esm	CONT	000DDCE2	DB08PapersBarrel	[String 0000A3EB]	Clutter\Barrel01.NIF
Skyrim.esm	CONT	0004FDAE	DB11LargeUrn	[String 00008EA8]	Clutter\Ruins\RuinsLargeUrnNoStand01.nif
Skyrim.esm	CONT	000D1478	DBPenitusOutpostChest	[String 0000A324]	Clutter\Containers\Chest01\Chest01.nif
Skyrim.esm	CONT	0006491F	DBTortureVictimContainer1	[String 0000BBF2]	Landscape\Rocks\RockL01.nif
Skyrim.esm	CONT	00064922	DBTortureVictimContainer3	[String 0000383B]	Landscape\Rocks\RockM02.nif
Skyrim.esm	CONT	00064923	DBTortureVictimContainer4	[String 00004104]	Landscape\Trees\TreePineForestStump01.nif
Skyrim.esm	CONT	000A0E42	DelphineSecretRoomChest	[String 0000CF57]	Clutter\Containers\Chest01\Chest01.nif
Skyrim.esm	CONT	000BCD2D	DEMOBanditChestSmall01	[String 00002CA9]	Clutter\Containers\Chest01\Chest01.nif
Skyrim.esm	CONT	000BCD2C	DEMODraugrChestLarge02	[String 00005D8E]	Clutter\Ruins\Ruins_LargeChest.nif
Skyrim.esm	CONT	000BCD2F	DEMODraugrChestLarge04	[String 0000D978]	Clutter\Ruins\Ruins_LargeChest.nif
Skyrim.esm	CONT	000BCD2E	DEMODraugrChestSmall03	[String 00007B09]	Clutter\Ruins\Ruins_SmallChest.nif
Skyrim.esm	CONT	000EBAD8	DesecratedImperial	[String 000108FC]	Clutter\DeadSoldiers\DesecratedImperial.nif
Skyrim.esm	CONT	000EBE06	DesecratedStormCloak	[String 000104D2]	Clutter\DeadSoldiers\DesecratedStormCloak.nif
Skyrim.esm	CONT	000E7A36	dunGeirmundCorpse	[String 0000BFB3]	Clutter\Ruins\RuinsDeadDraugr06.nif
Skyrim.esm	CONT	0006EA48	dunKatariahCaptainsChest	[String 00008354]	Clutter\Upperclass\UpperChest01.nif
Skyrim.esm	CONT	0006EA46	dunKatariahEmperorsChest	[String 000087DB]	Furniture\Noble\NobleChest01.nif
Skyrim.esm	CONT	000CE739	dunMiddenAtronachForgeBox	[String 000075C0]	Clutter\Dwemer\DweDresser01.nif
Skyrim.esm	CONT	000D30CC	dunMiddenInvestigationChest	[String 00006AB9]	Clutter\Upperclass\UpperChest01.nif
Skyrim.esm	CONT	000D30D1	dunMiddenRelicContainer	[String 0000EE38]	Clutter\Bones\BloodyHand.nif
Skyrim.esm	CONT	000DDEF7	dunMiddenVelehkRewardChest	[String 0000FACB]	Clutter\Ruins\Ruins_LargeChest.nif
Skyrim.esm	CONT	00108B2F	dunPurewaterRunSkillBookChest	[String 000117D5]	Clutter\Dwemer\DweContainter02.nif
Skyrim.esm	CONT	000F4A19	dunTreasMapDBridgeSatchel	[String 000107F1]	Clutter\Containers\Satchel.nif
Skyrim.esm	CONT	000F4A01	dunTreasMapTreasChest	[String 00010537]	Clutter\Containers\Chest01\Chest01.nif
Skyrim.esm	CONT	0010E05E	dunTreasMapTreasChestSpecial	[String 000120B1]	Clutter\Containers\Chest01\Chest01.nif
Skyrim.esm	CONT	000998C2	e3DEMOBanditChestSmall01	[String 000081F7]	Clutter\Containers\Chest01\Chest01.nif
Skyrim.esm	CONT	00099AE5	E3DemoPreCreekChest	[String 00001105]	Clutter\Ruins\Ruins_SmallChest.nif
Skyrim.esm	CONT	000AD06D	E3DemoTreasHallofStories	[String 00001D48]	Clutter\Ruins\RuinsCanopicJar01.nif
Skyrim.esm	CONT	00099A50	E3DemoTrollChest	[String 0000DC9A]	Clutter\Ruins\Ruins_LargeChest.nif
Skyrim.esm	CONT	00024CA6	EndTable01	[String 0000E55A]	Clutter\Common\EndTable01.nif
Skyrim.esm	CONT	00108D36	EvidenceChestPlayerInventory	[String 000117A6]	Clutter\Containers\Chest01\Chest01.nif
Skyrim.esm	CONT	000267E7	EvidenceChestStolenGoods	[String 0000724D]	Clutter\Containers\Chest01\Chest01.nif
Skyrim.esm	CONT	000E3EA1	FFMF01Chest	[String 0000CD82]	Clutter\Upperclass\UpperChest01.nif
Skyrim.esm	CONT	0003C50F	FFRiften02SibbiChest	[String 000024A5]	Furniture\Noble\NobleChest01.nif
Skyrim.esm	CONT	0003C59C	FFRiften04IngunChest	[String 0000E0DF]	Clutter\Containers\Chest01\Chest01.nif
Skyrim.esm	CONT	000E82C2	FFRiften08BrandiSheiStrongbox	[String 000040EC]	Clutter\Common\StrongBox01.nif
Skyrim.esm	CONT	00087900	FFRiften08BrandSheiChest	[String 0000984D]	Clutter\Containers\Chest01\Chest01.nif
Skyrim.esm	CONT	00062F5D	FFWinterholdBChest01	[String 00009298]	Clutter\Containers\Chest01\Chest01.nif
Skyrim.esm	CONT	00062F5F	FFWinterholdBChest02	[String 0000EC61]	Clutter\Containers\Chest01\Chest01.nif
Skyrim.esm	CONT	000C04C0	FVDStrongbox	[String 00001F69]	Clutter\Common\StrongBox01.nif
Skyrim.esm	CONT	00099D87	HHChest01	[String 0000CC80]	Clutter\Ruins\Ruins_LargeChest.nif
Skyrim.esm	CONT	0008836C	HonningbrewMeadBarrel01	[String 00009417]	Clutter\Barrel01.NIF
Skyrim.esm	CONT	0005CB12	HonningbrewMeadBarrelEmpty	[String 00000A95]	Clutter\Barrel01.NIF
Skyrim.esm	CONT	000F8476	LargeChestNoRespawn	[String 00010C82]	Clutter\Ruins\Ruins_LargeChest.nif
Skyrim.esm	CONT	0008836B	MeadBarrel02	[String 0000BFA5]	Clutter\Barrel01.NIF
Skyrim.esm	CONT	0007434B	MerchantCaravanAChest	[String 0000D57F]	Clutter\Containers\Chest01\Chest01.nif
Skyrim.esm	CONT	0007434D	MerchantCaravanBChest	[String 0000DD5D]	Clutter\Containers\Chest01\Chest01.nif
Skyrim.esm	CONT	0007434E	MerchantCaravanCChest	[String 00008CDA]	Clutter\Containers\Chest01\Chest01.nif
Skyrim.esm	CONT	000A2987	MerchantDawnstarMadenasChest	[String 00004500]	Clutter\Containers\Chest01\Chest01.nif
Skyrim.esm	CONT	0009E0DA	MerchantDawnstarMortarPestleChest	[String 0000DD3C]	Clutter\Containers\Chest01\Chest01.nif
Skyrim.esm	CONT	0009DA3F	MerchantDawnstarRustleifsBlacksmithChest	[String 00006A98]	Clutter\Containers\Chest01\Chest01.nif
Skyrim.esm	CONT	0009DA46	MerchantDawnstarWindpeakInnChest	[String 00001E02]	Clutter\Containers\Chest01\Chest01.nif
Skyrim.esm	CONT	000ABD9E	MerchantDBSanctuaryMerchantChest	[String 0000433D]	Clutter\Containers\Chest01\Chest01.nif
Skyrim.esm	CONT	000A6BF1	MerchantDragonBridgeFourShieldsTavernChest	[String 0000E54E]	Clutter\Containers\Chest01\Chest01.nif
Skyrim.esm	CONT	0009E128	MerchantDushnikhYalBlacksmithChest	[String 0000D7A0]	Clutter\Containers\Chest01\Chest01.nif
Skyrim.esm	CONT	0009E129	MerchantDushnikhYalWiseWomanChest	[String 0000D1D5]	Clutter\Containers\Chest01\Chest01.nif
Skyrim.esm	CONT	00072786	MerchantFalkreathBlacksmithChest	[String 0000246D]	Clutter\Containers\Chest01\Chest01.nif
Skyrim.esm	CONT	000A6BF3	MerchantFalkreathDeadMansDrinkChest	[String 000018AC]	Clutter\Containers\Chest01\Chest01.nif
Skyrim.esm	CONT	0006A876	MerchantFalkreathGraveConcoctionsChest	[String 0000A878]	Clutter\Containers\Chest01\Chest01.nif
Skyrim.esm	CONT	000A6BFC	MerchantFalkreathGrayPineGoodsChest	[String 00003BD6]	Clutter\Containers\Chest01\Chest01.nif
Skyrim.esm	CONT	000AC9CE	MerchantFilnjarBlacksmithChest	[String 0000150E]	Clutter\Containers\Chest01\Chest01.nif
Skyrim.esm	CONT	0009E491	MerchantHeljarchenApothecaryChest	[String 0000B34E]	Clutter\Containers\Chest01\Chest01.nif
Skyrim.esm	CONT	0009E48E	MerchantHeljarchenBlacksmithChest	[String 0000E399]	Clutter\Containers\Chest01\Chest01.nif
Skyrim.esm	CONT	000B2989	MerchantHonningbrewChest	[String 00009418]	Clutter\Containers\Chest01\Chest01.nif
Skyrim.esm	CONT	000B31E8	MerchantHonningbrewPostChest	[String 0000424D]	Clutter\Containers\Chest01\Chest01.nif
Skyrim.esm	CONT	000A0706	MerchantIvarsteadVilemyrInnChest	[String 00009778]	Clutter\Containers\Chest01\Chest01.nif
Skyrim.esm	CONT	000A3F25	MerchantKynesgroveBraidwoodInnChest	[String 0000BD72]	Clutter\Containers\Chest01\Chest01.nif
Skyrim.esm	CONT	000A3F02	MerchantKynesgroveDravyneaChest	[String 0000EE9E]	Clutter\Containers\Chest01\Chest01.nif
Skyrim.esm	CONT	000ACB6C	MerchantLargashburAtubChest	[String 000048F2]	Clutter\Containers\Chest01\Chest01.nif
Skyrim.esm	CONT	000ACB6F	MerchantLargashburBlacksmithChest	[String 00001AA3]	Clutter\Containers\Chest01\Chest01.nif
Skyrim.esm	CONT	0006479C	MerchantMarkarthAntonsChest	[String 00005DCB]	Clutter\Containers\Chest01\Chest01.nif
Skyrim.esm	CONT	0009E0D9	MerchantMarkarthArnleifandSonsChest	[String 0000F8B3]	Clutter\Containers\Chest01\Chest01.nif
Skyrim.esm	CONT	0009E0D8	MerchantMarkarthBlacksmithChest	[String 0000EC80]	Clutter\Containers\Chest01\Chest01.nif
Skyrim.esm	CONT	0009437C	MerchantMarkarthBolisChest	[String 00000CDA]	Clutter\Containers\Chest01\Chest01.nif
Skyrim.esm	CONT	0006479F	MerchantMarkarthCastleBlacksmithChest	[String 0000BE9B]	Clutter\Containers\Chest01\Chest01.nif
Skyrim.esm	CONT	0009E0D7	MerchantMarkarthHagsCureChest	[String 0000B132]	Clutter\Containers\Chest01\Chest01.nif
Skyrim.esm	CONT	0009437A	MerchantMarkarthKerahsChest	[String 00008F97]	Clutter\Containers\Chest01\Chest01.nif
Skyrim.esm	CONT	00094384	MerchantMarkarthSilverFishInnChest	[String 00002012]	Clutter\Containers\Chest01\Chest01.nif
Skyrim.esm	CONT	0009438A	MerchantMarkarthWizardsChest	[String 00005A6B]	Clutter\Containers\Chest01\Chest01.nif
Skyrim.esm	CONT	0009E46D	MerchantMorKhazgurBlacksmithChest	[String 000035A1]	Clutter\Containers\Chest01\Chest01.nif
Skyrim.esm	CONT	0009E469	MerchantMorKhazgurWiseWomanChest	[String 00004E68]	Clutter\Containers\Chest01\Chest01.nif
Skyrim.esm	CONT	0009DA56	MerchantMorthalFalionsChest	[String 0000E888]	Clutter\Containers\Chest01\Chest01.nif
Skyrim.esm	CONT	0009DA59	MerchantMorthalLamisChest	[String 0000C482]	Clutter\Containers\Chest01\Chest01.nif
Skyrim.esm	CONT	0009DA53	MerchantMorthalMoorsideInnChest	[String 0000C558]	Clutter\Containers\Chest01\Chest01.nif
Skyrim.esm	CONT	000B3FE1	MerchantNarzulburBlacksmithChest	[String 0000D962]	Clutter\Containers\Chest01\Chest01.nif
Skyrim.esm	CONT	000B3FE0	MerchantNarzulburWiseWomanChest	[String 00001AC7]	Clutter\Containers\Chest01\Chest01.nif
Skyrim.esm	CONT	0009E48B	MerchantNightgateInnChest	[String 00004921]	Clutter\Containers\Chest01\Chest01.nif
Skyrim.esm	CONT	0009E45F	MerchantOldHroldanHangedManInnChest	[String 0000E0FE]	Clutter\Containers\Chest01\Chest01.nif
Skyrim.esm	CONT	000A0703	MerchantRiftenBeeandBarbChest	[String 0000F627]	Clutter\Containers\Chest01\Chest01.nif
Skyrim.esm	CONT	00065C36	MerchantRiftenBeeandBarbTalenChest	[String 0000C491]	Clutter\Containers\Chest01\Chest01.nif
Skyrim.esm	CONT	000A29AC	MerchantRiftenBlackBriarMeadery	[String 00004698]	Clutter\Containers\Chest01\Chest01.nif
Skyrim.esm	CONT	000A31AE	MerchantRiftenElgrimsElixirsChest	[String 0000B534]	Clutter\Containers\Chest01\Chest01.nif
Skyrim.esm	CONT	000A31B5	MerchantRiftenGrandPlazaBrandishChest	[String 0000A085]	Clutter\Containers\Chest01\Chest01.nif
Skyrim.esm	CONT	000A31B4	MerchantRiftenGrandPlazaGrelkaChest	[String 0000D742]	Clutter\Containers\Chest01\Chest01.nif
Skyrim.esm	CONT	000A31B7	MerchantRiftenGrandPlazaMadesiChest	[String 00000E15]	Clutter\Containers\Chest01\Chest01.nif
Skyrim.esm	CONT	000A31B6	MerchantRiftenGrandPlazaMariseChest	[String 00002C6E]	Clutter\Containers\Chest01\Chest01.nif
Skyrim.esm	CONT	000A29AD	MerchantRiftenPawnedPrawnChest	[String 00007CC3]	Clutter\Containers\Chest01\Chest01.nif
Skyrim.esm	CONT	000A29AE	MerchantRiftenRaggedFlagonChest	[String 0000AC37]	Clutter\Containers\Chest01\Chest01.nif
Skyrim.esm	CONT	000A31AF	MerchantRiftenScorchedHammerBlacksmithChest	[String 00000A22]	Clutter\Containers\Chest01\Chest01.nif
Skyrim.esm	CONT	000A2988	MerchantRiftenWylandriahsChest	[String 0000CA05]	Clutter\Containers\Chest01\Chest01.nif
Skyrim.esm	CONT	00078C0D	MerchantRiverwoodAlvorBlacksmithChest	[String 000088E9]	Clutter\Containers\Chest01\Chest01.nif
Skyrim.esm	CONT	00078C0E	MerchantRiverwoodSleepingGiantChest	[String 000029F9]	Clutter\Containers\Chest01\Chest01.nif
Skyrim.esm	CONT	00078C0C	MerchantRiverwoodTraderChest	[String 000075E8]	Clutter\Containers\Chest01\Chest01.nif
Skyrim.esm	CONT	0009F250	MerchantRoriksteadFrostFruitInnChest	[String 00009644]	Clutter\Containers\Chest01\Chest01.nif
Skyrim.esm	CONT	000A6C05	MerchantSolitudeAngelinesAromatics	[String 0000BDB6]	Clutter\Containers\Chest01\Chest01.nif
Skyrim.esm	CONT	000A6C06	MerchantSolitudeBitsAndPieces	[String 00008BAF]	Clutter\Containers\Chest01\Chest01.nif
Skyrim.esm	CONT	000A6C07	MerchantSolitudeBlacksmith	[String 0000F4A0]	Clutter\Containers\Chest01\Chest01.nif
Skyrim.esm	CONT	000D6AA4	MerchantSolitudeEastEmpireCompany	[String 0000E200]	Clutter\Containers\Chest01\Chest01.nif
Skyrim.esm	CONT	000A6C0E	MerchantSolitudeFishAddvar	[String 00000246]	Clutter\Containers\Chest01\Chest01.nif
Skyrim.esm	CONT	000B2035	MerchantSolitudeFletcher	[String 0000DCCE]	Clutter\Containers\Chest01\Chest01.nif
Skyrim.esm	CONT	000A6C10	MerchantSolitudeFruitEvette	[String 0000B966]	Clutter\Containers\Chest01\Chest01.nif
Skyrim.esm	CONT	000A6C0F	MerchantSolitudeFruitJala	[String 0000BFF1]	Clutter\Containers\Chest01\Chest01.nif
Skyrim.esm	CONT	000A6C04	MerchantSolitudeRadiantRaiments	[String 0000A682]	Clutter\Containers\Chest01\Chest01.nif
Skyrim.esm	CONT	000A6C08	MerchantSolitudeStables	[String 0000E3B9]	Clutter\Containers\Chest01\Chest01.nif
Skyrim.esm	CONT	000A2989	MerchantSolitudeSybilleStentorChest	[String 00004718]	Clutter\Containers\Chest01\Chest01.nif
Skyrim.esm	CONT	000A6BF0	MerchantSolitudeWinkingSkeeverChest	[String 0000E634]	Clutter\Containers\Chest01\Chest01.nif
Skyrim.esm	CONT	000C644C	MerchantSpouseApothecaryChest	[String 00009152]	Clutter\Containers\Chest01\Chest01.nif
Skyrim.esm	CONT	000C644B	MerchantSpouseBlacksmithChest	[String 0000998D]	Clutter\Containers\Chest01\Chest01.nif
Skyrim.esm	CONT	000C644D	MerchantSpouseInnkeeperChest	[String 0000FD7D]	Clutter\Containers\Chest01\Chest01.nif
Skyrim.esm	CONT	000C644F	MerchantSpouseMiscVendorChest	[String 0000B1EB]	Clutter\Containers\Chest01\Chest01.nif
Skyrim.esm	CONT	000C644E	MerchantSpouseSpellsChest	[String 00006644]	Clutter\Containers\Chest01\Chest01.nif
Skyrim.esm	CONT	0009DA5C	MerchantStonehillsAleucChest	[String 000013AA]	Clutter\Containers\Chest01\Chest01.nif
Skyrim.esm	CONT	000AC9DA	MerchantTGArnskarChest	[String 0000336C]	Clutter\Containers\Chest01\Chest01.nif
Skyrim.esm	CONT	000AC9DB	MerchantTGHerluinChest	[String 000016C8]	Clutter\Containers\Chest01\Chest01.nif
Skyrim.esm	CONT	000AC9D9	MerchantTGSyndusChest	[String 0000AFD7]	Clutter\Containers\Chest01\Chest01.nif
Skyrim.esm	CONT	000AC9DC	MerchantTGVanrythChest	[String 00006817]	Clutter\Containers\Chest01\Chest01.nif
Skyrim.esm	CONT	00098BA3	MerchantWCollegeColetteChest	[String 00005338]	Clutter\Containers\Chest01\Chest01.nif
Skyrim.esm	CONT	00098B9E	MerchantWCollegeDrevisChest	[String 00009B3B]	Clutter\Containers\Chest01\Chest01.nif
Skyrim.esm	CONT	000EE9F7	MerchantWCollegeEnthirChest	[String 00010C1C]	Clutter\Containers\Chest01\Chest01.nif
Skyrim.esm	CONT	00098BA1	MerchantWCollegeFaraldaChest	[String 00007C04]	Clutter\Containers\Chest01\Chest01.nif
Skyrim.esm	CONT	00098BA2	MerchantWCollegePhinisChest	[String 00005279]	Clutter\Containers\Chest01\Chest01.nif
Skyrim.esm	CONT	00098BA4	MerchantWCollegeTolfdirChest	[String 00006508]	Clutter\Containers\Chest01\Chest01.nif
Skyrim.esm	CONT	0010C430	MerchantWCollegeUragChest	[String 00011C70]	Clutter\Containers\Chest01\Chest01.nif
Skyrim.esm	CONT	000ABB3E	MerchantWhiterunAnoriathChest	[String 0000E234]	Clutter\Containers\Chest01\Chest01.nif
Skyrim.esm	CONT	0009CD45	MerchantWhiterunArcadiasCauldronChest	[String 0000E685]	Clutter\Containers\Chest01\Chest01.nif
Skyrim.esm	CONT	0009CAFA	MerchantWhiterunBannerdMareChest	[String 00000EA7]	Clutter\Containers\Chest01\Chest01.nif
Skyrim.esm	CONT	0009CAF8	MerchantWhiterunBelethorsGoodsChest	[String 00008F49]	Clutter\Containers\Chest01\Chest01.nif
Skyrim.esm	CONT	000ABB40	MerchantWhiterunCarlottaChest	[String 0000E163]	Clutter\Containers\Chest01\Chest01.nif
Skyrim.esm	CONT	0009F257	MerchantWhiterunDrunkenHuntsmanChest	[String 0000A0E3]	Clutter\Containers\Chest01\Chest01.nif
Skyrim.esm	CONT	0010FDE6	MerchantWhiterunEorlundChest	[String 00012654]	Clutter\Containers\Chest01\Chest01.nif
Skyrim.esm	CONT	000A298A	MerchantWhiterunFarengarsChest	[String 0000CAA6]	Clutter\Containers\Chest01\Chest01.nif
Skyrim.esm	CONT	0010C1D5	MerchantWhiterunFraliaChest	[String 00011A76]	Clutter\Containers\Chest01\Chest01.nif
Skyrim.esm	CONT	0009CAFD	MerchantWhiterunWarmaidensBlacksmithChest	[String 0000E4A2]	Clutter\Containers\Chest01\Chest01.nif
Skyrim.esm	CONT	000A3F09	MerchantWindhelmAvalAtheronChest	[String 0000875F]	Clutter\Containers\Chest01\Chest01.nif
Skyrim.esm	CONT	000A3F17	MerchantWindhelmBlacksmithChest	[String 0000DF2F]	Clutter\Containers\Chest01\Chest01.nif
Skyrim.esm	CONT	000A3EFF	MerchantWindhelmCandlehearthHallChest	[String 00007325]	Clutter\Containers\Chest01\Chest01.nif
Skyrim.esm	CONT	000A3F14	MerchantWindhelmCornerclubChest	[String 0000E125]	Clutter\Containers\Chest01\Chest01.nif
Skyrim.esm	CONT	000A3F0C	MerchantWindhelmHilleviChest	[String 00004B62]	Clutter\Containers\Chest01\Chest01.nif
Skyrim.esm	CONT	000A3F05	MerchantWindhelmNiranyeChest	[String 0000F5D9]	Clutter\Containers\Chest01\Chest01.nif
Skyrim.esm	CONT	000A3F10	MerchantWindhelmRevynSadriChest	[String 00005FD7]	Clutter\Containers\Chest01\Chest01.nif
Skyrim.esm	CONT	000AF632	MerchantWindhelmWhitePhialChest	[String 0000AF3E]	Clutter\Containers\Chest01\Chest01.nif
Skyrim.esm	CONT	000A3F1B	MerchantWindhelmWuunferthsChest	[String 000061E2]	Clutter\Containers\Chest01\Chest01.nif
Skyrim.esm	CONT	0009DA63	MerchantWinterholdBirnaChest	[String 000014AD]	Clutter\Containers\Chest01\Chest01.nif
Skyrim.esm	CONT	0009DA5F	MerchantWinterholdFrozenHearthChest	[String 00003E64]	Clutter\Containers\Chest01\Chest01.nif
Skyrim.esm	CONT	000E7BCD	MerchantWinterholdNelacarChest	[String 0000961F]	Clutter\Containers\Chest01\Chest01.nif
Skyrim.esm	CONT	000D762F	MGHoldingChest	[String 00007A3B]	Clutter\Containers\Chest01\Chest01.nif
Skyrim.esm	CONT	0006A0DB	MGRConvector	[String 00003CA1]	Clutter\Containers\DweSoulGemContainer01.nif
Skyrim.esm	CONT	000D0753	MGRitual04PlayerItemChest	[String 00004B0F]	Clutter\Barrel01.NIF
Skyrim.esm	CONT	00097F64	MiscSack02Large	[String 0000B8A3]	Clutter\Containers\MiscSack02Large.nif
Skyrim.esm	CONT	00097F68	MiscSack02LargeFlat	[String 00006111]	Clutter\Containers\MiscSack02LargeFlat.nif
Skyrim.esm	CONT	0010E888	MiscSack02LargeFlat_NoRespawn	[String 000123FF]	Clutter\Containers\MiscSack02LargeFlat.nif
Skyrim.esm	CONT	00097F66	MiscSack02Small	[String 0000E816]	Clutter\Containers\MiscSack02Small.nif
Skyrim.esm	CONT	0010E889	MiscSack02Small_NoRespawn	[String 00012409]	Clutter\Containers\MiscSack02Small.nif
Skyrim.esm	CONT	00097F6A	MiscSack02SmallFlat	[String 0000EC50]	Clutter\Containers\MiscSack02SmallFlat.nif
Skyrim.esm	CONT	0010E88A	MiscSack02SmallFlat_NoRespawn	[String 00012437]	Clutter\Containers\MiscSack02SmallFlat.nif
Skyrim.esm	CONT	00097F54	MiscSackLarge	[String 0000E41A]	Clutter\Containers\MiscSackLarge.nif
Skyrim.esm	CONT	0010E886	MiscSackLarge_NoRespawn	[String 0001242D]	Clutter\Containers\MiscSackLarge.nif
Skyrim.esm	CONT	00097F6C	MiscSackLargeFlat01	[String 0000EE28]	Clutter\Containers\MiscSackLargeFlat01.nif
Skyrim.esm	CONT	0010E883	MiscSackLargeFlat01_NoRespawn	[String 0001240D]	Clutter\Containers\MiscSackLargeFlat01.nif
Skyrim.esm	CONT	00097F6E	MiscSackLargeFlat02	[String 0000827F]	Clutter\Containers\MiscSackLargeFlat02.nif
Skyrim.esm	CONT	0010E887	MiscSackLargeFlat02_NoRespawn	[String 00012424]	Clutter\Containers\MiscSackLargeFlat02.nif
Skyrim.esm	CONT	00097F70	MiscSackLargeFlat03	[String 00003F9E]	Clutter\Containers\MiscSackLargeFlat03.nif
Skyrim.esm	CONT	00097F51	MiscSackSmall	[String 0000D63A]	Clutter\Containers\MiscSackSmall.nif
Skyrim.esm	CONT	00035A5C	MQ101BarracksChest01	[String 00008187]	Clutter\Containers\Chest01\Chest01.nif
Skyrim.esm	CONT	00035A5F	MQ101BarracksChest02	[String 00000868]	Clutter\Containers\Chest01\Chest01.nif
Skyrim.esm	CONT	001046B1	MQ101Barrel	[String 000113B9]	Clutter\Barrel01.NIF
Skyrim.esm	CONT	000B622D	MQ101WardenChest	[String 0000F531]	Clutter\Containers\Chest01\Chest01.nif
Skyrim.esm	CONT	000F684D	MQ201ElenwenOfficeChest	[String 00010C41]	Clutter\Containers\Chest01\Chest01.nif
Skyrim.esm	CONT	00070479	MQ201GearContainerNEW	[String 00007118]	Clutter\Containers\Chest01\Chest01.nif
Skyrim.esm	CONT	000E3F97	MQ201InterrogationChamberChest	[String 000011AF]	Clutter\Containers\Chest01\Chest01.nif
Skyrim.esm	CONT	000A0DB5	MQ201PlayerContainerNoResetNEW	[String 00007E8B]	Clutter\Containers\Chest01\Chest01.nif
Skyrim.esm	CONT	000A7922	MQ201PlayerContainerNoResetOLD	[String 0000DE2F]	Furniture\Noble\NobleChest01.nif
Skyrim.esm	CONT	00020FBB	MS01CIldenesWardrobe	[String 0000638F]	Clutter\Barrel01.NIF
Skyrim.esm	CONT	00020FB9	MS01CRhiadasWardrobe	[String 0000D33E]	Clutter\Barrel01.NIF
Skyrim.esm	CONT	00018E73	MS05_SvaknirsCorpse	[String 0000C1EA]	Clutter\Ruins\RuinsDeadDraugr06.nif
Skyrim.esm	CONT	00023A6D	MS07Treasure	[String 0000E51D]	Clutter\Containers\Chest01\Chest01.nif
Skyrim.esm	CONT	0002B034	MS11ButcherChest	[String 0000D469]	Clutter\Containers\Chest01\Chest01.nif
Skyrim.esm	CONT	00066181	MS11CalixtoChestREF	[String 00007F7A]	Clutter\Containers\Chest01\Chest01.nif
Skyrim.esm	CONT	0010FBF6	MS12bBriarHeartStorage	[String 0001261A]	Clutter\Containers\Chest01\Chest01.nif
Skyrim.esm	CONT	0006B30E	NobleChest01	[String 0000DEAC]	Furniture\Noble\NobleChest01.nif
Skyrim.esm	CONT	000C2A05	NobleChestDrawers01	[String 000050F6]	Furniture\Noble\NobleChestDrawers01.nif
Skyrim.esm	CONT	000C2A04	NobleChestDrawers02	[String 000010F2]	Furniture\Noble\NobleChestDrawers02.nif
Skyrim.esm	CONT	00105024	NobleChestDrawers02NoName		Furniture\Noble\NobleChestDrawers02.nif
Skyrim.esm	CONT	000C4D4E	NobleCupboard01	[String 0000D3E1]	Furniture\Noble\NobleChestDrawers01.nif
Skyrim.esm	CONT	000C4D4F	NobleCupboard02	[String 0000E5FF]	Furniture\Noble\NobleChestDrawers02.nif
Skyrim.esm	CONT	000C2A06	NobleNightTable01	[String 00005E8F]	Furniture\Noble\NobleNightTable01.nif
Skyrim.esm	CONT	0006B303	NobleWardrobe01	[String 0000D599]	Furniture\Noble\NobleWardrobe01.nif
Skyrim.esm	CONT	00042D91	OrcEndTable01	[String 0000621B]	Furniture\OrcFurniture\OrcEndTable01.nif
Skyrim.esm	CONT	0009AF19	PersonalChestSmall	[String 0000BF3A]	Clutter\Containers\Chest01\Chest01.nif
Skyrim.esm	CONT	000DC9E7	PlayerBookShelfContainer	[String 0000AFBC]	Markers\Misc\InvisibleCollision01.nif
Skyrim.esm	CONT	000F3923	PlayerHouseChest	[String 00010A16]	Clutter\Upperclass\UpperChest01.nif
Skyrim.esm	CONT	000F1461	PlayerPotionRackContainer	[String 0001093F]	Markers\Misc\InvisibleCollision01.nif
Skyrim.esm	CONT	0002BA17	PlayerWerewolfStorage	[String 0000B133]	Clutter\Containers\Chest01\Chest01.nif
Skyrim.esm	CONT	000C2CD6	QAArmorContainer	[String 0000E44C]	Clutter\Dwemer\DweDresser01.nif
Skyrim.esm	CONT	000C2D3B	QABooksContainer	[String 00007569]	Clutter\Dwemer\DweDresser01.nif
Skyrim.esm	CONT	000C2CD8	QAClothingJewelryContainer	[String 0000B203]	Clutter\Dwemer\DweDresser01.nif
Skyrim.esm	CONT	000C2CD7	QAEnchantedArmorContainer	[String 00001575]	Clutter\Dwemer\DweDresser01.nif
Skyrim.esm	CONT	000C2CDF	QAEnchantedWeaponContainer	[String 00004BC7]	Clutter\Dwemer\DweDresser01.nif
Skyrim.esm	CONT	000C2CE2	QAPotionContainer	[String 0000C49D]	Clutter\Dwemer\DweDresser01.nif
Skyrim.esm	CONT	000C2CE1	QAScrollContainer	[String 000089D3]	Clutter\Dwemer\DweDresser01.nif
Skyrim.esm	CONT	0010D9FF	QASkillBookContainer	[String 00011E68]	Clutter\Dwemer\DweDresser01.nif
Skyrim.esm	CONT	000C2CDD	QASoulGemContainer	[String 0000C059]	Clutter\Dwemer\DweDresser01.nif
Skyrim.esm	CONT	000C2CE0	QAWeaponContainer	[String 0000F20F]	Clutter\Dwemer\DweDresser01.nif
Skyrim.esm	CONT	000B8F48	RiftenBrynjolfStrongbox	[String 0000601B]	Clutter\Common\StrongBox01.nif
Skyrim.esm	CONT	0010E7E5	RiftenConfiscatedGoodsChest	[String 000123B4]	Clutter\Containers\Chest01\Chest01.nif
Skyrim.esm	CONT	000B8F32	RiftenGrelkaStrongbox	[String 0000A810]	Clutter\Common\StrongBox01.nif
Skyrim.esm	CONT	000C4493	RiftenTempleCharityChest	[String 0000DD6C]	Furniture\Noble\NobleChest01.nif
Skyrim.esm	CONT	0004EC4F	RoriksteadFreeformMralkisChest	[String 0000E949]	Clutter\Containers\Chest01\Chest01.nif
Skyrim.esm	CONT	00015BAB	SeptimusSignusCupboard	[String 0000769A]	Clutter\Upperclass\UpperCupboard01.nif
Skyrim.esm	CONT	00103241	SkyHavenArmoryChest	[String 000112CA]	Clutter\Containers\Chest01\Chest01.nif
Skyrim.esm	CONT	00060752	SovBarrel01	[String 0000D6E6]	Clutter\Sovngarde\SovBarrel01.nif
Skyrim.esm	CONT	00054175	SpitPotClosed01	[String 00009701]	Clutter\WoodFires\SpitPotClosed01.nif
Skyrim.esm	CONT	000997FE	SpitPotClosed01AlchemyCommon	[String 0000979F]	Clutter\WoodFires\SpitPotClosed01.nif
Skyrim.esm	CONT	00056AD4	SpitPotClosed02	[String 00002B41]	Clutter\WoodFires\SpitPotClosed02.nif
Skyrim.esm	CONT	00054174	SpitPotClosedLoose01	[String 00005C1D]	Clutter\WoodFires\SpitPotClosedLoose01.nif
Skyrim.esm	CONT	000997FF	SpitPotClosedLoose01AlchemyCommon	[String 0000144E]	Clutter\WoodFires\SpitPotClosedLoose01.nif
Skyrim.esm	CONT	0009424C	StrongBox	[String 00001D30]	Clutter\Common\StrongBox01.nif
Skyrim.esm	CONT	0008B6F6	T02LibraryBox	[String 00000151]	Clutter\Ruins\RuinsLargeUrnNoStand01.nif
Skyrim.esm	CONT	000D069C	T02RiftenTempleChest	[String 000044B4]	Clutter\Containers\Chest01\Chest01.nif
Skyrim.esm	CONT	0008B6F8	T03SapBox	[String 0000EDED]	Clutter\Ruins\RuinsLargeUrnNoStand01.nif
Skyrim.esm	CONT	00076F13	TG00MadesiChest	[String 00006FF0]	Clutter\Common\StrongBox01.nif
Skyrim.esm	CONT	000813B8	TG03SabjornChest	[String 0000D4AB]	Clutter\Upperclass\UpperDresser01.nif
Skyrim.esm	CONT	0010DE03	TG03Strongbox	[String 00012116]	Clutter\Common\StrongBox01.nif
Skyrim.esm	CONT	000EF578	TG04GulumEiKillChest	[String 00010B93]	Clutter\Ruins\Ruins_LargeChest.nif
Skyrim.esm	CONT	000FDBD0	TGCacheBarrel	[String 00010F10]	Clutter\TGBarrel01.nif
Skyrim.esm	CONT	000D8E4B	TGFenceMerchantChestCaravanAtahba	[String 0000F204]	Clutter\Upperclass\UpperChest01.nif
Skyrim.esm	CONT	000D8E4C	TGFenceMerchantChestCaravanMajhad	[String 00004302]	Clutter\Upperclass\UpperChest01.nif
Skyrim.esm	CONT	000D8E4D	TGFenceMerchantChestCaravanZaynabi	[String 000042C2]	Clutter\Upperclass\UpperChest01.nif
Skyrim.esm	CONT	000D882F	TGFenceMerchantChestEndon	[String 00000871]	Clutter\Upperclass\UpperChest01.nif
Skyrim.esm	CONT	000D8830	TGFenceMerchantChestEnthir	[String 0000B6F1]	Clutter\Upperclass\UpperChest01.nif
Skyrim.esm	CONT	000D882D	TGFenceMerchantChestGulumEi	[String 0000CBF7]	Clutter\Upperclass\UpperChest01.nif
Skyrim.esm	CONT	000D8831	TGFenceMerchantChestMallus	[String 000035B9]	Clutter\Upperclass\UpperChest01.nif
Skyrim.esm	CONT	000D882E	TGFenceMerchantChestNiranye	[String 0000DD8B]	Clutter\Upperclass\UpperChest01.nif
Skyrim.esm	CONT	000D54C5	TGFenceMerchantChestTonilia	[String 000071D7]	Clutter\Upperclass\UpperChest01.nif
Skyrim.esm	CONT	0010DD41	TGGuildChest	[String 000125B0]	Clutter\Containers\Chest01\Chest01.nif
Skyrim.esm	CONT	00052B5A	TGREvidenceChest	[String 00007EDA]	Clutter\Containers\Chest01\Chest01.nif
Skyrim.esm	CONT	00081DD8	TGREvidenceChestNoble	[String 0000487C]	Furniture\Noble\NobleChest01.nif
Skyrim.esm	CONT	00081DD9	TGREvidenceChestUpper	[String 0000562E]	Clutter\Upperclass\UpperChest01.nif
Skyrim.esm	CONT	000EA722	TGRStrongbox	[String 0001020E]	Clutter\Common\StrongBox01.nif
Skyrim.esm	CONT	0010798C	TGStrongbox	[String 00011627]	Clutter\Common\StrongBox01.nif
Skyrim.esm	CONT	0007CD37	TGTQ02CaptainsFootlocker	[String 0000D75C]	Clutter\Containers\Chest01\Chest01.nif
Skyrim.esm	CONT	000DC173	TGTQ02SabineChest	[String 00001582]	Clutter\Containers\Chest01\Chest01.nif
Skyrim.esm	CONT	000F68AE	TGTributeChest	[String 000105CD]	Furniture\Noble\NobleChest01.nif
Skyrim.esm	CONT	0008EA5E	TreasAfflictedChest	[String 0000BAA0]	Clutter\Containers\Chest01\Chest01.nif
Skyrim.esm	CONT	0008EA5D	TreasAfflictedChestBoss	[String 0000071A]	Clutter\Ruins\Ruins_LargeChest.nif
Skyrim.esm	CONT	000AF6AC	TreasAlchemySatchelCommon	[String 000092FC]	Clutter\Containers\Satchel.nif
Skyrim.esm	CONT	000AF6AF	TreasAlchemySatchelRare	[String 0000C240]	Clutter\Containers\Satchel.nif
Skyrim.esm	CONT	000AF6AE	TreasAlchemySatchelUncommon	[String 0000DE27]	Clutter\Containers\Satchel.nif
Skyrim.esm	CONT	0000000E	TreasBag	[String 0000F09F]	Clutter\Sack01.NIF
Skyrim.esm	CONT	0003AC21	TreasBanditChest	[String 0000AD96]	Clutter\Containers\Chest01\Chest01.nif
Skyrim.esm	CONT	0002064F	TreasBanditChestBoss	[String 00008A5F]	Clutter\Ruins\Ruins_LargeChest.nif
Skyrim.esm	CONT	0007AA90	TreasBanditChestBossEMPTY	[String 0000D580]	Clutter\Ruins\Ruins_LargeChest.nif
Skyrim.esm	CONT	00020673	TreasBanditChestEMPTY	[String 0000DB42]	Clutter\Containers\Chest01\Chest01.nif
Skyrim.esm	CONT	000F1F66	TreasBanditChestSnow	[String 00010BEE]	Clutter\Containers\Chest01\Chest01.nif
Skyrim.esm	CONT	000F8478	TreasChestSmallEMPTYNoRespawn	[String 00010DC0]	Clutter\Ruins\Ruins_SmallChest.nif
Skyrim.esm	CONT	0008A3B4	TreasCWImperialChest	[String 0000C0FB]	Clutter\Containers\Chest01\Chest01.nif
Skyrim.esm	CONT	0008B1F0	TreasCWImperialChestBossLarge	[String 00009369]	Clutter\Ruins\Ruins_LargeChest.nif
Skyrim.esm	CONT	0008B1E8	TreasCWImperialChestBossSmall	[String 0000BC9E]	Clutter\Containers\Chest01\Chest01.nif
Skyrim.esm	CONT	0010EE0C	TreasCWImperialChestCWMission07	[String 0001244D]	Clutter\Containers\Chest01\Chest01.nif
Skyrim.esm	CONT	0008A3B6	TreasCWSonsChest	[String 0000B448]	Clutter\Containers\Chest01\Chest01.nif
Skyrim.esm	CONT	0008B1F1	TreasCWSonsChestBossLarge	[String 0000EDE1]	Clutter\Ruins\Ruins_LargeChest.nif
Skyrim.esm	CONT	0008B1E9	TreasCWSonsChestBossSmall	[String 0000C522]	Clutter\Containers\Chest01\Chest01.nif
Skyrim.esm	CONT	0010EE0B	TreasCWSonsChestCWMission07	[String 00012461]	Clutter\Containers\Chest01\Chest01.nif
Skyrim.esm	CONT	0008008F	TreasDraugrAmbushCorpse02	[String 00003FF1]	Clutter\Ruins\RuinsDeadDraugr01.nif
Skyrim.esm	CONT	00080090	TreasDraugrAmbushCorpse03	[String 0000DA26]	Clutter\Ruins\RuinsDeadDraugr02.nif
Skyrim.esm	CONT	00080091	TreasDraugrAmbushCorpse04	[String 0000094E]	Clutter\Ruins\RuinsDeadDraugr03.nif
Skyrim.esm	CONT	00080092	TreasDraugrAmbushCorpse05	[String 0000BABD]	Clutter\Ruins\RuinsDeadDraugr04.nif
Skyrim.esm	CONT	00080093	TreasDraugrAmbushCorpse06	[String 00008825]	Clutter\Ruins\RuinsDeadDraugr05.nif
Skyrim.esm	CONT	00080094	TreasDraugrAmbushCorpse07	[String 0000030C]	Clutter\Ruins\RuinsDeadDraugr06.nif
Skyrim.esm	CONT	000DB047	TreasDraugrAmbushCorpseSitting	[String 0000BE92]	Clutter\Ruins\RuinsDeadDraugrSit.nif
Skyrim.esm	CONT	0008008D	TreasDraugrAmbushCorpseWrapped01	[String 0000223D]	Clutter\Ruins\RuinsDeadDraugrWrapped01.nif
Skyrim.esm	CONT	0008008E	TreasDraugrAmbushCorpseWrapped02	[String 0000B476]	Clutter\Ruins\RuinsDeadDraugrWrapped02.nif
Skyrim.esm	CONT	00020670	TreasDraugrChest	[String 00003B1A]	Clutter\Ruins\Ruins_SmallChest.nif
Skyrim.esm	CONT	00020671	TreasDraugrChestBoss	[String 00000E76]	Clutter\Ruins\Ruins_LargeChest.nif
Skyrim.esm	CONT	00020672	TreasDraugrChestEMPTYLarge	[String 00001033]	Clutter\Ruins\Ruins_LargeChest.nif
Skyrim.esm	CONT	000AD6D4	TreasDraugrChestEMPTYSmall	[String 00004A0F]	Clutter\Ruins\Ruins_SmallChest.nif
Skyrim.esm	CONT	00020652	TreasDwarvenChestBoss	[String 0000C1E6]	Clutter\Dwemer\DweChest01.nif
Skyrim.esm	CONT	00094F0E	TreasDwarvenChestBossEMPTY	[String 00002805]	Clutter\Dwemer\DweChest01.nif
Skyrim.esm	CONT	0002069A	TreasDwarvenChestLarge	[String 00003F54]	Clutter\Dwemer\DweContainer01.nif
Skyrim.esm	CONT	000F3AF7	TreasDwarvenChestLargeEMPTY	[String 00010544]	Clutter\Dwemer\DweContainer01.nif
Skyrim.esm	CONT	00020650	TreasDwarvenChestSmall	[String 0000DE88]	Clutter\Dwemer\DweContainter02.nif
Skyrim.esm	CONT	00094F10	TreasDwarvenChestSmallEMPTY	[String 00001BD8]	Clutter\Dwemer\DweContainter02.nif
Skyrim.esm	CONT	000EF052	TreasExplorerLootChest	[String 00010A45]	Clutter\Containers\Chest01\Chest01.nif
Skyrim.esm	CONT	000FCB25	TreasExplorerLootChestSnow	[String 00010EB4]	Clutter\Containers\Chest01\Chest01.nif
Skyrim.esm	CONT	00020659	TreasFalmerChest	[String 0000DF82]	Clutter\Falmer\FalmerContainer.nif
Skyrim.esm	CONT	0002065B	TreasFalmerChestBoss	[String 00000189]	Clutter\Falmer\FalmerContainer02.nif
Skyrim.esm	CONT	000B1176	TreasFalmerChestBossDwarven	[String 000007CF]	Clutter\Dwemer\DweChest01.nif
Skyrim.esm	CONT	000305A1	TreasFalmerChestEMPTY	[String 0000F64B]	Clutter\Falmer\FalmerContainer.nif
Skyrim.esm	CONT	00020654	TreasForswornChest	[String 000052DE]	Clutter\Containers\Chest01\Chest01.nif
Skyrim.esm	CONT	00020658	TreasForswornChestBoss	[String 0000184D]	Clutter\Ruins\Ruins_LargeChest.nif
Skyrim.esm	CONT	000774C6	TreasGiantChest	[String 000093F6]	Clutter\Containers\Chest01\Chest01.nif
Skyrim.esm	CONT	000774BF	TreasGiantChestBoss	[String 00006AB7]	Clutter\Ruins\Ruins_LargeChest.nif
Skyrim.esm	CONT	00020665	TreasHagravenChest	[String 00006F69]	Clutter\Containers\Chest01\Chest01.nif
Skyrim.esm	CONT	00020667	TreasHagravenChestBoss	[String 0000D489]	Clutter\Ruins\Ruins_LargeChest.nif
Skyrim.esm	CONT	000D89C6	TreasHouseNobleChest	[String 000071B9]	Furniture\Noble\NobleChest01.nif
Skyrim.esm	CONT	000B7879	TreasKnapsack	[String 000003D2]	Clutter\Containers\MiscPouch.nif
Skyrim.esm	CONT	000774C8	TreasOrcChest	[String 00000D34]	Clutter\Containers\Chest01\Chest01.nif
Skyrim.esm	CONT	000774C9	TreasOrcChestBoss	[String 00007796]	Clutter\Ruins\Ruins_LargeChest.nif
Skyrim.esm	CONT	0001C4AC	TreasRuinsUrnLarge01	[String 0000E31A]	Clutter\Ruins\RuinsLargeUrnNoStand01.nif
Skyrim.esm	CONT	000BF144	TreasRuinsUrnLarge01EMPTY	[String 0000EBB1]	Clutter\Ruins\RuinsLargeUrnNoStand01.nif
Skyrim.esm	CONT	0001C4AA	TreasRuinsUrnLarge02	[String 0000E9B0]	Clutter\Ruins\RuinsLargeUrnWithStand01.nif
Skyrim.esm	CONT	000BF145	TreasRuinsUrnLarge02EMPTY	[String 00002074]	Clutter\Ruins\RuinsLargeUrnWithStand01.nif
Skyrim.esm	CONT	000F8477	TreasRuinsUrnLargeEmptyNoRespawn	[String 00010DD6]	Clutter\Ruins\RuinsLargeUrnWithStand01.nif
Skyrim.esm	CONT	0001CD63	TreasRuinsUrnSmall01	[String 00005F8B]	Clutter\Ruins\RuinsCanopicJar01.nif
Skyrim.esm	CONT	000BF146	TreasRuinsUrnSmall01EMPTY	[String 000074E6]	Clutter\Ruins\RuinsCanopicJar01.nif
Skyrim.esm	CONT	0001CD65	TreasRuinsUrnSmall02	[String 0000E179]	Clutter\Ruins\RuinsCanopicJar02.nif
Skyrim.esm	CONT	000BF147	TreasRuinsUrnSmall02EMPTY	[String 0000B612]	Clutter\Ruins\RuinsCanopicJar02.nif
Skyrim.esm	CONT	0003FA7D	TreasSpiderEggSac01	[String 0000FA53]	Clutter\Ruins\RuinsSpiderSac05.nif
Skyrim.esm	CONT	0010AAD2	TreasStrongBox	[String 000119AF]	Clutter\Common\StrongBox01.nif
Skyrim.esm	CONT	000D1259	TreasTreashunterChest	[String 0000B8C8]	Clutter\Containers\Chest01\Chest01.nif
Skyrim.esm	CONT	00021363	TreasUpperChest	[String 0000F6DD]	Clutter\Upperclass\UpperChest01.nif
Skyrim.esm	CONT	0001D13C	TreasUpperChestEMPTY	[String 0000A5D2]	Clutter\Upperclass\UpperChest01.nif
Skyrim.esm	CONT	00020662	TreasVampireChest	[String 00009370]	Clutter\Upperclass\UpperChest01.nif
Skyrim.esm	CONT	00020664	TreasVampireChestBoss	[String 00007EFE]	Clutter\Ruins\Ruins_LargeChest.nif
Skyrim.esm	CONT	0005418E	TreasWarlockChest	[String 000072F4]	Clutter\Containers\Chest01\Chest01.nif
Skyrim.esm	CONT	0002065D	TreasWarlockChestBoss	[String 0000D84A]	Clutter\Ruins\Ruins_LargeChest.nif
Skyrim.esm	CONT	0002065F	TreasWerewolfChest	[String 00008FD9]	Clutter\Containers\Chest01\Chest01.nif
Skyrim.esm	CONT	00020661	TreasWerewolfChestBoss	[String 00000698]	Clutter\Ruins\Ruins_LargeChest.nif
Skyrim.esm	CONT	000EA299	UnownedChest	[String 00010221]	Clutter\Containers\Chest01\Chest01.nif
Skyrim.esm	CONT	00021364	UpperCupboard01	[String 00006446]	Clutter\Upperclass\UpperCupboard01.nif
Skyrim.esm	CONT	00021366	UpperEndTable01	[String 0000D0D6]	Clutter\Upperclass\UpperEndTable01.nif
Skyrim.esm	CONT	0007DF28	UpperEndTable02	[String 0000A789]	Clutter\Upperclass\UpperEndTable02.nif
Skyrim.esm	CONT	00021362	UpperWardrobe01	[String 000073A8]	Clutter\Upperclass\UpperWardrobe01.nif
Skyrim.esm	CONT	0009AF14	VendorMiscChestSmall	[String 0000BC07]	Clutter\Containers\Chest01\Chest01.nif
Skyrim.esm	CONT	0009F810	WE19BanditLootChest	[String 00002B06]	Clutter\Containers\Chest01\Chest01.nif
Skyrim.esm	CONT	000BBCD0	WEMerchantChest	[String 000087A5]	Clutter\Containers\Chest01\Chest01.nif
Skyrim.esm	CONT	00039FB8	WICourierContainer	[String 0000FA31]	Clutter\Barrel01.NIF
Skyrim.esm	CONT	000F93DD	WinhelmBurialUrn	[String 00010CF5]	Clutter\Ruins\RuinsLargeUrnWithStand01.nif
Skyrim.esm	CONT	00109D86	WinterholdBookCase01	[String 00011934]	Architecture\Winterhold\WinterholdBookCase01.nif
Skyrim.esm	CONT	00069E50	WRinteractiveBookshelfContainer	[String 0000D06D]	Architecture\WhiteRun\WRInteriors\WRWallShelf01.nif
Skyrim.esm	FLOR	000B202C	FloraCreepClusterRock	[String 00006901]	Plants\FloraCreepCluster02.nif
Skyrim.esm	FLOR	0004D9FF	FloraMushroom01	[String 00005AE1]	Plants\FloraMushroom01.nif
Skyrim.esm	FLOR	000E644B	FloraMushroom01FallForestDirt01	[String 0000C987]	Plants\FloraMushroom01.nif
Skyrim.esm	FLOR	000ECA55	FloraMushroom01ReachDirt01	[String 00010B15]	Plants\FloraMushroom01.nif
Skyrim.esm	FLOR	0004DA03	FloraMushroom01Small	[String 0000D8FA]	Plants\FloraMushroom01Small.nif
Skyrim.esm	FLOR	000ECA56	FloraMushroom01SmallReachDirt01	[String 0001054B]	Plants\FloraMushroom01Small.nif
Skyrim.esm	FLOR	0004DA04	FloraMushroom02	[String 0000EC1A]	Plants\FloraMushroom02.nif
Skyrim.esm	FLOR	000DB6BC	FloraMushroom02Dirt01	[String 0000E6A7]	Plants\FloraMushroom02.nif
Skyrim.esm	FLOR	000DD676	FloraMushroom02FallForestDirt	[String 000004E1]	Plants\FloraMushroom02.nif
Skyrim.esm	FLOR	000ECA57	FloraMushroom02ReachDirt01	[String 00010C28]	Plants\FloraMushroom02.nif
Skyrim.esm	FLOR	0004DA05	FloraMushroom02Small	[String 0000E2C8]	Plants\FloraMushroom02Small.nif
Skyrim.esm	FLOR	000F3E57	FloraMushroom02SmallDirt01	[String 00010808]	Plants\FloraMushroom02Small.nif
Skyrim.esm	FLOR	000DD679	FloraMushroom02SmallFallForestDirt	[String 00000157]	Plants\FloraMushroom02Small.nif
Skyrim.esm	FLOR	000ECA58	FloraMushroom02SmallReachDirt01	[String 00010B19]	Plants\FloraMushroom02Small.nif
Skyrim.esm	FLOR	0004DA06	FloraMushroom03	[String 0000D4D8]	Plants\FloraMushroom03.nif
Skyrim.esm	FLOR	000DB68B	FloraMushroom03Dirt01	[String 00003FA9]	Plants\FloraMushroom03.nif
Skyrim.esm	FLOR	000ECA59	FloraMushroom03ReachDirt01	[String 00010B1B]	Plants\FloraMushroom03.nif
Skyrim.esm	FLOR	0004DA07	FloraMushroom03Small	[String 0000D987]	Plants\FloraMushroom03Small.nif
Skyrim.esm	FLOR	000DD683	FloraMushroom03SmallFallForestGrass	[String 0000F6D2]	Plants\FloraMushroom03Small.nif
Skyrim.esm	FLOR	000ECA5A	FloraMushroom03SmallReachDirt01	[String 00010A8D]	Plants\FloraMushroom03Small.nif
Skyrim.esm	FLOR	0004DA08	FloraMushroom04	[String 00001A24]	Plants\FloraMushroom04.nif
Skyrim.esm	FLOR	000ECA5B	FloraMushroom04ReachDirt01	[String 000109BD]	Plants\FloraMushroom04.nif
Skyrim.esm	FLOR	0004DA09	FloraMushroom04Small	[String 0000C3CB]	Plants\FloraMushroom04Small.nif
Skyrim.esm	FLOR	000ECA5C	FloraMushroom04SmallReachDirt01	[String 00010B4D]	Plants\FloraMushroom04Small.nif
Skyrim.esm	FLOR	0004DA0A	FloraMushroom05	[String 0000B23A]	Plants\FloraMushroom05.nif
Skyrim.esm	FLOR	000CE84C	FloraMushroom05Dirt01	[String 0000612B]	Plants\FloraMushroom05.nif
Skyrim.esm	FLOR	000ECA5D	FloraMushroom05ReachDirt01	[String 000109FD]	Plants\FloraMushroom05.nif
Skyrim.esm	FLOR	0004DA0B	FloraMushroom05Small	[String 0000EEFE]	Plants\FloraMushroom05Small.nif
Skyrim.esm	FLOR	000ECA5E	FloraMushroom05SmallReachDirt01	[String 000106AD]	Plants\FloraMushroom05Small.nif
Skyrim.esm	FLOR	0004DA0C	FloraMushroom06	[String 0000912D]	Plants\FloraMushroom06.nif
Skyrim.esm	FLOR	000ECA5F	FloraMushroom06ReachDirt01	[String 00010C06]	Plants\FloraMushroom06.nif
Skyrim.esm	FLOR	0004DA1F	FloraMushroom06Small	[String 00004D7A]	Plants\FloraMushroom06Small.nif
Skyrim.esm	FLOR	000F675F	FloraMushroom06SmallDirt01	[String 00010C74]	Plants\FloraMushroom06Small.nif
Skyrim.esm	FLOR	000ECA60	FloraMushroom06SmallReachDirt01	[String 00010B23]	Plants\FloraMushroom06Small.nif
Skyrim.esm	FLOR	00108E38	FXAmbWaterSalmon01A	[String 00011766]	Effects\FXAmbWaterSalmon01A.nif
Skyrim.esm	FLOR	00108E37	FXAmbWaterSalmon01B	[String 00011828]	Effects\FXAmbWaterSalmon01B.nif
Skyrim.esm	FLOR	00108E36	FXAmbWaterSalmon02A	[String 000118A5]	Effects\FXAmbWaterSalmon02A.nif
Skyrim.esm	FLOR	00108E35	FXAmbWaterSalmon02B	[String 0001188C]	Effects\FXAmbWaterSalmon02B.nif
Skyrim.esm	FLOR	0007EE00	GlowingMushroomCluster	[String 0000D0AF]	Plants\GlowingMushroomCluster01.nif
Skyrim.esm	FLOR	0009748B	GlowingMushroomSingle	[String 0000F517]	Plants\GlowingMushroomSingle01.nif
Skyrim.esm	FLOR	0007EDF6	NordicBarnacleCluster01	[String 0000AFFB]	Plants\NordicBarnacleCluster01.nif
Skyrim.esm	FLOR	000ECE9A	TreePineForestHollow01BMoraTapinella	[String 000105F5]	Landscape\Plants\TreePineForestHollow01Mshrm01.nif
Skyrim.esm	FLOR	000ECE21	TreePineForestLog01MoraTapinella	[String 00010944]	Landscape\Plants\TreePineForestLog01Mshrm.nif
Skyrim.esm	FLOR	000EC7E7	TreePineForestStump01MoraTapinella	[String 00010A3D]	Landscape\Plants\TreePineForestStump01Mshrm.nif
Skyrim.esm	FLOR	000EC875	TreePineForestStump02AMoraTapinella	[String 0001097E]	Landscape\Plants\TreePineForestStump02AMshrm.nif
Skyrim.esm	FLOR	000EC876	TreePineForestStump02BMoraTapinella	[String 00010622]	Landscape\Plants\TreePineForestStump02BMshrm.nif
Skyrim.esm	FURN	000EC970	AltarOfMolagBalFurniture01	[String 00010CBC]	Clutter\Statues\AltarOfMolagBal\AltarOfMolagBal01.nif
Skyrim.esm	FURN	00107D99	AltarOfMolagBalFurniture01NoName		Clutter\Statues\AltarOfMolagBal\AltarOfMolagBal01.nif
Skyrim.esm	FURN	00036ED3	Bedroll01	[String 0000F276]	Furniture\Bedroll\Bedroll01.nif
Skyrim.esm	FURN	0003B3CD	Bedroll01F	[String 0000BA62]	Furniture\Bedroll\Bedroll01.nif
Skyrim.esm	FURN	0003B3CC	Bedroll01FL	[String 00006733]	Furniture\Bedroll\Bedroll01.nif
Skyrim.esm	FURN	0003B3C7	Bedroll01FR	[String 0000D5DF]	Furniture\Bedroll\Bedroll01.nif
Skyrim.esm	FURN	0003B3CE	Bedroll01L	[String 00009732]	Furniture\Bedroll\Bedroll01.nif
Skyrim.esm	FURN	0003B3C3	Bedroll01LR	[String 0000D3C4]	Furniture\Bedroll\Bedroll01.nif
Skyrim.esm	FURN	0003B3F3	Bedroll01R	[String 0000FD6A]	Furniture\Bedroll\Bedroll01.nif
Skyrim.esm	FURN	000B8371	BedrollGround	[String 0000CAB6]	Furniture\Bedroll\BedrollGround.nif
Skyrim.esm	FURN	0001899D	BedrollHay01	[String 0000254C]	Furniture\Bedroll\BedrollHay01.nif
Skyrim.esm	FURN	00074B6E	BedrollHay01CaveDirt	[String 000096F9]	Furniture\Bedroll\BedrollHay01.nif
Skyrim.esm	FURN	000E2408	BedrollHay01CaveDirtF	[String 0000EDE9]	Furniture\Bedroll\BedrollHay01.nif
Skyrim.esm	FURN	000E240B	BedrollHay01CaveDirtFL	[String 0000B893]	Furniture\Bedroll\BedrollHay01.nif
Skyrim.esm	FURN	000E240C	BedrollHay01CaveDirtFR	[String 00008F87]	Furniture\Bedroll\BedrollHay01.nif
Skyrim.esm	FURN	000E2409	BedrollHay01CaveDirtL	[String 00006081]	Furniture\Bedroll\BedrollHay01.nif
Skyrim.esm	FURN	000E240D	BedrollHay01CaveDirtLR	[String 00007D73]	Furniture\Bedroll\BedrollHay01.nif
Skyrim.esm	FURN	000E240A	BedrollHay01CaveDirtR	[String 0000A369]	Furniture\Bedroll\BedrollHay01.nif
Skyrim.esm	FURN	000A4E13	BedrollHay01Dirt01	[String 00009AE3]	Furniture\Bedroll\BedrollHay01.nif
Skyrim.esm	FURN	000E240E	BedrollHay01Dirt01FL	[String 0000ACE3]	Furniture\Bedroll\BedrollHay01.nif
Skyrim.esm	FURN	000189AD	BedrollHay01F	[String 00006B5B]	Furniture\Bedroll\BedrollHay01.nif
Skyrim.esm	FURN	000E0BA9	BedrollHay01FallForestDirt01F	[String 0000F5BD]	Furniture\Bedroll\BedrollHay01.nif
Skyrim.esm	FURN	000E0BAA	BedrollHay01FallForestDirt01L	[String 0000341A]	Furniture\Bedroll\BedrollHay01.nif
Skyrim.esm	FURN	000E0BAF	BedrollHay01FallForestDirt01R	[String 0000724C]	Furniture\Bedroll\BedrollHay01.nif
Skyrim.esm	FURN	00104B9C	BedrollHay01FDirt02	[String 000113AE]	Furniture\Bedroll\BedrollHay01.nif
Skyrim.esm	FURN	00101A65	BedrollHay01FGrassSnow01	[String 00011222]	Furniture\Bedroll\BedrollHay01.nif
Skyrim.esm	FURN	000E23F7	BedrollHay01FL	[String 0000C9D8]	Furniture\Bedroll\BedrollHay01.nif
Skyrim.esm	FURN	000E23F6	BedrollHay01FR	[String 0000A600]	Furniture\Bedroll\BedrollHay01.nif
Skyrim.esm	FURN	001015FE	BedrollHay01FSnow01	[String 0001124E]	Furniture\Bedroll\BedrollHay01.nif
Skyrim.esm	FURN	000C4BF1	BedrollHay01ImpExtWall	[String 0000AEF8]	Furniture\Bedroll\BedrollHay01.nif
Skyrim.esm	FURN	000E23F9	BedrollHay01ImpExtWallF	[String 00005BE9]	Furniture\Bedroll\BedrollHay01.nif
Skyrim.esm	FURN	000CCCDA	BedrollHay01ImpExtWallFL	[String 0000D847]	Furniture\Bedroll\BedrollHay01.nif
Skyrim.esm	FURN	000E23F4	BedrollHay01L	[String 00006664]	Furniture\Bedroll\BedrollHay01.nif
Skyrim.esm	FURN	000D88D7	BedrollHay01LCaveDirtL	[String 0000444F]	Furniture\Bedroll\BedrollHay01.nif
Skyrim.esm	FURN	000D88D8	BedrollHay01LCaveDirtR	[String 00002E73]	Furniture\Bedroll\BedrollHay01.nif
Skyrim.esm	FURN	000A4E08	BedrollHay01LDirt01	[String 0000A756]	Furniture\Bedroll\BedrollHay01.nif
Skyrim.esm	FURN	000E23FA	BedrollHay01LDirt01F	[String 0000FC5C]	Furniture\Bedroll\BedrollHay01.nif
Skyrim.esm	FURN	000264C8	BedrollHay01LDirt02	[String 0000006F]	Furniture\Bedroll\BedrollHay01.nif
Skyrim.esm	FURN	000E23FB	BedrollHay01LDirt02F	[String 00002BE9]	Furniture\Bedroll\BedrollHay01.nif
Skyrim.esm	FURN	000E2400	BedrollHay01LDirt02FL	[String 0000E64A]	Furniture\Bedroll\BedrollHay01.nif
Skyrim.esm	FURN	000E23FF	BedrollHay01LDirt02FR	[String 0000121E]	Furniture\Bedroll\BedrollHay01.nif
Skyrim.esm	FURN	000E23FC	BedrollHay01LDirt02L	[String 0000C9D0]	Furniture\Bedroll\BedrollHay01.nif
Skyrim.esm	FURN	000E23FE	BedrollHay01LDirt02LR	[String 0000196F]	Furniture\Bedroll\BedrollHay01.nif
Skyrim.esm	FURN	000E23FD	BedrollHay01LDirt02R	[String 0000A9FC]	Furniture\Bedroll\BedrollHay01.nif
Skyrim.esm	FURN	000A4E09	BedrollHay01LDirtPath	[String 00004E9B]	Furniture\Bedroll\BedrollHay01.nif
Skyrim.esm	FURN	000E2401	BedrollHay01LDirtPathFL	[String 0000A921]	Furniture\Bedroll\BedrollHay01.nif
Skyrim.esm	FURN	0006AF7E	BedrollHay01LDirtSnowPath01L	[String 00006CE7]	Furniture\Bedroll\BedrollHay01.nif
Skyrim.esm	FURN	000D1619	BedrollHay01LFallForestDirt01	[String 0000A10E]	Furniture\Bedroll\BedrollHay01.nif
Skyrim.esm	FURN	000DC365	BedrollHay01LFieldGrass01	[String 0000F13D]	Furniture\Bedroll\BedrollHay01.nif
Skyrim.esm	FURN	000E2402	BedrollHay01LFieldGrass01F	[String 0000D04A]	Furniture\Bedroll\BedrollHay01.nif
Skyrim.esm	FURN	000C2694	BedrollHay01LFrozenMarshDirt01	[String 0000F4E0]	Furniture\Bedroll\BedrollHay01.nif
Skyrim.esm	FURN	000E2403	BedrollHay01LFrozenMarshDirt01F	[String 0000C245]	Furniture\Bedroll\BedrollHay01.nif
Skyrim.esm	FURN	000C1988	BedrollHay01LPineForest03F	[String 0000E1D7]	Furniture\Bedroll\BedrollHay01.nif
Skyrim.esm	FURN	000E23F8	BedrollHay01LR	[String 00009BAC]	Furniture\Bedroll\BedrollHay01.nif
Skyrim.esm	FURN	000C2295	BedrollHay01LReachDirt01	[String 0000CE81]	Furniture\Bedroll\BedrollHay01.nif
Skyrim.esm	FURN	000ECFF5	BedrollHay01LReachDirt01F	[String 00010C55]	Furniture\Bedroll\BedrollHay01.nif
Skyrim.esm	FURN	000E2405	BedrollHay01LReachDirt01FL	[String 0000C0EB]	Furniture\Bedroll\BedrollHay01.nif
Skyrim.esm	FURN	000E2404	BedrollHay01LReachDirt01L	[String 0000F702]	Furniture\Bedroll\BedrollHay01.nif
Skyrim.esm	FURN	000E2406	BedrollHay01LReachDirt01R	[String 000088BE]	Furniture\Bedroll\BedrollHay01.nif
Skyrim.esm	FURN	0010308F	BedrollHay01LReachMoss01F	[String 00011246]	Furniture\Bedroll\BedrollHay01.nif
Skyrim.esm	FURN	000752B9	BedrollHay01LSnow01L	[String 00001F71]	Furniture\Bedroll\BedrollHay01.nif
Skyrim.esm	FURN	000DC366	BedrollHay01LTundra01	[String 000002BC]	Furniture\Bedroll\BedrollHay01.nif
Skyrim.esm	FURN	000E2407	BedrollHay01LTundra01F	[String 00005D0B]	Furniture\Bedroll\BedrollHay01.nif
Skyrim.esm	FURN	001036FF	BedrollHay01LTundraRocks01F	[String 0001136A]	Furniture\Bedroll\BedrollHay01.nif
Skyrim.esm	FURN	001015F5	BedrollHay01PineForest01F	[String 00011213]	Furniture\Bedroll\BedrollHay01.nif
Skyrim.esm	FURN	000E23F5	BedrollHay01R	[String 000043A9]	Furniture\Bedroll\BedrollHay01.nif
Skyrim.esm	FURN	000F18FC	BedrollHay01ReachGrassFL	[String 0001063E]	Furniture\Bedroll\BedrollHay01.nif
Skyrim.esm	FURN	000752BC	BedrollHay01Snow01R	[String 0000B8BF]	Furniture\Bedroll\BedrollHay01.nif
Skyrim.esm	FURN	0001E16D	BucketCarryFillMarker	[String 000083EF]	Furniture\BucketCarryFillMarker.nif
Skyrim.esm	FURN	0001E342	BucketCarryPourMarker		Furniture\BucketCarryPourMarker.nif
Skyrim.esm	FURN	0003F7C0	ChairInvisibleSingle	[String 0000B57A]	Furniture\ChairInvisibleSingle.nif
Skyrim.esm	FURN	00104B9E	ChairInvisibleSingleR	[String 000113C6]	Furniture\ChairInvisibleSingle.nif
Skyrim.esm	FURN	00030091	CommonBed01	[String 000074BF]	Furniture\Common\CommonBed01.nif
Skyrim.esm	FURN	0003B41E	CommonBed01L	[String 0000FAB9]	Furniture\Common\CommonBed01.nif
Skyrim.esm	FURN	0003B420	CommonBed01R	[String 000056A0]	Furniture\Common\CommonBed01.nif
Skyrim.esm	FURN	000FEDB9	CommonBedChild01	[String 00011062]	Furniture\Common\CommonBed01.nif
Skyrim.esm	FURN	000FEDBA	CommonBedChild01L	[String 00011087]	Furniture\Common\CommonBed01.nif
Skyrim.esm	FURN	000FEDBB	CommonBedChild01R	[String 0001104A]	Furniture\Common\CommonBed01.nif
Skyrim.esm	FURN	000FEDBC	CommonBedChildDouble01	[String 0001103F]	Furniture\Common\CommonBedDouble01.nif
Skyrim.esm	FURN	000FEDBD	CommonBedChildDouble01L	[String 00011082]	Furniture\Common\CommonBedDouble01.nif
Skyrim.esm	FURN	000FEDBE	CommonBedChildDouble01R	[String 0001109D]	Furniture\Common\CommonBedDouble01.nif
Skyrim.esm	FURN	0003B6E8	CommonBedDouble01	[String 0000D954]	Furniture\Common\CommonBedDouble01.nif
Skyrim.esm	FURN	000F5101	CommonBedDouble01L	[String 00010530]	Furniture\Common\CommonBedDouble01.nif
Skyrim.esm	FURN	000F5102	CommonBedDouble01R	[String 00010A76]	Furniture\Common\CommonBedDouble01.nif
Skyrim.esm	FURN	0002E6CF	CommonBench01	[String 0000679D]	Furniture\Common\CommonBench01.nif
Skyrim.esm	FURN	0002EC1C	CommonChair01	[String 0000F893]	Furniture\Common\CommonChair01.nif
Skyrim.esm	FURN	0006E7A8	CommonChair01F	[String 0000CA58]	Furniture\Common\CommonChair01.nif
Skyrim.esm	FURN	0006E7A6	CommonChair01FL	[String 00003173]	Furniture\Common\CommonChair01.nif
Skyrim.esm	FURN	0006E7A7	CommonChair01FR	[String 0000DB8C]	Furniture\Common\CommonChair01.nif
Skyrim.esm	FURN	0006D911	CommonChair01L	[String 00004CE2]	Furniture\Common\CommonChair01.nif
Skyrim.esm	FURN	0003B072	CommonChair01LR	[String 00001F3F]	Furniture\Common\CommonChair01.nif
Skyrim.esm	FURN	0006D90F	CommonChair01R	[String 000098E0]	Furniture\Common\CommonChair01.nif
Skyrim.esm	FURN	000B9C04	CommonChair02	[String 0000EAF6]	Clutter\Common\CommonChair02.nif
Skyrim.esm	FURN	000B9DFF	CommonChair02F	[String 0000DD26]	Clutter\Common\CommonChair02.nif
Skyrim.esm	FURN	000B9E02	CommonChair02FL	[String 0000BB84]	Clutter\Common\CommonChair02.nif
Skyrim.esm	FURN	000B9E03	CommonChair02FR	[String 0000DCE8]	Clutter\Common\CommonChair02.nif
Skyrim.esm	FURN	000B9E00	CommonChair02L	[String 0000D98D]	Clutter\Common\CommonChair02.nif
Skyrim.esm	FURN	000B9E04	CommonChair02LR	[String 00004CB3]	Clutter\Common\CommonChair02.nif
Skyrim.esm	FURN	000B9E01	CommonChair02R	[String 0000C6F4]	Clutter\Common\CommonChair02.nif
Skyrim.esm	FURN	000B0105	CommonTableOneBench	[String 00002E19]	Furniture\CommonTableOneBench.nif
Skyrim.esm	FURN	000B0104	CommonTableTwoBenches	[String 0000773B]	Furniture\CommonTableTwoBenches.nif
Skyrim.esm	FURN	00105828	CommonWritingChair01L		Furniture\Common\CommonChair01.nif
Skyrim.esm	FURN	000EAA4C	CommonWritingChair01LR		Furniture\Common\CommonChair01.nif
Skyrim.esm	FURN	00105829	CommonWritingChair01R		Furniture\Common\CommonChair01.nif
Skyrim.esm	FURN	000BAD0C	CraftingAlchemyWorkbench	[String 0000A93A]	Furniture\AlchemyWorkbench.nif
Skyrim.esm	FURN	000D54FF	CraftingAlchemyWorkbenchTabletop	[String 0000F31D]	Furniture\AlchemyWorkstation.nif
Skyrim.esm	FURN	0001A2AD	CraftingBlacksmithAnvil	[String 0000DB99]	Furniture\Clutter\BlacksmithAnvil.nif
Skyrim.esm	FURN	000D932F	CraftingBlacksmithArmorWorkbench	[String 0000251E]	Furniture\BlacksmithWorkbench01.nif
Skyrim.esm	FURN	000CAE0B	CraftingBlackSmithForge	[String 00005BB4]	Furniture\BlacksmithForgeMarker.nif
Skyrim.esm	FURN	000BBCF1	CraftingBlackSmithForgeSkyforge	[String 0000AC88]	Furniture\BlackSmithingSkyforgeMarker.nif
Skyrim.esm	FURN	000BF9E1	CraftingBlackSmithForgeWR	[String 0000A656]	Furniture\BlacksmithForgeMarkerWR.nif
Skyrim.esm	FURN	00068ADB	CraftingCookingFireSpit	[String 0000BE2E]	Furniture\FireSpitCooking.nif
Skyrim.esm	FURN	0010BFE3	CraftingCookingPotInvisible		Furniture\SmallCookingPotNoHandleInv.nif
Skyrim.esm	FURN	00104110	CraftingCookingPotLG	[String 0001147F]	Furniture\LargeCookingPot.nif
Skyrim.esm	FURN	001010B3	CraftingCookingPotSm	[String 00011324]	Furniture\SmallCookingPot.nif
Skyrim.esm	FURN	00108230	CraftingCookingPotSmNoHandle	[String 000118A2]	Furniture\SmallCookingPotNoHandle.nif
Skyrim.esm	FURN	000BAD0D	CraftingEnchantingWorkbench	[String 0000700C]	Furniture\EnchantingWorkbench.nif
Skyrim.esm	FURN	000D5501	CraftingEnchantingWorkbenchTabletop	[String 00009973]	Furniture\EnchantingWorkStation.nif
Skyrim.esm	FURN	0009C6CE	CraftingSmelterMarker1	[String 000085DA]	Furniture\SmelterMarker.nif
Skyrim.esm	FURN	000727A1	CraftingTanningRackMarker	[String 000062F7]	Furniture\TanningRackMarker.nif
Skyrim.esm	FURN	0005ED79	DA02Altar	[String 00006F1A]	Furniture\Bedroll\Bedroll01.nif
Skyrim.esm	FURN	000E605D	DA11AltarInvisibleBed		Furniture\Invisible\LayDownMarker01.nif
Skyrim.esm	FURN	000E605C	DA16LayDownMarker01		Furniture\Bedroll\BedrollGround.nif
Skyrim.esm	FURN	000CDFDF	DA16LayDownMarker01F		Furniture\Bedroll\BedrollGround.nif
Skyrim.esm	FURN	000CDFDC	DA16LayDownMarker01L		Furniture\Bedroll\BedrollGround.nif
Skyrim.esm	FURN	000CDFDD	DA16LayDownMarker01LR		Furniture\Bedroll\BedrollGround.nif
Skyrim.esm	FURN	000CDFDE	DA16LayDownMarker01R		Furniture\Bedroll\BedrollGround.nif
Skyrim.esm	FURN	0007CC0D	DBSancSarcophagusBedroll	[String 0000E6C1]	Furniture\Bedroll\Bedroll01.nif
Skyrim.esm	FURN	000E7AEA	DisenchantmentFont01		Furniture\Workbenches\DisenchantWorkbench01.nif
Skyrim.esm	FURN	000AA934	DragonPerchRockL02		Furniture\DragonFurniture\MarkerRock.nif
Skyrim.esm	FURN	00102010	DrinkUnderForgeFountainMarker	[String 000117E6]	Furniture\IdleDrinkFountainMarker.nif
Skyrim.esm	FURN	000D6C36	dunLostValleyRedoubtAltar01L		Furniture\AltarMarker.nif
Skyrim.esm	FURN	000FF134	DweFurnitureBedChildSingle01L	[String 000110C1]	Furniture\Dwemer\DweFurnitureBedSingle01.nif
Skyrim.esm	FURN	00066023	DweFurnitureBedDouble01	[String 0000E329]	Furniture\Dwemer\DweFurnitureBedDouble01.nif
Skyrim.esm	FURN	000F50FF	DweFurnitureBedDouble01L	[String 00010852]	Furniture\Dwemer\DweFurnitureBedDouble01.nif
Skyrim.esm	FURN	000F5100	DweFurnitureBedDouble01R	[String 0001083F]	Furniture\Dwemer\DweFurnitureBedDouble01.nif
Skyrim.esm	FURN	00066014	DweFurnitureBedSingle01	[String 00005B43]	Furniture\Dwemer\DweFurnitureBedSingle01.nif
Skyrim.esm	FURN	0003B428	DweFurnitureBedSingle01L	[String 00005CFA]	Furniture\Dwemer\DweFurnitureBedSingle01.nif
Skyrim.esm	FURN	0003B427	DweFurnitureBedSingle01R	[String 0000D06F]	Furniture\Dwemer\DweFurnitureBedSingle01.nif
Skyrim.esm	FURN	00066015	DweFurnitureBench01	[String 0000F4B1]	Furniture\Dwemer\DweFurnitureBench01.nif
Skyrim.esm	FURN	00063DF0	DweFurnitureChair01	[String 0000F1B1]	Furniture\Dwemer\DweFurnitureChair01.nif
Skyrim.esm	FURN	0006E7A9	DweFurnitureChair01F	[String 000061C2]	Furniture\Dwemer\DweFurnitureChair01.nif
Skyrim.esm	FURN	0006E7AA	DweFurnitureChair01FL	[String 000046EE]	Furniture\Dwemer\DweFurnitureChair01.nif
Skyrim.esm	FURN	0006E7AB	DweFurnitureChair01FR	[String 0000E641]	Furniture\Dwemer\DweFurnitureChair01.nif
Skyrim.esm	FURN	0006E7AD	DweFurnitureChair01L	[String 00008DB7]	Furniture\Dwemer\DweFurnitureChair01.nif
Skyrim.esm	FURN	0006E7AC	DweFurnitureChair01LR	[String 0000FA20]	Furniture\Dwemer\DweFurnitureChair01.nif
Skyrim.esm	FURN	0006E7AE	DweFurnitureChair01R	[String 0000A2BB]	Furniture\Dwemer\DweFurnitureChair01.nif
Skyrim.esm	FURN	00066024	DweFurnitureChair02	[String 0000E9A0]	Furniture\Dwemer\DweFurnitureChair02.nif
Skyrim.esm	FURN	0006E7AF	DweFurnitureChair02F	[String 0000879D]	Furniture\Dwemer\DweFurnitureChair02.nif
Skyrim.esm	FURN	0006E7B0	DweFurnitureChair02FL	[String 0000F0A6]	Furniture\Dwemer\DweFurnitureChair02.nif
Skyrim.esm	FURN	0006E7B1	DweFurnitureChair02FR	[String 00002F82]	Furniture\Dwemer\DweFurnitureChair02.nif
Skyrim.esm	FURN	0006E7B2	DweFurnitureChair02L	[String 00001A7A]	Furniture\Dwemer\DweFurnitureChair02.nif
Skyrim.esm	FURN	0006E7B3	DweFurnitureChair02LR	[String 00003617]	Furniture\Dwemer\DweFurnitureChair02.nif
Skyrim.esm	FURN	0006E7B4	DweFurnitureChair02R	[String 0000DB93]	Furniture\Dwemer\DweFurnitureChair02.nif
Skyrim.esm	FURN	0001EE50	DweFurnitureHighBench01	[String 0000E15C]	Furniture\Dwemer\DweFurnitureHighBench01.nif
Skyrim.esm	FURN	0001EDF6	DweFurnitureHighBenchShort01	[String 0000564C]	Furniture\Dwemer\DweFurnitureHighBenchShort01.nif
Skyrim.esm	FURN	0001EDF7	DweFurnitureHighChair01	[String 0000BB25]	Furniture\Dwemer\DweFurnitureHighChair01.nif
Skyrim.esm	FURN	00027EC2	DweFurnitureHighChair01F	[String 0000ED63]	Furniture\Dwemer\DweFurnitureHighChair01.nif
Skyrim.esm	FURN	00027EC3	DweFurnitureHighChair01FL	[String 0000DC5F]	Furniture\Dwemer\DweFurnitureHighChair01.nif
Skyrim.esm	FURN	00027ED7	DweFurnitureHighChair01FR	[String 00000A96]	Furniture\Dwemer\DweFurnitureHighChair01.nif
Skyrim.esm	FURN	00027ED8	DweFurnitureHighChair01L	[String 000086F1]	Furniture\Dwemer\DweFurnitureHighChair01.nif
Skyrim.esm	FURN	00027ED9	DweFurnitureHighChair01LR	[String 0000E099]	Furniture\Dwemer\DweFurnitureHighChair01.nif
Skyrim.esm	FURN	00027EDA	DweFurnitureHighChair01R	[String 0000606B]	Furniture\Dwemer\DweFurnitureHighChair01.nif
Skyrim.esm	FURN	0001EE09	DweFurnitureHighChair02	[String 0000F8BB]	Furniture\Dwemer\DweFurnitureHighChair02.nif
Skyrim.esm	FURN	00027EF2	DweFurnitureHighChair02F	[String 0000D956]	Furniture\Dwemer\DweFurnitureHighChair02.nif
Skyrim.esm	FURN	00027EF3	DweFurnitureHighChair02FL	[String 000057AB]	Furniture\Dwemer\DweFurnitureHighChair02.nif
Skyrim.esm	FURN	00027EF4	DweFurnitureHighChair02FR	[String 00008382]	Furniture\Dwemer\DweFurnitureHighChair02.nif
Skyrim.esm	FURN	00027EF6	DweFurnitureHighChair02L	[String 0000D4A9]	Furniture\Dwemer\DweFurnitureHighChair02.nif
Skyrim.esm	FURN	00027EFB	DweFurnitureHighChair02LR	[String 0000D0E2]	Furniture\Dwemer\DweFurnitureHighChair02.nif
Skyrim.esm	FURN	00027F01	DweFurnitureHighChair02R	[String 00002447]	Furniture\Dwemer\DweFurnitureHighChair02.nif
Skyrim.esm	FURN	000F5B9B	DweTableOneBench	[String 000105CF]	Furniture\Dwemer\Dwe_TableBench2Seater.nif
Skyrim.esm	FURN	000F5B9C	DweTableTwoBenches	[String 000108FE]	Furniture\Dwemer\Dwe_TableBench4Seater.nif
Skyrim.esm	FURN	000A4AD6	FarmBench01F	[String 00006D34]	Furniture\Farm\FarmBench01.nif
Skyrim.esm	FURN	000A4ABB	FarmTableBench01	[String 0000B95E]	Furniture\Farm\FarmTableBench01.nif
Skyrim.esm	FURN	000A4ABA	FarmTableBench02	[String 0000DB75]	Furniture\Farm\FarmTableBench02.nif
Skyrim.esm	FURN	00109A7D	GenPullChainAnim01NoPlayer	[String 00011A1C]	Dungeons\Nordic\Levers\PullchainAnim\GenPullChainAnim01.nif
Skyrim.esm	FURN	000C4328	HammerTableMarker		Furniture\HammerTableMarker.nif
Skyrim.esm	FURN	0002FBC7	HHFurnitureBedSingle01	[String 00008FC1]	Furniture\HighHrothgar\HHFurnitureBedSingle01.nif
Skyrim.esm	FURN	000F4B4E	HHFurnitureBedSingle01L	[String 00010518]	Furniture\HighHrothgar\HHFurnitureBedSingle01.nif
Skyrim.esm	FURN	000F4B4F	HHFurnitureBedSingle01R	[String 000109CF]	Furniture\HighHrothgar\HHFurnitureBedSingle01.nif
Skyrim.esm	FURN	0002FCBB	HHFurnitureBench01	[String 0000DBB1]	Furniture\HighHrothgar\HHFurnitureBench01.nif
Skyrim.esm	FURN	0002FCB9	HHFurnitureChair01	[String 00006569]	Furniture\HighHrothgar\HHFurnitureChair01.nif
Skyrim.esm	FURN	00102733	HHFurnitureChair01F	[String 0001122F]	Furniture\HighHrothgar\HHFurnitureChair01.nif
Skyrim.esm	FURN	0004B781	HHFurnitureChair01L	[String 00001331]	Furniture\HighHrothgar\HHFurnitureChair01.nif
Skyrim.esm	FURN	0004B782	HHFurnitureChair01R	[String 0000EA91]	Furniture\HighHrothgar\HHFurnitureChair01.nif
Skyrim.esm	FURN	0002FBC8	HHFurnitureChair02	[String 00000D50]	Furniture\HighHrothgar\HHFurnitureChair02.nif
Skyrim.esm	FURN	000EFFDA	HHFurnitureChair02F	[String 00010BFC]	Furniture\HighHrothgar\HHFurnitureChair02.nif
Skyrim.esm	FURN	0004B780	HHFurnitureChair02L	[String 0000DAA0]	Furniture\HighHrothgar\HHFurnitureChair02.nif
Skyrim.esm	FURN	0004B77F	HHFurnitureChair02R	[String 0000DBB2]	Furniture\HighHrothgar\HHFurnitureChair02.nif
Skyrim.esm	FURN	00037A47	InvisibleChairDoubleMarker	[String 0000DD27]	Furniture\ChairInvisibleDouble.nif
Skyrim.esm	FURN	0006411B	InvisibleChairMarker	[String 0000275C]	Furniture\ChairInvisibleSingle.nif
Skyrim.esm	FURN	000A035C	InvisibleChairMarkerChild	[String 000084B0]	Furniture\ChairInvisibleSingle.nif
Skyrim.esm	FURN	00037A1E	InvisibleChairMarkerF	[String 00003C7D]	Furniture\ChairInvisibleSingle.nif
Skyrim.esm	FURN	00017041	InvisibleChairMarkerFChild	[String 00012696]	Furniture\ChairInvisibleSingle.nif
Skyrim.esm	FURN	00037A1F	InvisibleChairMarkerFL	[String 0000BCCB]	Furniture\ChairInvisibleSingle.nif
Skyrim.esm	FURN	00037A29	InvisibleChairMarkerFR	[String 0000D2A6]	Furniture\ChairInvisibleSingle.nif
Skyrim.esm	FURN	00037A2E	InvisibleChairMarkerLR	[String 00000E79]	Furniture\ChairInvisibleSingle.nif
Skyrim.esm	FURN	00037DDA	InvisibleChairPlayerDouble	[String 00006BE3]	Furniture\ChairInvisibleDouble.nif
Skyrim.esm	FURN	00037DE8	InvisibleChairPlayerSingle	[String 000040CB]	Furniture\ChairInvisibleSingle.nif
Skyrim.esm	FURN	00037E15	InvisibleChairPlayerSingleF	[String 0000C64D]	Furniture\ChairInvisibleSingle.nif
Skyrim.esm	FURN	00037AE4	InvisibleChairPlayerSingleFL	[String 0000F374]	Furniture\ChairInvisibleSingle.nif
Skyrim.esm	FURN	00037C94	InvisibleChairPlayerSingleFR	[String 0000A861]	Furniture\ChairInvisibleSingle.nif
Skyrim.esm	FURN	00037D7C	InvisibleChairPlayerSingleLR	[String 00007B22]	Furniture\ChairInvisibleSingle.nif
Skyrim.esm	FURN	00037D88	InvisibleChairPlayerTriple	[String 0000FB38]	Furniture\ChairInvisibleTriple.nif
Skyrim.esm	FURN	00037A46	InvisibleChairTripleMarker	[String 0000A87F]	Furniture\ChairInvisibleTriple.nif
Skyrim.esm	FURN	000D7AFA	InvisibleShelfMarker	[String 0000F6ED]	Furniture\Invisible\InvisibleShelfMarker.nif
Skyrim.esm	FURN	000C4EF1	LeanTableMarker		Furniture\LeanTableMarker.nif
Skyrim.esm	FURN	000ADE08	LightSconceMarker		Furniture\PickaxeWallMarker.nif
Skyrim.esm	FURN	000F5891	MQ203_EsbernTable		Furniture\MQ203_EsbernTable.nif
Skyrim.esm	FURN	000FBA5F	MQ206_FelldirRitual		Furniture\TG08_CeremonyMarker.nif
Skyrim.esm	FURN	000F9AF8	MS02PickaxeMiningTableMarker	[String 00010D74]	Furniture\PickaxeTableMarker.nif
Skyrim.esm	FURN	000C34AF	MS04Bedroll01Vision	[String 00007671]	Furniture\Bedroll\Bedroll01.nif
Skyrim.esm	FURN	000FEDBF	NobleBedChildDouble01	[String 00011026]	Furniture\Noble\NobleBedDouble01.nif
Skyrim.esm	FURN	000FEDC0	NobleBedChildDouble01L	[String 0001107B]	Furniture\Noble\NobleBedDouble01.nif
Skyrim.esm	FURN	000FEDC1	NobleBedChildDouble01R	[String 00011004]	Furniture\Noble\NobleBedDouble01.nif
Skyrim.esm	FURN	000FEDC2	NobleBedChildSingle01	[String 00010FED]	Furniture\Noble\NobleBedSingle01.nif
Skyrim.esm	FURN	000FEDC3	NobleBedChildSingle01L	[String 000110A3]	Furniture\Noble\NobleBedSingle01.nif
Skyrim.esm	FURN	000FEDC4	NobleBedChildSingle01R	[String 00010FE6]	Furniture\Noble\NobleBedSingle01.nif
Skyrim.esm	FURN	0006B3D3	NobleBedDouble01	[String 0000731A]	Furniture\Noble\NobleBedDouble01.nif
Skyrim.esm	FURN	000D9D57	NobleBedDouble01L	[String 0000D895]	Furniture\Noble\NobleBedDouble01.nif
Skyrim.esm	FURN	000F50FC	NobleBedDouble01R	[String 00010AD4]	Furniture\Noble\NobleBedDouble01.nif
Skyrim.esm	FURN	000C2A0E	NobleBedDouble02	[String 00008235]	Furniture\Noble\NobleBedDouble02.nif
Skyrim.esm	FURN	000F50FB	NobleBedDouble02L	[String 00010504]	Furniture\Noble\NobleBedDouble02.nif
Skyrim.esm	FURN	000F50FA	NobleBedDouble02R	[String 000104CB]	Furniture\Noble\NobleBedDouble02.nif
Skyrim.esm	FURN	0006B36B	NobleBedSingle01	[String 0000DF9B]	Furniture\Noble\NobleBedSingle01.nif
Skyrim.esm	FURN	000D8E98	NobleBedSingle01L	[String 0000D419]	Furniture\Noble\NobleBedSingle01.nif
Skyrim.esm	FURN	000D8E99	NobleBedSingle01R	[String 0000F6CD]	Furniture\Noble\NobleBedSingle01.nif
Skyrim.esm	FURN	0006B57B	NobleBench01	[String 00007CCC]	Furniture\Noble\NobleBench01.nif
Skyrim.esm	FURN	000C2A00	NobleBench02Front	[String 000048C2]	Furniture\Noble\NobleBench02.nif
Skyrim.esm	FURN	000C2A03	NobleBench03Front	[String 0000A5A4]	Furniture\Noble\NobleBench03.nif
Skyrim.esm	FURN	000C2A02	NobleBench04Front	[String 0000DF7C]	Furniture\Noble\NobleBench04.nif
Skyrim.esm	FURN	000C84A4	NobleBench05	[String 0000F575]	Furniture\Noble\NobleBench05.nif
Skyrim.esm	FURN	0006B691	NobleChair01	[String 00002D5F]	Furniture\Noble\NobleChair01.nif
Skyrim.esm	FURN	000C2A01	NobleChair02Front	[String 00005D32]	Furniture\Noble\NobleChair02.nif
Skyrim.esm	FURN	0010E42F	NobleChair02FrontIgnoreSandbox	[String 000122DE]	Furniture\Noble\NobleChair02.nif
Skyrim.esm	FURN	000C674D	NobleChair02L	[String 0000DCD0]	Furniture\Noble\NobleChair02.nif
Skyrim.esm	FURN	000C674C	NobleChair02R	[String 000062C0]	Furniture\Noble\NobleChair02.nif
Skyrim.esm	FURN	000C8DB9	NobleChair02RL	[String 00002409]	Furniture\Noble\NobleChair02.nif
Skyrim.esm	FURN	000C0C2C	NobleLongTableWindhelm	[String 00007760]	Furniture\Noble\NobleLongTableWindhelm.nif
Skyrim.esm	FURN	000C07F2	NobleTableLongBench01	[String 0000FB3A]	Furniture\Noble\NobleTableLongBench01.nif
Skyrim.esm	FURN	000C07F3	NobleTableLongBench02	[String 00003B13]	Furniture\Noble\NobleTableLongBench02.nif
Skyrim.esm	FURN	000C84D6	NobleTableLongBench03	[String 0000E80B]	Furniture\Noble\NobleTableLongBench03.nif
Skyrim.esm	FURN	000C84D9	NobleTableLongBench04	[String 0000F315]	Furniture\Noble\NobleTableLongBench04.nif
Skyrim.esm	FURN	000DFB39	NobleTableUBench01	[String 0000E156]	Furniture\Noble\NobleTableUBench01.nif
Skyrim.esm	FURN	00106513	NorPullChainAnim01NoPlayer	[String 0001174B]	Dungeons\Nordic\Levers\PullchainAnim\NorPullChainAnim01.nif
Skyrim.esm	FURN	000F5B9A	NorTableOneBench	[String 000105F1]	Furniture\Nordic\RuinsBenchTable1sided.nif
Skyrim.esm	FURN	000F5B98	NorTableTwoBenches	[String 000104D9]	Furniture\Nordic\RuinsBenchTable2sided.nif
Skyrim.esm	FURN	000267D3	NorThroneShadow	[String 000035EA]	Furniture\Nordic\Ruins_ChairShadow01.nif
Skyrim.esm	FURN	00042AC7	OrcBedDouble01	[String 0001269B]	Furniture\OrcFurniture\OrcBedDouble01.nif
Skyrim.esm	FURN	000F50FD	OrcBedDouble01L	[String 0001268F]	Furniture\OrcFurniture\OrcBedDouble01.nif
Skyrim.esm	FURN	000F50FE	OrcBedDouble01R	[String 0001269E]	Furniture\OrcFurniture\OrcBedDouble01.nif
Skyrim.esm	FURN	00042AC8	OrcBedSingle01	[String 0001269A]	Furniture\OrcFurniture\OrcBedSingle01.nif
Skyrim.esm	FURN	00042B67	OrcBedSingle01L	[String 00012692]	Furniture\OrcFurniture\OrcBedSingle01.nif
Skyrim.esm	FURN	00042B02	OrcBedSingle01R	[String 0001269F]	Furniture\OrcFurniture\OrcBedSingle01.nif
Skyrim.esm	FURN	00042B7F	OrcChair01	[String 000101C1]	Furniture\OrcFurniture\OrcChair01.nif
Skyrim.esm	FURN	00042B8A	OrcChair01F	[String 0000FF78]	Furniture\OrcFurniture\OrcChair01.nif
Skyrim.esm	FURN	00042BB4	OrcChair01FL	[String 00010175]	Furniture\OrcFurniture\OrcChair01.nif
Skyrim.esm	FURN	00042BC3	OrcChair01FR	[String 0000FF29]	Furniture\OrcFurniture\OrcChair01.nif
Skyrim.esm	FURN	00042BE8	OrcChair01L	[String 00010259]	Furniture\OrcFurniture\OrcChair01.nif
Skyrim.esm	FURN	00042D2E	OrcChair01LR	[String 0000FFA9]	Furniture\OrcFurniture\OrcChair01.nif
Skyrim.esm	FURN	00042D2F	OrcChair01R	[String 0001026C]	Furniture\OrcFurniture\OrcChair01.nif
Skyrim.esm	FURN	000613A7	PickaxeMiningTableMarker	[String 00010F3B]	Furniture\PickaxeTableMarker.nif
Skyrim.esm	FURN	000F9ACC	PickaxeMiningTableMarkerNonPlayer		Furniture\PickaxeTableMarker.nif
Skyrim.esm	FURN	000289D8	RuinsBench01	[String 0000DB88]	Furniture\Nordic\Ruins_BenchShadow01.nif
Skyrim.esm	FURN	000EFC74	SearchChest		Furniture\SearchChestMarker.nif
Skyrim.esm	FURN	000EFC71	SearchTableStanding		Furniture\WriteTableStanding.nif
Skyrim.esm	FURN	001010B4	SmallCookingPotDBPoison	[String 000112E3]	Furniture\SmallCookingPot.nif
Skyrim.esm	FURN	0005E50F	SOVBench01	[String 0000C0AB]	Architecture\Sovengarde\SovngardeInterior\SOVBench01.nif
Skyrim.esm	FURN	000FF516	SOVBenchHeadTable01	[String 000110A8]	Architecture\Sovengarde\SovngardeInterior\SOVBenchHeadTable01.nif
Skyrim.esm	FURN	000FF508	SOVBenchLong01	[String 0001100C]	Architecture\Sovengarde\SovngardeInterior\SOVBenchLong01.nif
Skyrim.esm	FURN	000FF50E	SOVBenchShort01	[String 00010FF7]	Architecture\Sovengarde\SovngardeInterior\SOVBenchShort01.nif
Skyrim.esm	FURN	00060FD5	SOVintStands	[String 0000B173]	Architecture\Sovengarde\SovngardeInterior\SOVintBench01.nif
Skyrim.esm	FURN	0005E511	SOVThrone01	[String 0000B7DF]	Architecture\Sovengarde\SovngardeInterior\SOVThrone01.nif
Skyrim.esm	FURN	00084D1C	SpitPotClosed01NOTCRAFTING	[String 00004928]	Clutter\WoodFires\SpitPotClosed01.nif
Skyrim.esm	FURN	001098A2	TestBardNordBench01	[String 0001196B]	Furniture\Noble\NobleBench01.nif
Skyrim.esm	FURN	0010528D	TG03MeadBarrel	[String 00011491]	Furniture\Clutter\MeadBarrelFurniture.nif
Skyrim.esm	FURN	000F6CD1	TG06TranslateBook		Furniture\WriteTableStanding.nif
Skyrim.esm	FURN	000FEDC5	UpperBedChildDouble01	[String 0001102D]	Clutter\Upperclass\UpperBedDouble01.nif
Skyrim.esm	FURN	000FEDC6	UpperBedChildDouble01L	[String 00010FF2]	Clutter\Upperclass\UpperBedDouble01.nif
Skyrim.esm	FURN	000FEDC7	UpperBedChildDouble01R	[String 00011005]	Clutter\Upperclass\UpperBedDouble01.nif
Skyrim.esm	FURN	000FEDC8	UpperBedChildSingle01	[String 0001106A]	Clutter\Upperclass\UpperBedSingle01.nif
Skyrim.esm	FURN	000FEDC9	UpperBedChildSingle01L	[String 0001102F]	Clutter\Upperclass\UpperBedSingle01.nif
Skyrim.esm	FURN	000FEDCA	UpperBedChildSingle01R	[String 00010FE0]	Clutter\Upperclass\UpperBedSingle01.nif
Skyrim.esm	FURN	00021376	UpperBedDouble01	[String 0000C3CF]	Clutter\Upperclass\UpperBedDouble01.nif
Skyrim.esm	FURN	000F50F9	UpperBedDouble01L	[String 000106A2]	Clutter\Upperclass\UpperBedDouble01.nif
Skyrim.esm	FURN	000B2839	UpperBedDouble01R	[String 00002231]	Clutter\Upperclass\UpperBedDouble01.nif
Skyrim.esm	FURN	00021377	UpperBedSingle01	[String 0000DFC6]	Clutter\Upperclass\UpperBedSingle01.nif
Skyrim.esm	FURN	0003B436	UpperBedSingle01L	[String 0000A840]	Clutter\Upperclass\UpperBedSingle01.nif
Skyrim.esm	FURN	0003B430	UpperBedSingle01R	[String 0000E316]	Clutter\Upperclass\UpperBedSingle01.nif
Skyrim.esm	FURN	00021374	UpperBench01	[String 0000A38B]	Clutter\Upperclass\UpperBench01.nif
Skyrim.esm	FURN	00077078	UpperBench02	[String 0000DB9C]	Clutter\Upperclass\UpperBench02.nif
Skyrim.esm	FURN	00021375	UpperChair01	[String 00005FBE]	Clutter\Upperclass\UpperChair01.nif
Skyrim.esm	FURN	0003B445	UpperChair01F	[String 00007797]	Clutter\Upperclass\UpperChair01.nif
Skyrim.esm	FURN	0003B46F	UpperChair01FL	[String 0000AB0C]	Clutter\Upperclass\UpperChair01.nif
Skyrim.esm	FURN	0003B487	UpperChair01FR	[String 0000CE9A]	Clutter\Upperclass\UpperChair01.nif
Skyrim.esm	FURN	0003B4B3	UpperChair01L	[String 0000DBA8]	Clutter\Upperclass\UpperChair01.nif
Skyrim.esm	FURN	0003B4B1	UpperChair01LR	[String 0000034E]	Clutter\Upperclass\UpperChair01.nif
Skyrim.esm	FURN	0003B4B5	UpperChair01R	[String 0000DFB0]	Clutter\Upperclass\UpperChair01.nif
Skyrim.esm	FURN	000C07F4	UpperTableBench01	[String 000011B9]	Clutter\Upperclass\UpperTableBench01.nif
Skyrim.esm	FURN	000C07F5	UpperTableBench02	[String 00006090]	Clutter\Upperclass\UpperTableBench02.nif
Skyrim.esm	FURN	000EAB24	VampireCoffin01		Clutter\Coffins\NordicCoffin01.nif
Skyrim.esm	FURN	00074EC6	WoodenBarStool	[String 00004E67]	Furniture\WoodenBarStool.nif
Skyrim.esm	FURN	00036340	WoodenChair01	[String 00002EB7]	Furniture\WoodenChair01.nif
Skyrim.esm	FURN	000EA33B	WriteTableStanding	[String 0000FE80]	Furniture\WriteTableStanding.nif
Skyrim.esm	FURN	000D4847	WRTempleBench01	[String 00008CE5]	Architecture\WhiteRun\WRClutter\WRTempleBench01.nif
Skyrim.esm	FURN	000D4848	WRTempleHealingAltar01	[String 00000023]	Architecture\WhiteRun\WRClutter\WRTempleHealingAltar01.nif
Skyrim.esm	LIGH	00048C2C	BlackreachWater01NS		
Skyrim.esm	LIGH	000D8FBA	BlackreachWater02NS		
Skyrim.esm	LIGH	0002EE04	BleakFallsCandleLight01		
Skyrim.esm	LIGH	000B33F7	BleakFallsCandleLight01_Flicker		
Skyrim.esm	LIGH	0002EE05	BleakFallsCandleLight01NS		
Skyrim.esm	LIGH	0003F29D	BleakFallsCandleLight01NSDesat		
Skyrim.esm	LIGH	00065628	BleakFallsCandleLight01NSTESTTEST		
Skyrim.esm	LIGH	0002EE07	BleakFallsDraugrTorch01Spot		
Skyrim.esm	LIGH	000B3489	BleakFallsWaterBounce01		
Skyrim.esm	LIGH	000B3404	BleakFallsWaterBounce01NS		
Skyrim.esm	LIGH	000354ED	BleakFallsWaterBounce01NS_MoveLess		
Skyrim.esm	LIGH	000EE0C3	BleakFallsWaterBounce01NS_MoveLessPriest		
Skyrim.esm	LIGH	000B3405	BleakFallsWaterBounce01NS_MoveMore		
Skyrim.esm	LIGH	000F7CBD	BlindCliffSpotlight01		
Skyrim.esm	LIGH	000B346D	DBCandlePost01NS		
Skyrim.esm	LIGH	000B345A	DBFireLight01		
Skyrim.esm	LIGH	000B345B	DBFireLight01NS		
Skyrim.esm	LIGH	0001F8B0	DefaultBlueBounceWater01NS		
Skyrim.esm	LIGH	0001FD9B	DefaultBlueBounceWater01NS_MoveLess		
Skyrim.esm	LIGH	000C7735	DefaultBlueBounceWater01NSDesat		
Skyrim.esm	LIGH	000CB626	DefaultBlueBounceWater01NSDim		
Skyrim.esm	LIGH	00088237	DefaultCandleLight01		
Skyrim.esm	LIGH	000668F2	DefaultCandleLight01_Desat		
Skyrim.esm	LIGH	000D1947	DefaultCandleLight01_DesatFXDark		
Skyrim.esm	LIGH	000691D2	DefaultCandleLight01_DesatMoveLess		
Skyrim.esm	LIGH	0005C70D	DefaultCandleLight01_MoveLess		
Skyrim.esm	LIGH	0005C677	DefaultCandleLight01_NoMove		
Skyrim.esm	LIGH	00088238	DefaultCandleLight01NS		
Skyrim.esm	LIGH	00088241	DefaultCandleLight01NSDesat		
Skyrim.esm	LIGH	00035F62	DefaultCandleLight01NSDesatNPS		
Skyrim.esm	LIGH	000B6BCC	DefaultCandleLight01Spot		
Skyrim.esm	LIGH	00068DEA	DefaultCandleLight02Spot		
Skyrim.esm	LIGH	00079AB6	DefaultCandleLight03Spot		
Skyrim.esm	LIGH	000C12F6	DefaultCandleLight04Spot		
Skyrim.esm	LIGH	00088244	DefaultTorch01Spot		
Skyrim.esm	LIGH	00088253	DefaultTorch01SpotDesat		
Skyrim.esm	LIGH	0010092A	DefaultTorch02Spot		
Skyrim.esm	LIGH	0008799C	DwarvenMushroomLight		
Skyrim.esm	LIGH	000897C9	DwarvenOmni_Spot		
Skyrim.esm	LIGH	000AE2B3	DwarvenOmni_Spot_Narrow		
Skyrim.esm	LIGH	00077761	DweLightFireLamp01		
Skyrim.esm	LIGH	000DB9D2	FalmerEpicMushroom01NS		
Skyrim.esm	LIGH	00059B71	FarmInteriorFireLight01		
Skyrim.esm	LIGH	00059A70	FarmSpotlight01		
Skyrim.esm	LIGH	0003B9B1	FireLightOilTrapHazard		
Skyrim.esm	LIGH	000411C7	ForelhostSunlight01		
Skyrim.esm	LIGH	000BA41F	HelgenCandleLight01		
Skyrim.esm	LIGH	000BA420	HelgenCandleLight01NS		
Skyrim.esm	LIGH	000BCC9E	HelgenCandleLight01NS_Still		
Skyrim.esm	LIGH	000BA421	HelgenCandleLight01Spot		
Skyrim.esm	LIGH	000A0F3F	HHIntLightFireLG		
Skyrim.esm	LIGH	000A0F3E	HHIntLightFireMd		
Skyrim.esm	LIGH	0009A9F1	HHIntLightFireSm		
Skyrim.esm	LIGH	000C812D	IceBloodPool01NS		
Skyrim.esm	LIGH	000194F4	IceCandleLight01		
Skyrim.esm	LIGH	000194F5	IceCandleLight01_Desat		
Skyrim.esm	LIGH	000194F6	IceCandleLight01_DesatMoveLess		
Skyrim.esm	LIGH	00019500	IceCandleLight01_MoveLess		
Skyrim.esm	LIGH	00019506	IceCandleLight01_NoMove		
Skyrim.esm	LIGH	00019507	IceCandleLight01NS		
Skyrim.esm	LIGH	0001950B	IceCandleLight01NSDesat		
Skyrim.esm	LIGH	0008E7DC	IceCavern_SunlightSpot		
Skyrim.esm	LIGH	0003C415	IceCavern_SunlightSpot02		
Skyrim.esm	LIGH	000AF8BA	LightCampFire01		
Skyrim.esm	LIGH	000B15EE	LightForgeFire01		
Skyrim.esm	LIGH	00105303	LoadScreenLightBack		
Skyrim.esm	LIGH	00105305	LoadScreenLightFill		
Skyrim.esm	LIGH	00105300	LoadScreenLightMain		
Skyrim.esm	LIGH	000F650D	MagicLightDA16Skull		
Skyrim.esm	LIGH	000F650E	MagicLightDA16SkullProjectile		
Skyrim.esm	LIGH	0009EE7C	MagicLightDragonFire		
Skyrim.esm	LIGH	0001CBB3	MagicLightFireball01		
Skyrim.esm	LIGH	0010FBEC	MagicLightFireball02		
Skyrim.esm	LIGH	000D4887	MagicLightFireballStorm01		
Skyrim.esm	LIGH	00021660	MagicLightFireBarrier01		
Skyrim.esm	LIGH	000140EC	MagicLightFireInHand		
Skyrim.esm	LIGH	00089F27	MagicLightFireStormHand		
Skyrim.esm	LIGH	000253D4	MagicLightFPSFire		
Skyrim.esm	LIGH	000DA628	MarkarthFireLight		
Skyrim.esm	LIGH	000DA626	MarkarthFireLightShad		
Skyrim.esm	LIGH	000FFF48	MGFirePillarLightBlue		
Skyrim.esm	LIGH	00108D79	MGFirePillarLightBlueShadow		
Skyrim.esm	LIGH	000FFF46	MGFirePillarLightShadow		
Skyrim.esm	LIGH	000C275D	MS06PotemaBanishLight		Effects\MS06PotemaBanish.nif
Skyrim.esm	LIGH	000C275B	MS06RitualLightEvil		Effects\MS06PotemaSummon.nif
Skyrim.esm	LIGH	000C275A	MS06WolfSkullCaveMainLight		
Skyrim.esm	LIGH	000B2FAF	RiftenLight01ShadSpot		
Skyrim.esm	LIGH	00018FEA	RiftenLight01ShadSpot_Desat		
Skyrim.esm	LIGH	00081810	ShadowDepthBiasTestLightSpot		
Skyrim.esm	LIGH	000A9280	SleepingTreeCampMagicWaterLight		
Skyrim.esm	LIGH	000B735D	SLightCandleStreet01		
Skyrim.esm	LIGH	0003611F	SolitudeInnCandleDefault		
Skyrim.esm	LIGH	000625E0	SolitudeInnCandleDefaultShadow		
Skyrim.esm	LIGH	000CD065	SolitudeInnFirePlacesDefault		
Skyrim.esm	LIGH	000A56A9	SolitudeInnFirePlacesShadowDefault		
Skyrim.esm	LIGH	00075C32	SolitudeInnFiretDefault		
Skyrim.esm	LIGH	00077083	SolitudeInnLight03FireMd		
Skyrim.esm	LIGH	0006C056	SolitudeInnSpotlightDefaultShadow		
Skyrim.esm	LIGH	000C82C7	SovngardeWarmLight	[String 0000B487]	Weapons\Torch\torch.nif
Skyrim.esm	LIGH	0003CDFA	SummonTargetFXLight		Magic\SummonTargetFX.nif
Skyrim.esm	LIGH	0003CDFB	SummonTargetFXLightAnim		Magic\SummonTargetFX.nif
Skyrim.esm	LIGH	00039E0E	TestGrantCandleLight01NS		
Skyrim.esm	LIGH	00039C4C	TestGrantIntLightSpotSun		
Skyrim.esm	LIGH	000B9402	TestGrantIntLightSpotSunBlue		
Skyrim.esm	LIGH	00039EEA	TestGrantLightCampFire01		
Skyrim.esm	LIGH	0001D4EC	Torch01	[String 0000D774]	Weapons\Torch\torch.nif
Skyrim.esm	LIGH	00036343	Torch01Shadow	[String 00008F00]	Weapons\Torch\torch.nif
Skyrim.esm	LIGH	000CB902	WindhelmFireLight01		
Skyrim.esm	LIGH	000CB92C	WindhelmFireLightNS		
Skyrim.esm	LIGH	000B9BE7	WRCandleFlickerNS		
Skyrim.esm	LIGH	000E2969	WRCandleLightBounceAmb01Hemi		
Skyrim.esm	LIGH	000B9BE6	WRCandlePulseShadow		
Skyrim.esm	LIGH	000BBAE5	WRFireLightNS		
Skyrim.esm	LIGH	00077FCE	WRFireLightShadow01		
Skyrim.esm	LIGH	000B9BEE	WRFireplaceFill		
Skyrim.esm	LIGH	0005D948	WRLightFire01		
Skyrim.esm	LIGH	0008278A	WRLightFireStreet01		
Skyrim.esm	LIGH	0007BA11	WRUderforgeOmniBrightShadow		
Skyrim.esm	STAT	0003AEB8	1stPersonAkaviriKatana		Weapons\Akaviri\1stPersonBladesSword.nif
Skyrim.esm	STAT	000E37A9	1stPersonAxeofYsgramor		Weapons\AxeofYsgramor\1stPersonAxeofYsgramor.nif
Skyrim.esm	STAT	0001F25C	1stPersonBasicKnife		Clutter\Dining Set\BasicKnife01.nif
Skyrim.esm	STAT	000CAF5C	1stPersonBladeofWoe		Weapons\BladeofWoe\1stPersonBladeofWoe.nif
Skyrim.esm	STAT	00069CE4	1stPersonBoundSword		Weapons\BoundWeapons\BoundSword01.nif
Skyrim.esm	STAT	000C5B69	1stPersonCeremonialBlade		Weapons\CeremonialBlade\1stPersonCeremonialBlade.nif
Skyrim.esm	STAT	000998D1	1stPersonDA10MaceofMolagBal		Weapons\MaceOfMolagBal\1stPersonMaceOfMolagBal.nif
Skyrim.esm	STAT	00055772	1stPersonDA10RustyMaceofMolagBal		Weapons\MaceOfMolagBal\1stPersonRustyMaceOfMolagBal.nif
Skyrim.esm	STAT	000C8C7B	1stPersonDaedricBattleAxe		Weapons\Daedric\1stPersonDaedricBattleAxe.nif
Skyrim.esm	STAT	000D7533	1stPersonDaedricBow		Weapons\Daedric\DaedricBowSkinned.nif
Skyrim.esm	STAT	00084D0B	1stPersonDaedricDagger		Weapons\Daedric\1stPersonDaedricDagger.nif
Skyrim.esm	STAT	00092505	1stPersonDaedricGreatSword		Weapons\Daedric\1stPersonDaedricGreatSword.nif
Skyrim.esm	STAT	000C8C7A	1stPersonDaedricMace		Weapons\Daedric\DaedricMace.nif
Skyrim.esm	STAT	0005FF33	1stPersonDaedricSword		Weapons\Daedric\1stPersonDaedricSword.nif
Skyrim.esm	STAT	000C8C7C	1stPersonDaedricWarAxe		Weapons\Daedric\1stPersonDaedricWarAxe.nif
Skyrim.esm	STAT	000C8C79	1stPersonDaedricWarhammer		Weapons\Daedric\1stPersonDaedricWarhammer.nif
Skyrim.esm	STAT	0007C664	1stPersonDawnbreaker		Weapons\Dawnbreaker\1stPersonDawnbreaker.nif
Skyrim.esm	STAT	0001C1FD	1stPersonDragonPriestDagger		Weapons\DragonPriest\DragonPriestDagger.nif
Skyrim.esm	STAT	0001C200	1stPersonDragonPriestStaff		Weapons\DragonPriest\DragonPriestStaff.nif
Skyrim.esm	STAT	0001CB63	1stPersonDraugrBattleAxe		Weapons\Draugr\1stPersonDraugrBattleAxe.nif
Skyrim.esm	STAT	000302C9	1stPersonDraugrBow		Weapons\Draugr\DraugrBowSkinned.nif
Skyrim.esm	STAT	000236A4	1stPersonDraugrGreatsword		Weapons\Draugr\1stPersonDraugrGreatSword.nif
Skyrim.esm	STAT	0002C671	1stPersonDraugrHandAxe		Weapons\Draugr\1stPersonDraugrHandAxe.nif
Skyrim.esm	STAT	0010E735	1stPersonDraugrMagicBattleAxe		Weapons\Draugr\DraugrMagicBattleAxe.nif
Skyrim.esm	STAT	0010E734	1stPersonDraugrMagicBow		Weapons\Draugr\DraugrMagicBowSkinned.nif
Skyrim.esm	STAT	0010E736	1stPersonDraugrMagicSword		Weapons\Draugr\DraugrMagicSword.nif
Skyrim.esm	STAT	0002C66E	1stPersonDraugrSword		Weapons\Draugr\1stPersonDraugrSword.nif
Skyrim.esm	STAT	00036BE1	1stPersonDwarvenBattleaxe		Weapons\Dwarven\1stPersonDwarvenBattleAxe.nif
Skyrim.esm	STAT	0005271A	1stPersonDwarvenBow		Weapons\Dwarven\DwarvenBowSkinned.nif
Skyrim.esm	STAT	00036BC7	1stPersonDwarvenDagger		Weapons\Dwarven\1stPersonDwarvenDagger.nif
Skyrim.esm	STAT	00036BC8	1stPersonDwarvenGreatsword		Weapons\Dwarven\1stPersonDwarvenGreatSword.nif
Skyrim.esm	STAT	00036BC9	1stPersonDwarvenMace		Weapons\Dwarven\1stPersonDwarvenMace.nif
Skyrim.esm	STAT	000C6920	1stPersonDwarvenStaff		Weapons\Dwarven\1stPersonDwarvenStaff.nif
Skyrim.esm	STAT	000C6925	1stPersonDwarvenStaffGem		Weapons\Dwarven\1stPersonDwarvenStaffGem.nif
Skyrim.esm	STAT	00036BCA	1stPersonDwarvenSword		Weapons\Dwarven\1stPersonDwarvenSword.nif
Skyrim.esm	STAT	00036BC6	1stPersonDwarvenWarAxe		Weapons\Dwarven\1stPersonDwarvenHandAxe.nif
Skyrim.esm	STAT	00036BCB	1stPersonDwarvenWarhammer		Weapons\Dwarven\1stPersonDwarvenWarhammer.nif
Skyrim.esm	STAT	00036BDB	1stPersonEbonyBattleaxe		Weapons\Ebony\1stPersonEbonyBattleAxe.nif
Skyrim.esm	STAT	000C1434	1stPersonEbonyBlade		Weapons\EbonyBlade\1stPersonEbonyBlade.nif
Skyrim.esm	STAT	000596E4	1stPersonEbonyBow		Weapons\Ebony\EbonyBowSkinned.nif
Skyrim.esm	STAT	00036BDC	1stPersonEbonyDagger		Weapons\Ebony\1stPersonEbonyDagger.nif
Skyrim.esm	STAT	00036BDD	1stPersonEbonyGreatsword		Weapons\Ebony\1stPersonEbonyGreatsword.nif
Skyrim.esm	STAT	00036BDE	1stPersonEbonyMace		Weapons\Ebony\1stPersonEbonyMace.nif
Skyrim.esm	STAT	00036BDF	1stPersonEbonySword		Weapons\Ebony\1stPersonEbonySword.nif
Skyrim.esm	STAT	00036BDA	1stPersonEbonyWarAxe		Weapons\Ebony\1stPersonEbonyWarAxe.nif
Skyrim.esm	STAT	00036BE0	1stPersonEbonyWarhammer		Weapons\Ebony\1stPersonEbonyWarhammer.nif
Skyrim.esm	STAT	00048783	1stPersonElderScrollFurled		Clutter\ElderScroll\1stPersonElderScrollFurled.nif
Skyrim.esm	STAT	0004877F	1stPersonElderScrollUnfurled		Clutter\ElderScroll\ElderScrollUnfurled.nif
Skyrim.esm	STAT	00036BCD	1stPersonElvenBattleaxe		Weapons\Elven\1stPersonElvenBattleAxe.nif
Skyrim.esm	STAT	00018814	1stPersonElvenBow		Weapons\Elven\ElvenBowSkinned.nif
Skyrim.esm	STAT	00036BD0	1stPersonElvenDagger		Weapons\Elven\1stPersonElvenDagger.nif
Skyrim.esm	STAT	00036BCE	1stPersonElvenGreatsword		Weapons\Elven\1stPersonElvenGreatSword.nif
Skyrim.esm	STAT	00036BCF	1stPersonElvenMace		Weapons\Elven\1stPersonElvenMace.nif
Skyrim.esm	STAT	00036BD1	1stPersonElvenSword		Weapons\Elven\1stPersonElvenSword.nif
Skyrim.esm	STAT	00036BCC	1stPersonElvenWarAxe		Weapons\Elven\1stPersonElvenWarAxe.nif
Skyrim.esm	STAT	00036BD2	1stPersonElvenWarhammer		Weapons\Elven\1stPersonElvenWarHammer.nif
Skyrim.esm	STAT	000BE25F	1stPersonExecutionerAxe		Weapons\Executioner\1stPersonExecutionerAxe.nif
Skyrim.esm	STAT	0003AFE6	1stPersonFalmerAxe		Weapons\Falmer\1stPersonFalmerBattleAxe.nif
Skyrim.esm	STAT	0003AFE7	1stPersonFalmerBow		Weapons\Falmer\FalmerBow.nif
Skyrim.esm	STAT	0003AFE5	1stPersonFalmerSword		Weapons\Falmer\1stPersonFalmerLongSword.nif
Skyrim.esm	STAT	000CC828	1stPersonForswornAxe		Weapons\Forsworn\1stPersonForswornAxe.nif
Skyrim.esm	STAT	000CEE9C	1stPersonForswornBow		Weapons\Forsworn\ForswornBow.nif
Skyrim.esm	STAT	000CC825	1stPersonForswornStaff		Weapons\Forsworn\1stPersonForswornStaff.nif
Skyrim.esm	STAT	000CADE8	1stPersonForswornSword		Weapons\Forsworn\1stPersonForswornSword.nif
Skyrim.esm	STAT	00108E40	1stPersonGhostblade		Weapons\Draugr\DraugrMagicSword.nif
Skyrim.esm	STAT	000461DB	1stPersonGiantClub		Weapons\Giant\GiantClub.nif
Skyrim.esm	STAT	00036BD4	1stPersonGlassBattleaxe		Weapons\Glass\1stPersonGlassBattleAxe.nif
Skyrim.esm	STAT	0005474B	1stPersonGlassBow		Weapons\Glass\GlassBowSkinned.nif
Skyrim.esm	STAT	00036BD5	1stPersonGlassDagger		Weapons\Glass\1stPersonGlassDagger.nif
Skyrim.esm	STAT	00036BD6	1stPersonGlassGreatsword		Weapons\Glass\1stPersonGlassGreatSword.nif
Skyrim.esm	STAT	00036BD7	1stPersonGlassMace		Weapons\Glass\1stPersonGlassMace.nif
Skyrim.esm	STAT	00036BD8	1stPersonGlassSword		Weapons\Glass\1stPersonGlassSword.nif
Skyrim.esm	STAT	001032D0	1stPersonGlassSwordChillrend		Weapons\Glass\1stPersonGlassSwordChillRend.nif
Skyrim.esm	STAT	00036BD3	1stPersonGlassWarAxe		Weapons\Glass\1stPersonGlassWarAxe.nif
Skyrim.esm	STAT	00036BD9	1stPersonGlassWarhammer		Weapons\Glass\1stPersonGlassWarHammer.nif
Skyrim.esm	STAT	0003FA6A	1stPersonImperialSword		Weapons\Imperial\1stpersonImperialSword.nif
Skyrim.esm	STAT	00036BAB	1stPersonIronBattleAxe		Weapons\Iron\1stPersonIronBattleAxe.nif
Skyrim.esm	STAT	00036BAC	1stPersonIronBow		Weapons\Iron\IronBow.nif
Skyrim.esm	STAT	00036BAD	1stPersonIronDagger		Weapons\Iron\1stPersonIronDagger.nif
Skyrim.esm	STAT	00036BAE	1stPersonIronGreatSword		Weapons\Iron\1stPersonIronClaymore.nif
Skyrim.esm	STAT	00036BAF	1stPersonIronMace		Weapons\Iron\1stPersonIronMace.nif
Skyrim.esm	STAT	00036BB0	1stPersonIronSword		Weapons\Iron\1stPersonLongSword.nif
Skyrim.esm	STAT	00036BB1	1stPersonIronWarAxe		Weapons\Iron\1stPersonWarAxe.nif
Skyrim.esm	STAT	00036BB2	1stPersonIronWarhammer		Weapons\Iron\1stPersonWarHammer.nif
Skyrim.esm	STAT	000E49B8	1stPersonKeening		Weapons\Keening\1stPersonKeening.nif
Skyrim.esm	STAT	00088CB2	1stPersonMehrunesRazor		Weapons\MehrunesRazor\1stPersonMehrunesRazor.nif
Skyrim.esm	STAT	00048785	1stPersonMQDragonPriestStaff		Weapons\MQDragonPriest\MQ_DragonPriestStaff.nif
Skyrim.esm	STAT	000777C4	1stPersonNettlebane		Weapons\Ebony\1stPersonEbonyDagger.nif
Skyrim.esm	STAT	0007A918	1stPersonNightingaleBlade		Weapons\Nightingale\1stPersonNightingaleSword.nif
Skyrim.esm	STAT	0007E5C2	1stPersonNightingaleBow		Weapons\Nightingale\NightingaleBow.nif
Skyrim.esm	STAT	00068C6E	1stPersonNordHeroBattleAxe		Weapons\NordHero\1stPersonNordHeroBattleAxe.nif
Skyrim.esm	STAT	00068C4A	1stPersonNordHeroBow		Weapons\NordHero\NordHeroBow.nif
Skyrim.esm	STAT	000A3116	1stPersonNordHeroGreatsword		Weapons\NordHero\1stPersonNordHeroGreatsword.nif
Skyrim.esm	STAT	00068C7C	1stPersonNordHeroSword		Weapons\NordHero\1stPersonNordHeroSword.nif
Skyrim.esm	STAT	00068C62	1stPersonNordHeroWarAxe		Weapons\NordHero\1stPersonNordHeroWarAxe.nif
Skyrim.esm	STAT	0003417E	1stPersonOrcishArrow		Weapons\Orcish\OrcishArrow.nif
Skyrim.esm	STAT	00029708	1stPersonOrcishBattleAxe		Weapons\Orcish\1stPersonOrcishBattleAxe.nif
Skyrim.esm	STAT	0003417C	1stPersonOrcishBow		Weapons\Orcish\OrcishBow.nif
Skyrim.esm	STAT	00029720	1stPersonOrcishDagger		Weapons\Orcish\1stPersonOrcishDagger.nif
Skyrim.esm	STAT	00029713	1stPersonOrcishGreatsword		Weapons\Orcish\1stPersonOrcishGreatsword.nif
Skyrim.esm	STAT	00029705	1stPersonOrcishMace		Weapons\Orcish\1stPersonOrcishMace.nif
Skyrim.esm	STAT	0002971E	1stPersonOrcishSword		Weapons\Orcish\1stPersonOrcishSword.nif
Skyrim.esm	STAT	000296E9	1stPersonOrcishWarAxe		Weapons\Orcish\1stPersonOrcishHandAxe.nif
Skyrim.esm	STAT	0002970C	1stPersonOrcishWarhammer		Weapons\Orcish\1stPersonOrcishWarhammer.nif
Skyrim.esm	STAT	000E3C14	1stPersonPickAxe02		Weapons\PickAxe\1stPersonPickAxe02.nif
Skyrim.esm	STAT	00093ADD	1stPersonRuefulAxe		Weapons\RuefulAxe\1stPersonRuefulAxe.nif
Skyrim.esm	STAT	0007A919	1stPersonScimitar		Weapons\Scimitar\1stPersonScimitar.nif
Skyrim.esm	STAT	000C4E33	1stPersonShiv		Weapons\Shiv\Shiv.nif
Skyrim.esm	STAT	0010C6FD	1stPersonSilverGreatSword		Weapons\Silver\1stPersonSilverGreatSword.nif
Skyrim.esm	STAT	0010C6FC	1stPersonSilverSword		Weapons\Silver\1stPersonSilverSword.nif
Skyrim.esm	STAT	0004CDAD	1stPersonSkullofCorruption		Weapons\SkullofCorruption\1stPersonSkullofCorruption.nif
Skyrim.esm	STAT	0007A91D	1stPersonStaff01		Weapons\Staff01\1stPersonStaff01.nif
Skyrim.esm	STAT	0007A91C	1stPersonStaff02		Weapons\Staff02\1stPersonStaff02.nif
Skyrim.esm	STAT	0007E644	1stPersonStaff03		Weapons\Staff03\1stPersonStaff03.nif
Skyrim.esm	STAT	0007E645	1stPersonStaff04		Weapons\Staff04\1stPersonStaff04.nif
Skyrim.esm	STAT	000E2FC9	1stPersonStaffofMagnus		Weapons\StaffofMagnus\1stPersonStaffofMagnus.nif
Skyrim.esm	STAT	00020E27	1stPersonSteelBattleAxe		Weapons\Steel\1stPersonSteelBattleAxe.nif
Skyrim.esm	STAT	000F209F	1stPersonSteelBattleAxe1Hander		Weapons\Steel\1stPersonSteelBattleAxe1Hander.nif
Skyrim.esm	STAT	00023B5A	1stPersonSteelBow		Weapons\Steel\SteelBow.nif
Skyrim.esm	STAT	00013EB7	1stPersonSteelDagger		Weapons\Steel\1stPersonSteelDagger.nif
Skyrim.esm	STAT	00016D6F	1stPersonSteelGreatSword		Weapons\Steel\1stPersonSteelGreatSword.nif
Skyrim.esm	STAT	000F209E	1stPersonSteelGreatSword1Hander		Weapons\Steel\1stPersonSteelGreatSword1Hander.nif
Skyrim.esm	STAT	00014305	1stPersonSteelMace		Weapons\Steel\1stPersonSteelMace.nif
Skyrim.esm	STAT	000140EF	1stPersonSteelSword		Weapons\Steel\1stPersonSteelSword.nif
Skyrim.esm	STAT	0001AC65	1stPersonSteelWarAxe		Weapons\Steel\1stPersonSteelWarAxe.nif
Skyrim.esm	STAT	0001C4F3	1stPersonSteelWarhammer		Weapons\Steel\1stPersonSteelWarhammer.nif
Skyrim.esm	STAT	0002FB86	1stPersonVolendrung		Weapons\Volendrung\1stPersonVolendrung.nif
Skyrim.esm	STAT	00078F6C	1stPersonWabbajack		Weapons\Wabbajack\Wabbajack.nif
Skyrim.esm	STAT	0003B563	1stPersonWoodenBow		Weapons\Wooden\Woodenbow.nif
Skyrim.esm	STAT	00066AF6	ArcheryTarget		Clutter\Common\ArcheryTarget01.nif
Skyrim.esm	STAT	0008A874	ArcheryTargetSnow		Clutter\Common\ArcheryTarget01.nif
Skyrim.esm	STAT	00066AF4	ArcheryTargetTripod		Clutter\Common\ArcheryTargetTripod01.nif
Skyrim.esm	STAT	0010F738	AtrFrgSigilStoneStatic		Clutter\Quest\SigilStoneStatic.nif
Skyrim.esm	STAT	0001ED86	BannerAnchor01		Clutter\Skuldafn\SkuldafnBannerAnchor02.nif
Skyrim.esm	STAT	0010C0E3	Barrel02Static		Clutter\Barrel02.nif
Skyrim.esm	STAT	0010EAF1	Barrel02Static_HeavySN		Clutter\Barrel02.nif
Skyrim.esm	STAT	00094AC6	Bedroll01Static		Furniture\Bedroll\Bedroll01.nif
Skyrim.esm	STAT	00101A36	BedrollHay01STATIC		Furniture\Bedroll\BedrollHay01.nif
Skyrim.esm	STAT	00101A4C	BedrollHay01STATICFallForestDirt		Furniture\Bedroll\BedrollHay01.nif
Skyrim.esm	STAT	00101A5E	BedrollHay01STATICGrassSnow		Furniture\Bedroll\BedrollHay01.nif
Skyrim.esm	STAT	00104B9B	BedrollHay01STATICPineForest01		Furniture\Bedroll\BedrollHay01.nif
Skyrim.esm	STAT	00101A45	BedrollHay01STATICReachDirt		Furniture\Bedroll\BedrollHay01.nif
Skyrim.esm	STAT	000F026C	BFXOilBarrelClosed01Static		Clutter\OilBarrel\BFXOilBarrelClosedStatic01.nif
Skyrim.esm	STAT	000F026D	BFXOilBarrelClosed02Static		Clutter\OilBarrel\BFXOilBarrelClosedStatic02.nif
Skyrim.esm	STAT	000F0322	BFXOilBarrelOpen01Static		Clutter\OilBarrel\BFXOilBarrelOpen01.nif
Skyrim.esm	STAT	000921C8	BlackreachEBalconyShelf01		Dungeons\Caves\Blackreach\BlackreachEBalconyShelf01.nif
Skyrim.esm	STAT	000921C9	BlackreachEBalconyShelf02		Dungeons\Caves\Blackreach\BlackreachEBalconyShelf02.nif
Skyrim.esm	STAT	000DB9CE	BlackreachEpicMushroom01		Clutter\Blackreach\BlackreachEpicMushroom01.nif
Skyrim.esm	STAT	000CACDC	BlackreachGiantMush01		Clutter\Blackreach\BlackreachGiantMushroom01.nif
Skyrim.esm	STAT	000CACDD	BlackreachGiantMush02		Clutter\Blackreach\BlackreachGiantMushroom02.nif
Skyrim.esm	STAT	000CACD9	BlackreachGiantMush03		Clutter\Blackreach\BlackreachGiantMushroom03.nif
Skyrim.esm	STAT	000CACDA	BlackreachGiantMush04		Clutter\Blackreach\BlackreachGiantMushroom04.nif
Skyrim.esm	STAT	000CACDB	BlackreachGiantMush05		Clutter\Blackreach\BlackreachGiantMushroom05.nif
Skyrim.esm	STAT	000CE0B8	BlackreachSmallMushroom01		Clutter\Blackreach\BlackreachSmallMushroom01.nif
Skyrim.esm	STAT	000CE0B4	BlackreachSmallMushroom02		Clutter\Blackreach\BlackreachSmallMushroom02.nif
Skyrim.esm	STAT	000CE0B5	BlackreachSmallMushroom03		Clutter\Blackreach\BlackreachSmallMushroom03.nif
Skyrim.esm	STAT	000CE0B6	BlackreachSmallMushroom04		Clutter\Blackreach\BlackreachSmallMushroom04.nif
Skyrim.esm	STAT	000CE0B7	BlackreachSmallMushroom05		Clutter\Blackreach\BlackreachSmallMushroom05.nif
Skyrim.esm	STAT	000CE0C0	BlackreachTinyMushroom01		Clutter\Blackreach\BlackreachTinyMushroom01.nif
Skyrim.esm	STAT	000D1B0C	BlackreachTinyMushroom01Dirt01		Clutter\Blackreach\BlackreachTinyMushroom01.nif
Skyrim.esm	STAT	000CE0BF	BlackreachTinyMushroom02		Clutter\Blackreach\BlackreachTinyMushroom02.nif
Skyrim.esm	STAT	000DB684	BlackreachTinyMushroom02Dirt01		Clutter\Blackreach\BlackreachTinyMushroom02.nif
Skyrim.esm	STAT	0001BCC2	BlacksmithAnvilStatic		Clutter\Blacksmith\BlacksmithAnvil01.nif
Skyrim.esm	STAT	0001BCC3	BlacksmithWorkbench01		Clutter\Blacksmith\BlacksmithWorkbench01.nif
Skyrim.esm	STAT	00073CC2	BoneDeerSkullHornedStatic		Clutter\Bones\DeerSkullHornsStatic.nif
Skyrim.esm	STAT	000FEFA6	BoneDeerSkullHornedStaticIce		Clutter\Bones\DeerSkullHornsStatic.nif
Skyrim.esm	STAT	00079804	BoneDeerSkullHornedStaticSnow		Clutter\Bones\DeerSkullHornsStatic.nif
Skyrim.esm	STAT	00073CD8	BoneDeerSkullStatic		Clutter\Bones\DeerSkullStatic.nif
Skyrim.esm	STAT	000FEFA7	BoneDeerSkullStaticIce		Clutter\Bones\DeerSkullStatic.nif
Skyrim.esm	STAT	0007C41D	BoneDeerSkullStaticSnow		Clutter\Bones\DeerSkullStatic.nif
Skyrim.esm	STAT	000C49E5	BoneHumanArmLStatic		Clutter\Bones\HumanArmLeftStatic.nif
Skyrim.esm	STAT	000C7A12	BoneHumanArmLStaticSnow		Clutter\Bones\HumanArmLeftStatic.nif
Skyrim.esm	STAT	000C49E6	BoneHumanArmRStatic		Clutter\Bones\HumanArmRightStatic.nif
Skyrim.esm	STAT	000C79CC	BoneHumanArmRStaticSnow		Clutter\Bones\HumanArmRightStatic.nif
Skyrim.esm	STAT	000C49E7	BoneHumanFootLStatic		Clutter\Bones\HumanFootLeftStatic.nif
Skyrim.esm	STAT	0009D849	BoneHumanFootLStaticSnow		Clutter\Bones\HumanFootLeftStatic.nif
Skyrim.esm	STAT	000C49E8	BoneHumanFootRStatic		Clutter\Bones\HumanFootRightStatic.nif
Skyrim.esm	STAT	000C79CA	BoneHumanFootRStaticSnow		Clutter\Bones\HumanFootRightStatic.nif
Skyrim.esm	STAT	000C49E9	BoneHumanHandLStatic		Clutter\Bones\HumanHandLeftStatic.nif
Skyrim.esm	STAT	000C7932	BoneHumanHandLStaticSnow		Clutter\Bones\HumanHandLeftStatic.nif
Skyrim.esm	STAT	000C49EA	BoneHumanHandRStatic		Clutter\Bones\HumanHandRightStatic.nif
Skyrim.esm	STAT	000C79CE	BoneHumanHandRStaticSnow		Clutter\Bones\HumanHandRightStatic.nif
Skyrim.esm	STAT	000C49EB	BoneHumanLegLStatic		Clutter\Bones\HumanLegLeftStatic.nif
Skyrim.esm	STAT	000FEFA9	BoneHumanLegLStaticIce		Clutter\Bones\HumanLegLeftStatic.nif
Skyrim.esm	STAT	000CA4CD	BoneHumanLegLStaticSnow		Clutter\Bones\HumanLegLeftStatic.nif
Skyrim.esm	STAT	000C49EC	BoneHumanLegRStatic		Clutter\Bones\HumanLegRightStatic.nif
Skyrim.esm	STAT	000C79C8	BoneHumanLegRStaticSnow		Clutter\Bones\HumanLegRightStatic.nif
Skyrim.esm	STAT	000C49ED	BoneHumanRibcageFullStatic		Clutter\Bones\HumanRibcageFullStatic.nif
Skyrim.esm	STAT	000C7930	BoneHumanRibcageFullStaticSnow		Clutter\Bones\HumanRibcageFullStatic.nif
Skyrim.esm	STAT	000C49EF	BoneHumanSkullFullStatic		Clutter\Bones\HumanSkullFullStatic.nif
Skyrim.esm	STAT	000C792E	BoneHumanSkullFullStaticSnow		Clutter\Bones\HumanSkullFullStatic.nif
Skyrim.esm	STAT	000C49EE	BoneHumanSkullStatic		Clutter\Bones\HumanSkullStatic.nif
Skyrim.esm	STAT	000A313B	BoneHumanSkullStaticSnow		Clutter\Bones\HumanSkullStatic.nif
Skyrim.esm	STAT	000C49F0	BoneHumanSpineStatic		Clutter\Bones\SpineStatic.nif
Skyrim.esm	STAT	00073CE5	BoneMammothRibs		Clutter\Bones\MammothRibcage.nif
Skyrim.esm	STAT	00073CE6	BoneMammothRibsBroken		Clutter\Bones\MammothRibcageBroken.nif
Skyrim.esm	STAT	00078DB9	BoneMammothRibsBrokenSnow		Clutter\Bones\MammothRibcageBroken.nif
Skyrim.esm	STAT	000897D2	BoneMammothRibsBrokenSulfur		Clutter\Bones\MammothRibcageBroken.nif
Skyrim.esm	STAT	000FEFA5	BoneMammothRibsIce		Clutter\Bones\MammothRibcage.nif
Skyrim.esm	STAT	0007C41E	BoneMammothRibsSnow		Clutter\Bones\MammothRibcage.nif
Skyrim.esm	STAT	000897CA	BoneMammothRibsSulfur		Clutter\Bones\MammothRibcage.nif
Skyrim.esm	STAT	00073CE8	BoneMammothSkull1		Clutter\Bones\MammothSkull1.nif
Skyrim.esm	STAT	00096C3E	BoneMammothSkull1Snow		Clutter\Bones\MammothSkull1.nif
Skyrim.esm	STAT	000897D3	BoneMammothSkull1Sulfur		Clutter\Bones\MammothSkull1.nif
Skyrim.esm	STAT	00073CE9	BoneMammothSkull2		Clutter\Bones\MammothSkull2.nif
Skyrim.esm	STAT	00096C3F	BoneMammothSkull2Snow		Clutter\Bones\MammothSkull2.nif
Skyrim.esm	STAT	00073CEA	BoneMammothSkull3		Clutter\Bones\MammothSkull3.nif
Skyrim.esm	STAT	00078DBB	BoneMammothSkull3Snow		Clutter\Bones\MammothSkull3.nif
Skyrim.esm	STAT	000897D1	BoneMammothSkull3Sulfur		Clutter\Bones\MammothSkull3.nif
Skyrim.esm	STAT	00073CED	BoneMammothSkull4		Clutter\Bones\MammothSkull4.nif
Skyrim.esm	STAT	00096C40	BoneMammothSkull4Snow		Clutter\Bones\MammothSkull4.nif
Skyrim.esm	STAT	000998CA	BoneMammothSkull4Sulfur		Clutter\Bones\MammothSkull4.nif
Skyrim.esm	STAT	00104F71	BoundAxeEnchEffectsStatic		Weapons\BoundWeapons\BoundAxeEnchEffects.nif
Skyrim.esm	STAT	00104F73	BoundBowStatic		Weapons\BoundWeapons\BoundBow.nif
Skyrim.esm	STAT	00104F72	BoundSwordEnchEffectsStatic		Weapons\BoundWeapons\BoundSwordEnchEffects.nif
Skyrim.esm	STAT	000B27AE	Bridge01FallForestDirt01		Landscape\Bridges\Bridge01.nif
Skyrim.esm	STAT	000EB78F	BridgeNarrow01_FallForestDirt01		Landscape\Bridges\BridgeNarrow01.nif
Skyrim.esm	STAT	000EB7A5	BridgeShort01FallForestDirt01		Landscape\Bridges\BridgeShort01.nif
Skyrim.esm	STAT	000EA9D2	BurntRubble01Rocks01		Clutter\Helgen\BurntRubble01.nif
Skyrim.esm	STAT	000EA9D5	BurntRubble02Rocks01		Clutter\Helgen\BurntRubble02.nif
Skyrim.esm	STAT	000EA9D4	BurntRubble03Rocks01		Clutter\Helgen\BurntRubble03.nif
Skyrim.esm	STAT	000EA9D1	BurntRubble05Rocks01		Clutter\Helgen\BurntRubble05.nif
Skyrim.esm	STAT	000C2CC3	BurntWoodplanks01		Clutter\Helgen\BurntWoodplanks01.nif
Skyrim.esm	STAT	000C2CC4	BurntWoodplanks02		Clutter\Helgen\BurntWoodplanks02.nif
Skyrim.esm	STAT	000C2CC5	BurntWoodplanks03		Clutter\Helgen\BurntWoodplanks03.nif
Skyrim.esm	STAT	000C2CB9	BurntWoodplanks04		Clutter\Helgen\BurntWoodplanks04.nif
Skyrim.esm	STAT	000C2CBA	BurntWoodplanks05		Clutter\Helgen\BurntWoodplanks05.nif
Skyrim.esm	STAT	000C2CBB	BurntWoodplanks06		Clutter\Helgen\BurntWoodplanks06.nif
Skyrim.esm	STAT	000C2CBC	BurntWoodplanks07		Clutter\Helgen\BurntWoodplanks07.nif
Skyrim.esm	STAT	000C2CBD	BurntWoodplanks08		Clutter\Helgen\BurntWoodplanks08.nif
Skyrim.esm	STAT	000B626D	C06YsgramorStatueAxe		Weapons\AxeofYsgramor\AxeofYsgramor.nif
Skyrim.esm	STAT	00035F4B	Campfire01LandOff		Clutter\WoodFires\Campfire01LandOff.nif
Skyrim.esm	STAT	00083B20	Campfire01LandOffCaveDirt		Clutter\WoodFires\Campfire01LandOff.nif
Skyrim.esm	STAT	0007F8AB	Campfire01LandOffCoastBeach		Clutter\WoodFires\Campfire01LandOff.nif
Skyrim.esm	STAT	000EA901	Campfire01LandOffDirt01		Clutter\WoodFires\Campfire01LandOff.nif
Skyrim.esm	STAT	0003E983	Campfire01LandOffReachDirt		Clutter\WoodFires\Campfire01LandOff.nif
Skyrim.esm	STAT	000E7C9B	Campfire01LandOffRiverbedEdge01		Clutter\WoodFires\Campfire01LandOff.nif
Skyrim.esm	STAT	000F491C	Campfire01LandOffRocks01		Clutter\WoodFires\Campfire01LandOff.nif
Skyrim.esm	STAT	000860C1	Campfire01LandOffSnow		Clutter\WoodFires\Campfire01LandOff.nif
Skyrim.esm	STAT	00035F4C	Campfire01Off		Clutter\WoodFires\Campfire01Off.nif
Skyrim.esm	STAT	00024F20	CandleHornChandelier01		Clutter\Candles\CandleHornChandelier01.nif
Skyrim.esm	STAT	0005AD5B	CandleHornChandelier02		Clutter\Candles\CandleHornChandelier02.nif
Skyrim.esm	STAT	0001F249	CandleHornFloor01		Clutter\Candles\CandleHornFloor01.nif
Skyrim.esm	STAT	0001F24A	CandleHornTable01		Clutter\Candles\CandleHornTable01.nif
Skyrim.esm	STAT	0001F248	CandleHornWall01		Clutter\Candles\CandleHornWall01.nif
Skyrim.esm	STAT	0002D847	CandleLanternwithCandle01		Clutter\Common\CandleLanternwithCandle01.nif
Skyrim.esm	STAT	00022E9B	CaveGBalconyShelf01		Dungeons\Caves\Green\Balcony\CaveGBalconyShelf01.nif
Skyrim.esm	STAT	00042083	CaveGBalconyShelf01Ice		Dungeons\Caves\Green\Balcony\CaveGBalconyShelf01.nif
Skyrim.esm	STAT	00022E9C	CaveGBalconyShelf02		Dungeons\Caves\Green\Balcony\CaveGBalconyShelf02.nif
Skyrim.esm	STAT	00042084	CaveGBalconyShelf02Ice		Dungeons\Caves\Green\Balcony\CaveGBalconyShelf02.nif
Skyrim.esm	STAT	00022504	CaveGBoulderL01		Dungeons\Caves\Green\Rocks\CaveGBoulderL01.nif
Skyrim.esm	STAT	000BF68B	CaveGBoulderL01Falmer		Dungeons\Caves\Green\Rocks\CaveGBoulderL01.nif
Skyrim.esm	STAT	00042089	CaveGBoulderL01Ice		Dungeons\Caves\Green\Rocks\CaveGBoulderL01.nif
Skyrim.esm	STAT	000BAB8A	CaveGBoulderL01sn_light		Dungeons\Caves\Green\Rocks\CaveGBoulderL01.nif
Skyrim.esm	STAT	000A4639	CaveGBoulderL01Snow		Dungeons\Caves\Green\Rocks\CaveGBoulderL01.nif
Skyrim.esm	STAT	00022505	CaveGBoulderL02		Dungeons\Caves\Green\Rocks\CaveGBoulderL02.nif
Skyrim.esm	STAT	0007AFA2	CaveGBoulderL02Falmer		Dungeons\Caves\Green\Rocks\CaveGBoulderL02.nif
Skyrim.esm	STAT	0004208A	CaveGBoulderL02Ice		Dungeons\Caves\Green\Rocks\CaveGBoulderL02.nif
Skyrim.esm	STAT	000A465D	CaveGBoulderL02sn_light		Dungeons\Caves\Green\Rocks\CaveGBoulderL02.nif
Skyrim.esm	STAT	00022506	CaveGBoulderL03		Dungeons\Caves\Green\Rocks\CaveGBoulderL03.nif
Skyrim.esm	STAT	000BF68C	CaveGBoulderL03Falmer		Dungeons\Caves\Green\Rocks\CaveGBoulderL03.nif
Skyrim.esm	STAT	0004208B	CaveGBoulderL03Ice		Dungeons\Caves\Green\Rocks\CaveGBoulderL03.nif
Skyrim.esm	STAT	000A463C	CaveGBoulderL03sn_light		Dungeons\Caves\Green\Rocks\CaveGBoulderL03.nif
Skyrim.esm	STAT	00022507	CaveGBoulderL04		Dungeons\Caves\Green\Rocks\CaveGBoulderL04.nif
Skyrim.esm	STAT	00074B57	CaveGBoulderL04Falmer		Dungeons\Caves\Green\Rocks\CaveGBoulderL04.nif
Skyrim.esm	STAT	0004208C	CaveGBoulderL04Ice		Dungeons\Caves\Green\Rocks\CaveGBoulderL04.nif
Skyrim.esm	STAT	000BAB89	CaveGBoulderL04sn_light		Dungeons\Caves\Green\Rocks\CaveGBoulderL04.nif
Skyrim.esm	STAT	000A4636	CaveGBoulderL04Snow		Dungeons\Caves\Green\Rocks\CaveGBoulderL04.nif
Skyrim.esm	STAT	000224FA	CaveGBoulderL05		Dungeons\Caves\Green\Rocks\CaveGBoulderL05.nif
Skyrim.esm	STAT	000A4B1D	CaveGBoulderL05Falmer		Dungeons\Caves\Green\Rocks\CaveGBoulderL05.nif
Skyrim.esm	STAT	0004208D	CaveGBoulderL05Ice		Dungeons\Caves\Green\Rocks\CaveGBoulderL05.nif
Skyrim.esm	STAT	000A463D	CaveGBoulderL05sn_light		Dungeons\Caves\Green\Rocks\CaveGBoulderL05.nif
Skyrim.esm	STAT	000224FB	CaveGBoulderM01		Dungeons\Caves\Green\Rocks\CaveGBoulderM01.nif
Skyrim.esm	STAT	000C2249	CaveGBoulderM01Falmer		Dungeons\Caves\Green\Rocks\CaveGBoulderM01.nif
Skyrim.esm	STAT	0004208E	CaveGBoulderM01Ice		Dungeons\Caves\Green\Rocks\CaveGBoulderM01.nif
Skyrim.esm	STAT	000224FC	CaveGBoulderM02		Dungeons\Caves\Green\Rocks\CaveGBoulderM02.nif
Skyrim.esm	STAT	0004208F	CaveGBoulderM02Ice		Dungeons\Caves\Green\Rocks\CaveGBoulderM02.nif
Skyrim.esm	STAT	000224FD	CaveGBoulderM03		Dungeons\Caves\Green\Rocks\CaveGBoulderM03.nif
Skyrim.esm	STAT	000C2248	CaveGBoulderM03Falmer		Dungeons\Caves\Green\Rocks\CaveGBoulderM03.nif
Skyrim.esm	STAT	00042090	CaveGBoulderM03Ice		Dungeons\Caves\Green\Rocks\CaveGBoulderM03.nif
Skyrim.esm	STAT	000224FE	CaveGBoulderM04		Dungeons\Caves\Green\Rocks\CaveGBoulderM04.nif
Skyrim.esm	STAT	00074894	CaveGBoulderM04falmer		Dungeons\Caves\Green\Rocks\CaveGBoulderM04.nif
Skyrim.esm	STAT	00042091	CaveGBoulderM04Ice		Dungeons\Caves\Green\Rocks\CaveGBoulderM04.nif
Skyrim.esm	STAT	000224FF	CaveGBoulderPileS01		Dungeons\Caves\Green\Rocks\CaveGBoulderPileS01.nif
Skyrim.esm	STAT	00042092	CaveGBoulderPileS01Ice		Dungeons\Caves\Green\Rocks\CaveGBoulderPileS01.nif
Skyrim.esm	STAT	000A463B	CaveGBoulderPileS01sn_light		Dungeons\Caves\Green\Rocks\CaveGBoulderPileS01.nif
Skyrim.esm	STAT	00022500	CaveGBoulderPileS02		Dungeons\Caves\Green\Rocks\CaveGBoulderPileS02.nif
Skyrim.esm	STAT	00042093	CaveGBoulderPileS02Ice		Dungeons\Caves\Green\Rocks\CaveGBoulderPileS02.nif
Skyrim.esm	STAT	000A463A	CaveGBoulderPileS02sn_light		Dungeons\Caves\Green\Rocks\CaveGBoulderPileS02.nif
Skyrim.esm	STAT	00022501	CaveGBoulderS01		Dungeons\Caves\Green\Rocks\CaveGBoulderS01.nif
Skyrim.esm	STAT	00042094	CaveGBoulderS01Ice		Dungeons\Caves\Green\Rocks\CaveGBoulderS01.nif
Skyrim.esm	STAT	00022502	CaveGBoulderS02		Dungeons\Caves\Green\Rocks\CaveGBoulderS02.nif
Skyrim.esm	STAT	00042095	CaveGBoulderS02Ice		Dungeons\Caves\Green\Rocks\CaveGBoulderS02.nif
Skyrim.esm	STAT	00022503	CaveGBoulderS03		Dungeons\Caves\Green\Rocks\CaveGBoulderS03.nif
Skyrim.esm	STAT	00042096	CaveGBoulderS03Ice		Dungeons\Caves\Green\Rocks\CaveGBoulderS03.nif
Skyrim.esm	STAT	00022EA1	CaveGEBalconyShelf01		Dungeons\Caves\Green\EpicBalcony\CaveGEBalconyShelf01.nif
Skyrim.esm	STAT	00022EA2	CaveGEBalconyShelf02		Dungeons\Caves\Green\EpicBalcony\CaveGEBalconyShelf02.nif
Skyrim.esm	STAT	0007B9FF	CaveGHall1Way01UF		Architecture\WhiteRun\WRInteriors\WRSkyForgeUnderForge\CaveGHall1Way01UF.nif
Skyrim.esm	STAT	0007BA03	CaveGHall2Way01UF		Architecture\WhiteRun\WRInteriors\WRSkyForgeUnderForge\CaveGHall2Way01UF.nif
Skyrim.esm	STAT	0007BA04	CaveGHall2Way02UF		Architecture\WhiteRun\WRInteriors\WRSkyForgeUnderForge\CaveGHall2Way02UF.nif
Skyrim.esm	STAT	0007BA01	CaveGHall3Way01UF		Architecture\WhiteRun\WRInteriors\WRSkyForgeUnderForge\CaveGHall3Way01UF.nif
Skyrim.esm	STAT	0007BA00	CaveGHallDeadEnd02UF		Architecture\WhiteRun\WRInteriors\WRSkyForgeUnderForge\CaveGHallDeadEnd02UF.nif
Skyrim.esm	STAT	0007BA02	CaveGHallRamp02UF		Architecture\WhiteRun\WRInteriors\WRSkyForgeUnderForge\CaveGHallRamp02UF.nif
Skyrim.esm	STAT	000224E6	CaveGRockL01		Dungeons\Caves\Green\Rocks\CaveGRockL01.nif
Skyrim.esm	STAT	0007A848	CaveGRockL01ice		Dungeons\Caves\Green\Rocks\CaveGRockL01.nif
Skyrim.esm	STAT	00028795	CaveGRockL01SnowTEMP		Dungeons\Caves\Green\Rocks\CaveGRockL01.nif
Skyrim.esm	STAT	000224E7	CaveGRockL02		Dungeons\Caves\Green\Rocks\CaveGRockL02.nif
Skyrim.esm	STAT	0004BB62	CaveGRockL02Ice		Dungeons\Caves\Green\Rocks\CaveGRockL02.nif
Skyrim.esm	STAT	000224E8	CaveGRockL03		Dungeons\Caves\Green\Rocks\CaveGRockL03.nif
Skyrim.esm	STAT	0007A879	CaveGRockL03ice		Dungeons\Caves\Green\Rocks\CaveGRockL03.nif
Skyrim.esm	STAT	000224E9	CaveGRockL04		Dungeons\Caves\Green\Rocks\CaveGRockL04.nif
Skyrim.esm	STAT	0007A84D	CaveGRockL04ice		Dungeons\Caves\Green\Rocks\CaveGRockL04.nif
Skyrim.esm	STAT	000224EA	CaveGRockL05		Dungeons\Caves\Green\Rocks\CaveGRockL05.nif
Skyrim.esm	STAT	0007A84F	CaveGRockL05ice		Dungeons\Caves\Green\Rocks\CaveGRockL05.nif
Skyrim.esm	STAT	000224EB	CaveGRockM01		Dungeons\Caves\Green\Rocks\CaveGRockM01.nif
Skyrim.esm	STAT	0007A840	CaveGRockM01ice		Dungeons\Caves\Green\Rocks\CaveGRockM01.nif
Skyrim.esm	STAT	000783C3	CaveGRockM01SnowLight		Dungeons\Caves\Green\Rocks\CaveGRockM01.nif
Skyrim.esm	STAT	000224EC	CaveGRockM02		Dungeons\Caves\Green\Rocks\CaveGRockM02.nif
Skyrim.esm	STAT	0007A83E	CaveGRockM02ice		Dungeons\Caves\Green\Rocks\CaveGRockM02.nif
Skyrim.esm	STAT	000224ED	CaveGRockM03		Dungeons\Caves\Green\Rocks\CaveGRockM03.nif
Skyrim.esm	STAT	0007A860	CaveGRockM03ice		Dungeons\Caves\Green\Rocks\CaveGRockM03.nif
Skyrim.esm	STAT	000783C2	CaveGRockM03SnowLight		Dungeons\Caves\Green\Rocks\CaveGRockM03.nif
Skyrim.esm	STAT	000224EE	CaveGRockM04		Dungeons\Caves\Green\Rocks\CaveGRockM04.nif
Skyrim.esm	STAT	0007A851	CaveGRockM04ice		Dungeons\Caves\Green\Rocks\CaveGRockM04.nif
Skyrim.esm	STAT	000224E1	CaveGRockPileS01		Dungeons\Caves\Green\Rocks\CaveGRockPileS01.nif
Skyrim.esm	STAT	0004BB63	CaveGRockPileS01Ice		Dungeons\Caves\Green\Rocks\CaveGRockPileS01.nif
Skyrim.esm	STAT	000946B2	CaveGRockPileS01IceBlend		Dungeons\Caves\Green\Rocks\CaveGRockPileS01.nif
Skyrim.esm	STAT	000287BB	CaveGRockPileS01MossTEMP		Dungeons\Caves\Green\Rocks\CaveGRockPileS01.nif
Skyrim.esm	STAT	000A8831	CaveGRockPileS01Snow		Dungeons\Caves\Green\Rocks\CaveGRockPileS01.nif
Skyrim.esm	STAT	000783A7	CaveGRockPileS01SnowLight		Dungeons\Caves\Green\Rocks\CaveGRockPileS01.nif
Skyrim.esm	STAT	00028790	CaveGRockPileS01SnowTEMP		Dungeons\Caves\Green\Rocks\CaveGRockPileS01.nif
Skyrim.esm	STAT	000224E2	CaveGRockPileS02		Dungeons\Caves\Green\Rocks\CaveGRockPileS02.nif
Skyrim.esm	STAT	0004BB64	CaveGRockPileS02Ice		Dungeons\Caves\Green\Rocks\CaveGRockPileS02.nif
Skyrim.esm	STAT	000946B4	CaveGRockPileS02IceBlend		Dungeons\Caves\Green\Rocks\CaveGRockPileS02.nif
Skyrim.esm	STAT	000224E3	CaveGRockS01		Dungeons\Caves\Green\Rocks\CaveGRockS01.nif
Skyrim.esm	STAT	0007A861	CaveGRockS01ice		Dungeons\Caves\Green\Rocks\CaveGRockS01.nif
Skyrim.esm	STAT	00028791	CaveGRockS01SnowTEMP		Dungeons\Caves\Green\Rocks\CaveGRockS01.nif
Skyrim.esm	STAT	000224E4	CaveGRockS02		Dungeons\Caves\Green\Rocks\CaveGRockS02.nif
Skyrim.esm	STAT	0007A87C	CaveGRockS02ice		Dungeons\Caves\Green\Rocks\CaveGRockS02.nif
Skyrim.esm	STAT	000224E5	CaveGRockS03		Dungeons\Caves\Green\Rocks\CaveGRockS03.nif
Skyrim.esm	STAT	0007A87B	CaveGRockS03ice		Dungeons\Caves\Green\Rocks\CaveGRockS03.nif
Skyrim.esm	STAT	0007B9F2	CaveGRoomCorner01UF		Architecture\WhiteRun\WRInteriors\WRSkyForgeUnderForge\CaveGRoomCorner01UF.nif
Skyrim.esm	STAT	0007B9EF	CaveGRoomCorner02UF		Architecture\WhiteRun\WRInteriors\WRSkyForgeUnderForge\CaveGRoomCorner02UF.nif
Skyrim.esm	STAT	0007B9F5	CaveGRoomCorner04UF		Architecture\WhiteRun\WRInteriors\WRSkyForgeUnderForge\CaveGRoomCorner04UF.nif
Skyrim.esm	STAT	0007B9F0	CaveGRoomDoor04UF		Architecture\WhiteRun\WRInteriors\WRSkyForgeUnderForge\CaveGRoomDoor04UF.nif
Skyrim.esm	STAT	0007B9F8	CaveGRoomDoorB03UF		Architecture\WhiteRun\WRInteriors\WRSkyForgeUnderForge\CaveGRoomDoorB03UF.nif
Skyrim.esm	STAT	0007B9F9	CaveGRoomInCorner04UF		Architecture\WhiteRun\WRInteriors\WRSkyForgeUnderForge\CaveGRoomInCorner04UF.nif
Skyrim.esm	STAT	0007B9F4	CaveGRoomMid01UF		Architecture\WhiteRun\WRInteriors\WRSkyForgeUnderForge\CaveGRoomMid01UF.nif
Skyrim.esm	STAT	0007B9F3	CaveGRoomWall01UF		Architecture\WhiteRun\WRInteriors\WRSkyForgeUnderForge\CaveGRoomWall01UF.nif
Skyrim.esm	STAT	0007BA1C	CaveGRoomWall01UFHoles		Architecture\WhiteRun\WRInteriors\WRSkyForgeUnderForge\CaveGRoomWall01UFHoles.nif
Skyrim.esm	STAT	0007B9F7	CaveGRoomWall02UF		Architecture\WhiteRun\WRInteriors\WRSkyForgeUnderForge\CaveGRoomWall02UF.nif
Skyrim.esm	STAT	0007B9F1	CaveGRoomWall03UF		Architecture\WhiteRun\WRInteriors\WRSkyForgeUnderForge\CaveGRoomWall03UF.nif
Skyrim.esm	STAT	0007B9F6	CaveGRoomWall04UF		Architecture\WhiteRun\WRInteriors\WRSkyForgeUnderForge\CaveGRoomWall04UF.nif
Skyrim.esm	STAT	00034469	CaveIBalconyShelf01		Dungeons\Caves\Ice\Balcony\CaveIBalconyShelf01.nif
Skyrim.esm	STAT	0003446A	CaveIBalconyShelf02		Dungeons\Caves\Ice\Balcony\CaveIBalconyShelf02.nif
Skyrim.esm	STAT	0006F717	CaveIBoulderL01		Dungeons\Caves\Ice\Rocks\CaveIBoulderL01.nif
Skyrim.esm	STAT	000F4E4F	CaveIBoulderL01_noSnow		Dungeons\Caves\Ice\Rocks\CaveIBoulderL01.nif
Skyrim.esm	STAT	0006F718	CaveIBoulderL02		Dungeons\Caves\Ice\Rocks\CaveIBoulderL02.nif
Skyrim.esm	STAT	000F4EEF	CaveIBoulderL02_noSnow		Dungeons\Caves\Ice\Rocks\CaveIBoulderL02.nif
Skyrim.esm	STAT	0006F719	CaveIBoulderL03		Dungeons\Caves\Ice\Rocks\CaveIBoulderL03.nif
Skyrim.esm	STAT	0006F71A	CaveIBoulderL04		Dungeons\Caves\Ice\Rocks\CaveIBoulderL04.nif
Skyrim.esm	STAT	000D0AD2	CaveIBoulderL04_noSnow		Dungeons\Caves\Ice\Rocks\CaveIBoulderL04.nif
Skyrim.esm	STAT	0006F71B	CaveIBoulderL05		Dungeons\Caves\Ice\Rocks\CaveIBoulderL05.nif
Skyrim.esm	STAT	000D0A9B	CaveIBoulderL05_noSnow		Dungeons\Caves\Ice\Rocks\CaveIBoulderL05.nif
Skyrim.esm	STAT	0006F71C	CaveIBoulderM01		Dungeons\Caves\Ice\Rocks\CaveIBoulderM01.nif
Skyrim.esm	STAT	0006F71D	CaveIBoulderM02		Dungeons\Caves\Ice\Rocks\CaveIBoulderM02.nif
Skyrim.esm	STAT	0006F710	CaveIBoulderM03		Dungeons\Caves\Ice\Rocks\CaveIBoulderM03.nif
Skyrim.esm	STAT	0006F711	CaveIBoulderM04		Dungeons\Caves\Ice\Rocks\CaveIBoulderM04.nif
Skyrim.esm	STAT	000EC31E	CaveIBoulderM04_noSnow		Dungeons\Caves\Ice\Rocks\CaveIBoulderM04.nif
Skyrim.esm	STAT	0006F712	CaveIBoulderPileS01		Dungeons\Caves\Ice\Rocks\CaveIBoulderPileS01.nif
Skyrim.esm	STAT	0006F713	CaveIBoulderPileS02		Dungeons\Caves\Ice\Rocks\CaveIBoulderPileS02.nif
Skyrim.esm	STAT	0006F714	CaveIBoulderS01		Dungeons\Caves\Ice\Rocks\CaveIBoulderS01.nif
Skyrim.esm	STAT	000EC312	CaveIBoulderS01_noSnow		Dungeons\Caves\Ice\Rocks\CaveIBoulderS01.nif
Skyrim.esm	STAT	0006F715	CaveIBoulderS02		Dungeons\Caves\Ice\Rocks\CaveIBoulderS02.nif
Skyrim.esm	STAT	000EC318	CaveIBoulderS02_noSnow		Dungeons\Caves\Ice\Rocks\CaveIBoulderS02.nif
Skyrim.esm	STAT	0006F716	CaveIBoulderS03		Dungeons\Caves\Ice\Rocks\CaveIBoulderS03.nif
Skyrim.esm	STAT	000EC319	CaveIBoulderS03_noSnow		Dungeons\Caves\Ice\Rocks\CaveIBoulderS03.nif
Skyrim.esm	STAT	0003450B	CaveIFBalconyShelf01		Dungeons\Caves\Ice\FrozenBalcony\CaveIFBalconyShelf01.nif
Skyrim.esm	STAT	0003450C	CaveIFBalconyShelf02		Dungeons\Caves\Ice\FrozenBalcony\CaveIFBalconyShelf02.nif
Skyrim.esm	STAT	000344F4	CaveIRBalconyCorner01		Dungeons\Caves\Ice\RockBalcony\CaveIRBalconyCorner01.nif
Skyrim.esm	STAT	000344F5	CaveIRBalconyCorner02		Dungeons\Caves\Ice\RockBalcony\CaveIRBalconyCorner02.nif
Skyrim.esm	STAT	000344F6	CaveIRBalconyCorner03		Dungeons\Caves\Ice\RockBalcony\CaveIRBalconyCorner03.nif
Skyrim.esm	STAT	000344F7	CaveIRBalconyCorner04		Dungeons\Caves\Ice\RockBalcony\CaveIRBalconyCorner04.nif
Skyrim.esm	STAT	000344F8	CaveIRBalconyCurve01		Dungeons\Caves\Ice\RockBalcony\CaveIRBalconyCurve01.nif
Skyrim.esm	STAT	000344F9	CaveIRBalconyCurve02		Dungeons\Caves\Ice\RockBalcony\CaveIRBalconyCurve02.nif
Skyrim.esm	STAT	000344FA	CaveIRBalconyCurve03		Dungeons\Caves\Ice\RockBalcony\CaveIRBalconyCurve03.nif
Skyrim.esm	STAT	000344E4	CaveIRBalconyCurve04		Dungeons\Caves\Ice\RockBalcony\CaveIRBalconyCurve04.nif
Skyrim.esm	STAT	000344E5	CaveIRBalconyICorner01		Dungeons\Caves\Ice\RockBalcony\CaveIRBalconyICorner01.nif
Skyrim.esm	STAT	000344E6	CaveIRBalconyICorner02		Dungeons\Caves\Ice\RockBalcony\CaveIRBalconyICorner02.nif
Skyrim.esm	STAT	000344E7	CaveIRBalconyICorner03		Dungeons\Caves\Ice\RockBalcony\CaveIRBalconyICorner03.nif
Skyrim.esm	STAT	000344E8	CaveIRBalconyICorner04		Dungeons\Caves\Ice\RockBalcony\CaveIRBalconyICorner04.nif
Skyrim.esm	STAT	000344E9	CaveIRBalconyMid01		Dungeons\Caves\Ice\RockBalcony\CaveIRBalconyMid01.nif
Skyrim.esm	STAT	000344EA	CaveIRBalconyMid02		Dungeons\Caves\Ice\RockBalcony\CaveIRBalconyMid02.nif
Skyrim.esm	STAT	000344EB	CaveIRBalconyRamp01		Dungeons\Caves\Ice\RockBalcony\CaveIRBalconyRamp01.nif
Skyrim.esm	STAT	000F4E73	CaveIRBalconyRamp01NoIce		Dungeons\Caves\Ice\RockBalcony\CaveIRBalconyRamp01.nif
Skyrim.esm	STAT	000344EC	CaveIRBalconyRamp02		Dungeons\Caves\Ice\RockBalcony\CaveIRBalconyRamp02.nif
Skyrim.esm	STAT	000344ED	CaveIRBalconyShaftBridge01		Dungeons\Caves\Ice\RockBalcony\CaveIRBalconyShaftBridge01.nif
Skyrim.esm	STAT	000344EE	CaveIRBalconyShelf01		Dungeons\Caves\Ice\RockBalcony\CaveIRBalconyShelf01.nif
Skyrim.esm	STAT	000344EF	CaveIRBalconyShelf02		Dungeons\Caves\Ice\RockBalcony\CaveIRBalconyShelf02.nif
Skyrim.esm	STAT	000344F0	CaveIRBalconyStraight01		Dungeons\Caves\Ice\RockBalcony\CaveIRBalconyStraight01.nif
Skyrim.esm	STAT	000344F1	CaveIRBalconyStraight02		Dungeons\Caves\Ice\RockBalcony\CaveIRBalconyStraight02.nif
Skyrim.esm	STAT	000344F2	CaveIRBalconyStraight03		Dungeons\Caves\Ice\RockBalcony\CaveIRBalconyStraight03.nif
Skyrim.esm	STAT	000344F3	CaveIRBalconyStraight04		Dungeons\Caves\Ice\RockBalcony\CaveIRBalconyStraight04.nif
Skyrim.esm	STAT	000344DF	CaveIRCeiling01		Dungeons\Caves\Ice\RockWall\CaveIRCeiling01.nif
Skyrim.esm	STAT	000344E0	CaveIRFloor01		Dungeons\Caves\Ice\RockWall\CaveIRFloor01.nif
Skyrim.esm	STAT	0002C299	CaveIRockL01		Dungeons\Caves\Ice\Rocks\CaveIRockL01.nif
Skyrim.esm	STAT	0002C29A	CaveIRockL02		Dungeons\Caves\Ice\Rocks\CaveIRockL02.nif
Skyrim.esm	STAT	0002C29B	CaveIRockL03		Dungeons\Caves\Ice\Rocks\CaveIRockL03.nif
Skyrim.esm	STAT	0002C29C	CaveIRockL04		Dungeons\Caves\Ice\Rocks\CaveIRockL04.nif
Skyrim.esm	STAT	0002C28F	CaveIRockL05		Dungeons\Caves\Ice\Rocks\CaveIRockL05.nif
Skyrim.esm	STAT	0002C290	CaveIRockM01		Dungeons\Caves\Ice\Rocks\CaveIRockM01.nif
Skyrim.esm	STAT	0002C291	CaveIRockM02		Dungeons\Caves\Ice\Rocks\CaveIRockM02.nif
Skyrim.esm	STAT	0002C292	CaveIRockM03		Dungeons\Caves\Ice\Rocks\CaveIRockM03.nif
Skyrim.esm	STAT	0002C293	CaveIRockM04		Dungeons\Caves\Ice\Rocks\CaveIRockM04.nif
Skyrim.esm	STAT	0002C294	CaveIRockPileS01		Dungeons\Caves\Ice\Rocks\CaveIRockPileS01.nif
Skyrim.esm	STAT	000D0A88	CaveIRockPileS01_noSnow		Dungeons\Caves\Ice\Rocks\CaveIRockPileS01.nif
Skyrim.esm	STAT	0002C295	CaveIRockPileS02		Dungeons\Caves\Ice\Rocks\CaveIRockPileS02.nif
Skyrim.esm	STAT	000D0A87	CaveIRockPileS02_noSnow		Dungeons\Caves\Ice\Rocks\CaveIRockPileS02.nif
Skyrim.esm	STAT	0010AAE9	CaveIRockPileS02LightIce		Dungeons\Caves\Ice\Rocks\CaveIRockPileS02.nif
Skyrim.esm	STAT	0002C296	CaveIRockS01		Dungeons\Caves\Ice\Rocks\CaveIRockS01.nif
Skyrim.esm	STAT	0002C297	CaveIRockS02		Dungeons\Caves\Ice\Rocks\CaveIRockS02.nif
Skyrim.esm	STAT	0002C298	CaveIRockS03		Dungeons\Caves\Ice\Rocks\CaveIRockS03.nif
Skyrim.esm	STAT	000344E1	CaveIRWallCorner01		Dungeons\Caves\Ice\RockWall\CaveIRWallCorner01.nif
Skyrim.esm	STAT	000344E2	CaveIRWallCorner02		Dungeons\Caves\Ice\RockWall\CaveIRWallCorner02.nif
Skyrim.esm	STAT	000344E3	CaveIRWallDoor01		Dungeons\Caves\Ice\RockWall\CaveIRWallDoor01.nif
Skyrim.esm	STAT	000344CE	CaveIRWallDoor02		Dungeons\Caves\Ice\RockWall\CaveIRWallDoor02.nif
Skyrim.esm	STAT	000344CF	CaveIRWallDoorB01		Dungeons\Caves\Ice\RockWall\CaveIRWallDoorB01.nif
Skyrim.esm	STAT	000344D0	CaveIRWallDoorB02		Dungeons\Caves\Ice\RockWall\CaveIRWallDoorB02.nif
Skyrim.esm	STAT	000344D1	CaveIRWallDoorL01		Dungeons\Caves\Ice\RockWall\CaveIRWallDoorL01.nif
Skyrim.esm	STAT	000344D2	CaveIRWallDoorL02		Dungeons\Caves\Ice\RockWall\CaveIRWallDoorL02.nif
Skyrim.esm	STAT	000344D3	CaveIRWallDoorLB01		Dungeons\Caves\Ice\RockWall\CaveIRWallDoorLB01.nif
Skyrim.esm	STAT	000344D4	CaveIRWallDoorLB02		Dungeons\Caves\Ice\RockWall\CaveIRWallDoorLB02.nif
Skyrim.esm	STAT	000732EB	CaveIRWallDoorLB03		Dungeons\Caves\Ice\RockWall\CaveIRWallDoorLB03.nif
Skyrim.esm	STAT	000732EA	CaveIRWallDoorLR01		Dungeons\Caves\Ice\RockWall\CaveIRWallDoorLR01.nif
Skyrim.esm	STAT	000344D5	CaveIRWallInCorner01		Dungeons\Caves\Ice\RockWall\CaveIRWallInCorner01.nif
Skyrim.esm	STAT	000344D6	CaveIRWallInCorner02		Dungeons\Caves\Ice\RockWall\CaveIRWallInCorner02.nif
Skyrim.esm	STAT	000344D7	CaveIRWallInCorner03		Dungeons\Caves\Ice\RockWall\CaveIRWallInCorner03.nif
Skyrim.esm	STAT	000344D8	CaveIRWallInCorner04		Dungeons\Caves\Ice\RockWall\CaveIRWallInCorner04.nif
Skyrim.esm	STAT	000344D9	CaveIRWallStraight01		Dungeons\Caves\Ice\RockWall\CaveIRWallStraight01.nif
Skyrim.esm	STAT	000344DA	CaveIRWallStraight02		Dungeons\Caves\Ice\RockWall\CaveIRWallStraight02.nif
Skyrim.esm	STAT	000344DB	CaveIRWallStraight03		Dungeons\Caves\Ice\RockWall\CaveIRWallStraight03.nif
Skyrim.esm	STAT	000344DC	CaveIRWallStraight04		Dungeons\Caves\Ice\RockWall\CaveIRWallStraight04.nif
Skyrim.esm	STAT	000344DD	CaveIRWallStraight05		Dungeons\Caves\Ice\RockWall\CaveIRWallStraight05.nif
Skyrim.esm	STAT	000344DE	CaveIRWallStraight06		Dungeons\Caves\Ice\RockWall\CaveIRWallStraight06.nif
Skyrim.esm	STAT	000153DF	CaveIShaftRBottom01		Dungeons\Caves\Ice\ShaftRock\CaveIShaftRBottom01.nif
Skyrim.esm	STAT	000F4E1A	CaveIShaftRBottom01NoIce		Dungeons\Caves\Ice\ShaftRock\CaveIShaftRBottom01.nif
Skyrim.esm	STAT	000153E0	CaveIShaftRDoor01		Dungeons\Caves\Ice\ShaftRock\CaveIShaftRDoor01.nif
Skyrim.esm	STAT	000153E1	CaveIShaftRDoor02		Dungeons\Caves\Ice\ShaftRock\CaveIShaftRDoor02.nif
Skyrim.esm	STAT	000153E3	CaveIShaftRDoor03		Dungeons\Caves\Ice\ShaftRock\CaveIShaftRDoor03.nif
Skyrim.esm	STAT	000153E4	CaveIShaftRDoor04		Dungeons\Caves\Ice\ShaftRock\CaveIShaftRDoor04.nif
Skyrim.esm	STAT	000153E5	CaveIShaftRDoorB01		Dungeons\Caves\Ice\ShaftRock\CaveIShaftRDoorB01.nif
Skyrim.esm	STAT	000153E6	CaveIShaftRDoorB02		Dungeons\Caves\Ice\ShaftRock\CaveIShaftRDoorB02.nif
Skyrim.esm	STAT	000153E7	CaveIShaftRDoorB03		Dungeons\Caves\Ice\ShaftRock\CaveIShaftRDoorB03.nif
Skyrim.esm	STAT	000153E8	CaveIShaftRDoorB04		Dungeons\Caves\Ice\ShaftRock\CaveIShaftRDoorB04.nif
Skyrim.esm	STAT	000153E9	CaveIShaftRDoorL01		Dungeons\Caves\Ice\ShaftRock\CaveIShaftRDoorL01.nif
Skyrim.esm	STAT	000153EA	CaveIShaftRDoorL02		Dungeons\Caves\Ice\ShaftRock\CaveIShaftRDoorL02.nif
Skyrim.esm	STAT	000153EB	CaveIShaftRDoorL03		Dungeons\Caves\Ice\ShaftRock\CaveIShaftRDoorL03.nif
Skyrim.esm	STAT	000153C5	CaveIShaftRDoorL04		Dungeons\Caves\Ice\ShaftRock\CaveIShaftRDoorL04.nif
Skyrim.esm	STAT	000153C6	CaveIShaftRDoorLB01		Dungeons\Caves\Ice\ShaftRock\CaveIShaftRDoorLB01.nif
Skyrim.esm	STAT	000153C7	CaveIShaftRDoorLB02		Dungeons\Caves\Ice\ShaftRock\CaveIShaftRDoorLB02.nif
Skyrim.esm	STAT	000153D5	CaveIShaftRDoorLB03		Dungeons\Caves\Ice\ShaftRock\CaveIShaftRDoorLB03.nif
Skyrim.esm	STAT	000153D7	CaveIShaftRDoorLB04		Dungeons\Caves\Ice\ShaftRock\CaveIShaftRDoorLB04.nif
Skyrim.esm	STAT	000153D8	CaveIShaftRStraight01		Dungeons\Caves\Ice\ShaftRock\CaveIShaftRStraight01.nif
Skyrim.esm	STAT	000153D9	CaveIShaftRTop01		Dungeons\Caves\Ice\ShaftRock\CaveIShaftRTop01.nif
Skyrim.esm	STAT	000153DA	CaveIShaftRTop01c		Dungeons\Caves\Ice\ShaftRock\CaveIShaftRTop01c.nif
Skyrim.esm	STAT	000153DB	CaveIShaftRWall01		Dungeons\Caves\Ice\ShaftRock\CaveIShaftRWall01.nif
Skyrim.esm	STAT	000153DC	CaveIShaftRWall02		Dungeons\Caves\Ice\ShaftRock\CaveIShaftRWall02.nif
Skyrim.esm	STAT	000153DD	CaveIShaftRWall03		Dungeons\Caves\Ice\ShaftRock\CaveIShaftRWall03.nif
Skyrim.esm	STAT	000153DE	CaveIShaftRWall04		Dungeons\Caves\Ice\ShaftRock\CaveIShaftRWall04.nif
Skyrim.esm	STAT	0002C2AB	CaveIShelf01		Dungeons\Caves\Ice\Clutter\CaveIShelf01.nif
Skyrim.esm	STAT	000D0BC3	CaveIShelf01_Ice		Dungeons\Caves\Ice\Clutter\CaveIShelf01.nif
Skyrim.esm	STAT	00000061	CellWaterCurrentMarker		marker_current01.nif
Skyrim.esm	STAT	000FC597	ChestOpen		Clutter\Containers\ChestOpen01.nif
Skyrim.esm	STAT	00060166	CivilWarBanner01		Clutter\CivilWar\CivilWarBanner01.nif
Skyrim.esm	STAT	00060165	CivilWarBanner02		Clutter\CivilWar\CivilWarBanner02.nif
Skyrim.esm	STAT	00070BB9	CivilWarMap01		Clutter\CivilWar\CivilWarMap01.nif
Skyrim.esm	STAT	00070BC2	CivilWarMap02		Clutter\CivilWar\CivilWarMap02.nif
Skyrim.esm	STAT	00070BBC	CivilWarTable01		Clutter\CivilWar\CivilWarTable01.nif
Skyrim.esm	STAT	000D06AB	CommonBedDouble01Static		Furniture\Common\CommonBedDouble01.nif
Skyrim.esm	STAT	00090F13	CommonBedStatic		Furniture\Common\CommonBed01.nif
Skyrim.esm	STAT	00073B85	CommonBedStaticSnow		Furniture\Common\CommonBed01.nif
Skyrim.esm	STAT	00038642	CommonBench01STATIC		Furniture\Common\CommonBench01.nif
Skyrim.esm	STAT	0006CFC9	CommonBench01STATICsnow		Furniture\Common\CommonBench01.nif
Skyrim.esm	STAT	00043D5D	CommonChair01Static		Furniture\Common\CommonChair01.nif
Skyrim.esm	STAT	0006CFCB	CommonChair01StaticSnow		Furniture\Common\CommonChair01.nif
Skyrim.esm	STAT	000B9E05	CommonChair02Static		Clutter\Common\CommonChair02Static.nif
Skyrim.esm	STAT	00101E8E	CommonCounterCornerRack01		Clutter\Common\CommonCounterCornerHanger01.nif
Skyrim.esm	STAT	00101E9F	CommonCounterRack0101		Clutter\Common\CommonCounterHanger01.nif
Skyrim.esm	STAT	000DAE80	CommonCrate01		Clutter\Common\CommonCrate01.nif
Skyrim.esm	STAT	000DAE82	CommonCrate02		Clutter\Common\CommonCrate02.nif
Skyrim.esm	STAT	0002E6CD	CommonShelf01		Clutter\Common\CommonShelf01.nif
Skyrim.esm	STAT	000F9999	CommonShelf01Light_SN		Clutter\Common\CommonShelf01.nif
Skyrim.esm	STAT	000CE784	CommonShelf03		Clutter\Common\CommonShelf03.nif
Skyrim.esm	STAT	000CE786	CommonShelf04		Clutter\Common\CommonShelf04.nif
Skyrim.esm	STAT	000DF47B	CommonShelf04Open		Clutter\Common\CommonShelf04Open.nif
Skyrim.esm	STAT	0006CFC8	CommonShelf04OpenSnow		Clutter\Common\CommonShelf04Open.nif
Skyrim.esm	STAT	000E2626	CommonShelf05		Clutter\Common\CommonShelf05.nif
Skyrim.esm	STAT	00024CB9	CommonTable01		Clutter\Common\CommonTable01.nif
Skyrim.esm	STAT	000F9997	CommonTable01Light_SN		Clutter\Common\CommonTable01.nif
Skyrim.esm	STAT	000FBB19	CommonTable01Snow		Clutter\Common\CommonTable01.nif
Skyrim.esm	STAT	000E2604	CommonTable02		Clutter\Common\CommonTable02.nif
Skyrim.esm	STAT	000E25DB	CommonTableLow01		Clutter\Common\CommonTableLow01.nif
Skyrim.esm	STAT	000E25DC	CommonTableLow02		Clutter\Common\CommonTableLow02.nif
Skyrim.esm	STAT	0002EC1F	CommonTableRound01		Clutter\Common\CommonTableRound01.nif
Skyrim.esm	STAT	0002F239	CommonTableSquare01		Clutter\Common\CommonTableSquare01.nif
Skyrim.esm	STAT	000770DF	CommonTableSquare01ice		Clutter\Common\CommonTableSquare01.nif
Skyrim.esm	STAT	000F9998	CommonTableSquare01Light_SN		Clutter\Common\CommonTableSquare01.nif
Skyrim.esm	STAT	0006CFCA	CommonTableSquare01snow		Clutter\Common\CommonTableSquare01.nif
Skyrim.esm	STAT	000CE783	CommonTableThin01		Clutter\Common\CommonTableThin01.nif
Skyrim.esm	STAT	0010C73A	CookingSpitFarmhouse01		Clutter\CookingSpitFarmhouse01.nif
Skyrim.esm	STAT	0010D3DB	CookingSpitRiften01		Clutter\CookingSpitRiften01.nif
Skyrim.esm	STAT	001018E3	CookingSpitSm01		Clutter\CookingSpitSm01.nif
Skyrim.esm	STAT	00108183	CookingStand		Clutter\WoodFires\CookingStand01.nif
Skyrim.esm	STAT	00108B4E	CookingStand01WithStone		Clutter\WoodFires\CookingStand02.nif
Skyrim.esm	STAT	001018E2	CookingStone01		Clutter\CookingStone01.nif
Skyrim.esm	STAT	0007A603	CrateSmall01		Clutter\Common\CrateSmall01.nif
Skyrim.esm	STAT	000C2103	CrateSmall01_LightSN		Clutter\Common\CrateSmall01.nif
Skyrim.esm	STAT	000E8E79	CrateSmall01EECo		Clutter\Common\CrateSmall01EECo.nif
Skyrim.esm	STAT	000C2C15	CrateSmall01Weathered		Clutter\Common\CrateSmall01.nif
Skyrim.esm	STAT	000C2C1E	CrateSmall01Weathered_LightSN		Clutter\Common\CrateSmall01.nif
Skyrim.esm	STAT	0007A609	CrateSmall02		Clutter\Common\CrateSmall02.nif
Skyrim.esm	STAT	000C2104	CrateSmall02_LightSN		Clutter\Common\CrateSmall02.nif
Skyrim.esm	STAT	000C2C13	CrateSmall02Weathered		Clutter\Common\CrateSmall02.nif
Skyrim.esm	STAT	000C2C1D	CrateSmall02Weathered_LightSN		Clutter\Common\CrateSmall02.nif
Skyrim.esm	STAT	0007A617	CrateSmall03		Clutter\Common\CrateSmall03.nif
Skyrim.esm	STAT	000E8E76	CrateSmall03EECo		Clutter\Common\CrateSmall03EECo.nif
Skyrim.esm	STAT	000C2C05	CrateSmall03Weathered		Clutter\Common\CrateSmall03.nif
Skyrim.esm	STAT	000F2459	CrateSmall03WeatheredLight_SN		Clutter\Common\CrateSmall03.nif
Skyrim.esm	STAT	000D5713	CrateSmall03WeatheredSnow		Clutter\Common\CrateSmall03.nif
Skyrim.esm	STAT	0007A619	CrateSmall04		Clutter\Common\CrateSmall04.nif
Skyrim.esm	STAT	000C2C1A	CrateSmall04Weathered		Clutter\Common\CrateSmall04.nif
Skyrim.esm	STAT	000F2458	CrateSmall04WeatheredLight_SN		Clutter\Common\CrateSmall04.nif
Skyrim.esm	STAT	000D5714	CrateSmall04WeatheredSnow		Clutter\Common\CrateSmall04.nif
Skyrim.esm	STAT	0007A605	CrateSmallLong01		Clutter\Common\CrateSmallLong01.nif
Skyrim.esm	STAT	000E8E7F	CrateSmallLong01EECo		Clutter\Common\CrateSmallLong01EECo.nif
Skyrim.esm	STAT	000C2C16	CrateSmallLong01Weathered		Clutter\Common\CrateSmallLong01.nif
Skyrim.esm	STAT	000F7299	CrateSmallLong01WeatheredLight_SN		Clutter\Common\CrateSmallLong01.nif
Skyrim.esm	STAT	000D5715	CrateSmallLong01WeatheredSnow		Clutter\Common\CrateSmallLong01.nif
Skyrim.esm	STAT	0007A60B	CrateSmallLong02		Clutter\Common\CrateSmallLong02.nif
Skyrim.esm	STAT	000C2C17	CrateSmallLong02Weathered		Clutter\Common\CrateSmallLong02.nif
Skyrim.esm	STAT	000F48CE	CrateSmallLong02WeatheredLight_SN		Clutter\Common\CrateSmallLong02.nif
Skyrim.esm	STAT	0007A60D	CrateSmallLong03		Clutter\Common\CrateSmallLong03.nif
Skyrim.esm	STAT	000C2C1B	CrateSmallLong03Weathered		Clutter\Common\CrateSmallLong03.nif
Skyrim.esm	STAT	000D5712	CrateSmallLong03WeatheredSnow		Clutter\Common\CrateSmallLong03.nif
Skyrim.esm	STAT	0007A610	CrateSmallLong04		Clutter\Common\CrateSmallLong04.nif
Skyrim.esm	STAT	000E8E7E	CrateSmallLong04EECo		Clutter\Common\CrateSmallLong04EECo.nif
Skyrim.esm	STAT	000C2C1C	CrateSmallLong04Weathered		Clutter\Common\CrateSmallLong04.nif
Skyrim.esm	STAT	000BA1BA	DA07AltarofMehrunesDagonStatic		Clutter\MehrunesDagonAltar\MehrunesDagonAltar01.nif
Skyrim.esm	STAT	000BA1B4	DA07RazorBladeStatic		Weapons\MehrunesRazor\MehrunesRazorBlade.nif
Skyrim.esm	STAT	000BA1B1	DA07RazorHiltStatic		Weapons\MehrunesRazor\MehrunesRazorHilt.nif
Skyrim.esm	STAT	000BA1B2	DA07RazorPommelStatic		Weapons\MehrunesRazor\MehrunesRazorGem.nif
Skyrim.esm	STAT	000BA1B5	DA07RazorScabbardStatic		Weapons\MehrunesRazor\MehrunesScabbard.nif
Skyrim.esm	STAT	000BA1BF	DA07RazorStatic		Weapons\MehrunesRazor\MehrunesRazor.nif
Skyrim.esm	STAT	0004E4E8	DA09GemStatic		Clutter\SoulGem\SoulGemGreater01.nif
Skyrim.esm	STAT	000F1AC5	DA10RustyMaceofMolagBal		Weapons\MaceOfMolagBal\RustyMaceOfMolagBal.nif
Skyrim.esm	STAT	000B343D	DBBannerAnchor		Clutter\DBhood\DBBannerAnchor.nif
Skyrim.esm	STAT	000B343E	DBBannerAnchor02		Clutter\DBhood\DBBannerAnchor02.nif
Skyrim.esm	STAT	0001E649	DBNightMotherCoffin		Clutter\Ruins\Ruins_Altar01.nif
Skyrim.esm	STAT	0003B673	DBNightMotherCoffin2		Clutter\Ruins\Ruins_Altar01.nif
Skyrim.esm	STAT	000B8D38	DirtCliffs01FallForestGrass01		Landscape\DirtCliffs\DirtCliffs01.nif
Skyrim.esm	STAT	0005092D	DirtCliffs01FallForestLeaves01		Landscape\DirtCliffs\DirtCliffs01.nif
Skyrim.esm	STAT	0005B82C	DirtCliffs01PineForest02		Landscape\DirtCliffs\DirtCliffs01.nif
Skyrim.esm	STAT	000BAD90	DirtCliffs02FallForestGrass01		Landscape\DirtCliffs\DirtCliffs02.nif
Skyrim.esm	STAT	00022763	DirtCliffs02PineForest01		Landscape\DirtCliffs\DirtCliffs02.nif
Skyrim.esm	STAT	0005B7E1	DirtCliffs02PineForest02		Landscape\DirtCliffs\DirtCliffs02.nif
Skyrim.esm	STAT	000D37C0	DirtCliffs02PineForest03		Landscape\DirtCliffs\DirtCliffs02.nif
Skyrim.esm	STAT	00050928	DirtCliffs03FallForestGrass01		Landscape\DirtCliffs\DirtCliffs03.nif
Skyrim.esm	STAT	0001EF4A	DirtCliffs03PineForest01		Landscape\DirtCliffs\DirtCliffs03.nif
Skyrim.esm	STAT	0005B7E2	DirtCliffs03PineForest02		Landscape\DirtCliffs\DirtCliffs03.nif
Skyrim.esm	STAT	00061924	DirtCliffs03PineForest03		Landscape\DirtCliffs\DirtCliffs03.nif
Skyrim.esm	STAT	0008B025	DirtCliffs05PineForest01		Landscape\DirtCliffs\DirtCliffs05.nif
Skyrim.esm	STAT	00060096	DirtCliffs05PineForest02		Landscape\DirtCliffs\DirtCliffs05.nif
Skyrim.esm	STAT	000D37B7	DirtCliffs05PineForest03		Landscape\DirtCliffs\DirtCliffs05.nif
Skyrim.esm	STAT	000B9528	DirtCliffsAnimalDen02FallForestGrass01		Landscape\DirtCliffs\DirtCliffsAnimalDen02.nif
Skyrim.esm	STAT	0005B887	DirtCliffsCornerIn01PineForest01		Landscape\DirtCliffs\DirtCliffsCornerIn01.nif
Skyrim.esm	STAT	0001EF3C	DirtCliffsCornerIn01PineForest02		Landscape\DirtCliffs\DirtCliffsCornerIn01.nif
Skyrim.esm	STAT	00061925	DirtCliffsCornerIn01PineForest03		Landscape\DirtCliffs\DirtCliffsCornerIn01.nif
Skyrim.esm	STAT	0005092B	DirtCliffsCornerInFallForest01		Landscape\DirtCliffs\DirtCliffsCornerIn01.nif
Skyrim.esm	STAT	000BC5CB	DirtCliffsCornerOut01FallForestGrass01		Landscape\DirtCliffs\DirtCliffsCornerOut01.nif
Skyrim.esm	STAT	0001EF4B	DirtCliffsCornerOut01PineForest01		Landscape\DirtCliffs\DirtCliffsCornerOut01.nif
Skyrim.esm	STAT	0005B7DE	DirtCliffsCornerOut01PineForest02		Landscape\DirtCliffs\DirtCliffsCornerOut01.nif
Skyrim.esm	STAT	00061923	DirtCliffsCornerOut01PineForest03		Landscape\DirtCliffs\DirtCliffsCornerOut01.nif
Skyrim.esm	STAT	00050931	DirtCliffsCornerOutFallForest01		Landscape\DirtCliffs\DirtCliffsCornerOut01.nif
Skyrim.esm	STAT	000D1EC2	DirtCliffsIsland01PineForest01		Landscape\DirtCliffs\DirtCliffsIsland01.nif
Skyrim.esm	STAT	0005B7E3	DirtCliffsIsland01PineForest02		Landscape\DirtCliffs\DirtCliffsIsland01.nif
Skyrim.esm	STAT	000D1EC3	DirtCliffsIsland01PineForest03		Landscape\DirtCliffs\DirtCliffsIsland01.nif
Skyrim.esm	STAT	000C1ADB	DoomstoneCircle01		Clutter\PowerShrines\PowShrineCircle01.nif
Skyrim.esm	STAT	000C1ADC	DoomstoneCircle02		Clutter\PowerShrines\PowShrineCircle02.nif
Skyrim.esm	STAT	000C1ADD	DoomstoneCircle03		Clutter\PowerShrines\PowShrineCircle03.nif
Skyrim.esm	STAT	000C1ADE	DoomstoneCircle04		Clutter\PowerShrines\PowShrineCircle04.nif
Skyrim.esm	STAT	000E37A7	DragonBridge01		Dungeons\Nordic\Exterior\DragonBridge01.nif
Skyrim.esm	STAT	000FDB3D	DragonMoundBaseHeavySnow		Dungeons\Nordic\Exterior\DragonMound\DragonMoundBaseAlt.nif
Skyrim.esm	STAT	00068E62	DragonMoundBaseSnow		Dungeons\Nordic\Exterior\DragonMound\DragonMoundBaseAlt.nif
Skyrim.esm	STAT	00068E68	DragonMoundDirtCapSnow		Dungeons\Nordic\Exterior\DragonMound\DragonMoundDirtCapAlt.nif
Skyrim.esm	STAT	00081D63	DragonPriestMaskAltarIntact01		Clutter\DragonPriestMaskAltar\Altar\DragonPriestMaskAltarIntact01.nif
Skyrim.esm	STAT	00081D9F	DragonPriestMaskAltarRuined01		Clutter\DragonPriestMaskAltar\Altar\DragonPriestMaskAltarRuined01.nif
Skyrim.esm	STAT	0002BFB7	dunVolskyggePuzzlePieceSTATIC		Clutter\SoulGem\SoulGemCommon01.nif
Skyrim.esm	STAT	000CDDAB	dunVolunruudRelicAxe		Weapons\Draugr\DraugrHandAxe.nif
Skyrim.esm	STAT	000CDDAC	dunVolunruudRelicSword		Weapons\Draugr\DraugrSword.nif
Skyrim.esm	STAT	00105C15	DwarvenGreatSwordForDisplay		Weapons\Dwarven\DwarvenGreatSword.nif
Skyrim.esm	STAT	00068796	DweClutterBowlShape01		Dungeons\Dwemer\Clutter\DweClutterBowlShape01.nif
Skyrim.esm	STAT	00074DEF	DweClutterBowlShape01Snow		Dungeons\Dwemer\Clutter\DweClutterBowlShape01.nif
Skyrim.esm	STAT	00074E10	DweClutterBowlShape01SnowLight		Dungeons\Dwemer\Clutter\DweClutterBowlShape01.nif
Skyrim.esm	STAT	0006DBE5	DweClutterBowlShape02		Dungeons\Dwemer\Clutter\DweClutterBowlShape02.nif
Skyrim.esm	STAT	00066AF2	DweDA13IchorBarrel01		Clutter\Dwemer\DweInchorBarrel01.nif
Skyrim.esm	STAT	0005ADEA	DweFloorLantern		Dungeons\Dwemer\DweGroundLantern01.nif
Skyrim.esm	STAT	000E72C8	DweFloorLanternOn		Dungeons\Dwemer\DweFloorLanternOn.nif
Skyrim.esm	STAT	000E7C2D	DweFloorLanternOnSputter		Dungeons\Dwemer\DweFloorLanternOnSputter.nif
Skyrim.esm	STAT	0001FC5F	DweFurnitureBedDouble01STATIC		Furniture\Dwemer\DweFurnitureBedDouble01.nif
Skyrim.esm	STAT	0001FC60	DweFurnitureBedSingle01STATIC		Furniture\Dwemer\DweFurnitureBedSingle01.nif
Skyrim.esm	STAT	00028395	DweFurnitureBench01Static		Furniture\Dwemer\DweFurnitureBench01.nif
Skyrim.esm	STAT	0001F96A	DweFurnitureChair01STATIC		Furniture\Dwemer\DweFurnitureChair01.nif
Skyrim.esm	STAT	0001FC5E	DweFurnitureChair02STATIC		Furniture\Dwemer\DweFurnitureChair02.nif
Skyrim.esm	STAT	000D128C	DweFurnitureHighChair01Static		Furniture\Dwemer\DweFurnitureHighChair01.nif
Skyrim.esm	STAT	00063DEE	DweFurnitureTableA01		Furniture\Dwemer\DweFurnitureTableA01.nif
Skyrim.esm	STAT	00063DEF	DweFurnitureTableA02		Furniture\Dwemer\DweFurnitureTableA02.nif
Skyrim.esm	STAT	000889AF	DweFurnitureTableAThin01		Furniture\Dwemer\DweFurnitureTableAThin01.nif
Skyrim.esm	STAT	000889B0	DweFurnitureTableSqA01		Furniture\Dwemer\DweFurnitureTableSqA01.nif
Skyrim.esm	STAT	000ACE9E	DweIchorBarrel01		Clutter\Dwemer\DweInchorBarrel01.nif
Skyrim.esm	STAT	00074E13	DweIchorBarrel01Snow		Clutter\Dwemer\DweInchorBarrel01.nif
Skyrim.esm	STAT	00088895	DweIchorBarrellFull01		Clutter\Dwemer\DweIchorBarrellFull01.nif
Skyrim.esm	STAT	00089961	DweIchorBarrellFull02		Clutter\Dwemer\DweIchorBarrellFull02.nif
Skyrim.esm	STAT	0006DBD3	DweRmSmWall01Shelf01		Dungeons\Dwemer\SmRooms\DweRmSmWall01Shelf01.nif
Skyrim.esm	STAT	0006DBDF	DweRmSmWall01Shelf02		Dungeons\Dwemer\SmRooms\DweRmSmWall01Shelf02.nif
Skyrim.esm	STAT	0001EDD8	DweShelf01		Clutter\Dwemer\DweShelf01.nif
Skyrim.esm	STAT	0001EDD9	DweShelf02		Clutter\Dwemer\DweShelf02.nif
Skyrim.esm	STAT	0001EDDA	DweShelf03		Clutter\Dwemer\DweShelf03.nif
Skyrim.esm	STAT	000F6D7A	DweShelfLargeBottom01		Dungeons\Dwemer\Clutter\DweShelfLargeBottom01.nif
Skyrim.esm	STAT	000F6D79	DweShelfLargeMid01		Dungeons\Dwemer\Clutter\DweShelfLargeMid01.nif
Skyrim.esm	STAT	000F6D78	DweShelfLargeTop01		Dungeons\Dwemer\Clutter\DweShelfLargeTop01.nif
Skyrim.esm	STAT	0001EDD5	DweShelfSolid01		Clutter\Dwemer\DweShelfSolid01.nif
Skyrim.esm	STAT	0001EDD6	DweShelfSolid02		Clutter\Dwemer\DweShelfSolid02.nif
Skyrim.esm	STAT	0001EDD7	DweShelfSolid03		Clutter\Dwemer\DweShelfSolid03.nif
Skyrim.esm	STAT	00030AD1	DweWallSconce01		Dungeons\Dwemer\DweWallSconce01.nif
Skyrim.esm	STAT	000E72C9	DweWallSconce01On		Dungeons\Dwemer\DweWallSconce01On.nif
Skyrim.esm	STAT	000E7C2C	DweWallSconce01OnSputter		Dungeons\Dwemer\DweWallSconce01OnSputter.nif
Skyrim.esm	STAT	0005ADDD	DweWallSconce02		Dungeons\Dwemer\DweWallSconce02.nif
Skyrim.esm	STAT	000E72CA	DweWallSconce02On		Dungeons\Dwemer\DweWallSconce02On.nif
Skyrim.esm	STAT	000E7C2B	DweWallSconce02OnSputter		Dungeons\Dwemer\DweWallSconce02OnSputter.nif
Skyrim.esm	STAT	0005ADE3	DweWallSconceCover01		Dungeons\Dwemer\DweWallSconceCover01.nif
Skyrim.esm	STAT	0005ADFD	DweWallSconceSmall01		Dungeons\Dwemer\DweWallSconce03.nif
Skyrim.esm	STAT	000E72CB	DweWallSconceSmall01On		Dungeons\Dwemer\DweWallSconceSmall01On.nif
Skyrim.esm	STAT	000E7C2A	DweWallSconceSmall01OnSputter		Dungeons\Dwemer\DweWallSconceSmall01OnSputter.nif
Skyrim.esm	STAT	0005AE7C	DweWallSconceSmall02		Dungeons\Dwemer\DweWallSconce03Open.nif
Skyrim.esm	STAT	000E72CC	DweWallSconceSmall02On		Dungeons\Dwemer\DweWallSconceSmall02On.nif
Skyrim.esm	STAT	000E7AFC	DweWallSconceSmall02OnSputter		Dungeons\Dwemer\DweWallSconceSmall02OnSputter.nif
Skyrim.esm	STAT	00105C1F	EbonyGreatswordForDisplay		Weapons\Ebony\EbonyGreatsword.nif
Skyrim.esm	STAT	00105C19	ElvenSwordForDisplay		Weapons\Elven\ElvenSword.nif
Skyrim.esm	STAT	0003DE44	ExteriorWoodenTable01		Clutter\ExteriorWoodenFurniture\ExteriorWoodenTable01.nif
Skyrim.esm	STAT	0009E2F4	ExteriorWoodenTable01snow		Clutter\ExteriorWoodenFurniture\ExteriorWoodenTable01Snow.nif
Skyrim.esm	STAT	0006AF7C	ExteriorWoodenTable01SnowLight		Clutter\ExteriorWoodenFurniture\ExteriorWoodenTable01Snow.nif
Skyrim.esm	STAT	000A19B0	FalmerRosettaStone		Clutter\FalmerRosettaStone\FalmerRosettaStone.nif
Skyrim.esm	STAT	001083D7	FarmBannerPost01		Architecture\Farmhouse\FarmBannerPost01.nif
Skyrim.esm	STAT	00041EC7	FarmBench01Static		Furniture\Farm\FarmBench01.nif
Skyrim.esm	STAT	001093E3	FarmhouseSilo_FallForestDirt01		Architecture\Solitude\Farms\SFarmhouseSilo.nif
Skyrim.esm	STAT	0005AFF2	FarmInt2Hearth02		Architecture\Farmhouse\Interior\FarmInt2Hearth02.nif
Skyrim.esm	STAT	000F4850	FarmIntLHFirePit01		Architecture\Farmhouse\Interior\FarmIntLHFirePit01.nif
Skyrim.esm	STAT	000F4854	FarmIntLHFirePit02		Architecture\Farmhouse\Interior\FarmIntLHFirePit02.nif
Skyrim.esm	STAT	000F4859	FarmIntLHFirePit03		Architecture\Farmhouse\Interior\FarmIntLHFirePit03.nif
Skyrim.esm	STAT	00059B63	FarmIntWallHearth01		Architecture\Farmhouse\Interior\FarmIntWallHearth01.nif
Skyrim.esm	STAT	0005AC24	FarmIntWallHearth02		Architecture\Farmhouse\Interior\FarmIntWallHearth02.nif
Skyrim.esm	STAT	000B8CBA	FarmLumbermill01FallForest01		Architecture\Farmhouse\Lumbermill01.nif
Skyrim.esm	STAT	000C234D	FarmTable01		Furniture\Farm\FarmTable01.nif
Skyrim.esm	STAT	000008A6	FenceWoven01		Architecture\Farmhouse\FenceWoven01.NIF
Skyrim.esm	STAT	00091A09	FenceWoven01Snow		Architecture\Farmhouse\FenceWoven01.NIF
Skyrim.esm	STAT	000008A7	FenceWoven02		Architecture\Farmhouse\FenceWoven02.NIF
Skyrim.esm	STAT	00091A0A	FenceWoven02Snow		Architecture\Farmhouse\FenceWoven02.NIF
Skyrim.esm	STAT	0004E21F	Fireball01HandEffects0000		Magic\Fireball01HandEffects.nif
Skyrim.esm	STAT	00035F45	FireplaceWood01Off		Clutter\Fireplace\FireplaceWood01Off.nif
Skyrim.esm	STAT	00035F4D	FireplaceWood01Off0000		Clutter\WoodFires\FireplaceWood01Off.nif
Skyrim.esm	STAT	0010ACC2	FirewoodPileHuge1		Clutter\Firewood\FirewoodPileHuge01.nif
Skyrim.esm	STAT	0010CD8F	FirewoodPileHuge1_LightSN		Clutter\Firewood\FirewoodPileHuge01.nif
Skyrim.esm	STAT	000185B2	FirewoodPileLarge01		Clutter\Firewood\FirewoodPileLarge01.nif
Skyrim.esm	STAT	0008C238	FirewoodPileLarge01_LightSN		Clutter\Firewood\FirewoodPileLarge01.nif
Skyrim.esm	STAT	000ABD2B	FirewoodPileLarge01_SparseSN		Clutter\Firewood\FirewoodPileLarge01.nif
Skyrim.esm	STAT	000185B5	FirewoodPileMedium01		Clutter\Firewood\FirewoodPileMedium01.nif
Skyrim.esm	STAT	000A9E8B	FirewoodPileMedium01_LightSN		Clutter\Firewood\FirewoodPileMedium01.nif
Skyrim.esm	STAT	000185B6	FirewoodPileSmall01		Clutter\Firewood\FirewoodPileSmall01.nif
Skyrim.esm	STAT	000681C0	FirewoodPileSmall01_LightSN		Clutter\Firewood\FirewoodPileSmall01.nif
Skyrim.esm	STAT	000ABD2C	FirewoodPileSmall01_SparseSN		Clutter\Firewood\FirewoodPileSmall01.nif
Skyrim.esm	STAT	0001769A	FishRack01		Clutter\DeadAnimals\FishRack01.nif
Skyrim.esm	STAT	000F2033	FishRack01Light_SN		Clutter\DeadAnimals\FishRack01.nif
Skyrim.esm	STAT	000A56FD	FishRack02		Clutter\DeadAnimals\FishRack02.nif
Skyrim.esm	STAT	000829B8	FrozenPoolL01		Landscape\Ice\FrozenPoolL01.nif
Skyrim.esm	STAT	00105D2A	FXDweObservatoryMapBeam		Dungeons\Dwemer\Animated\Observatory\FXDweObservatoryMapBeam.nif
Skyrim.esm	STAT	000FC85F	FXWaterfallBodySlope_static		Effects\FXWaterfallBodySlope.nif
Skyrim.esm	STAT	001091F0	FXWaterfallBodyTall02_static		Effects\FXWaterfallBodyTall02.nif
Skyrim.esm	STAT	000FC85E	FXWaterfallBodyTall_static		Effects\FXWaterfallBodyTall.nif
Skyrim.esm	STAT	00050723	GiantCampfire01Off		Clutter\Giant\GiantCampfire01Off.nif
Skyrim.esm	STAT	0005049D	GiantCampfire01OffPineForest02		Clutter\Giant\GiantCampfire01Off.nif
Skyrim.esm	STAT	0006D309	GiantCampfire01OffVolcanicTundraGravel01		Clutter\Giant\GiantCampfire01Off.nif
Skyrim.esm	STAT	000461D8	GiantClubStatic		Weapons\Giant\GiantClub.nif
Skyrim.esm	STAT	00096CA7	GiantClubStaticSnow		Weapons\Giant\GiantClub.nif
Skyrim.esm	STAT	000BB98B	GiantHangingBones		Clutter\Giant\GiantHangingBones.nif
Skyrim.esm	STAT	00051578	GiantSpit01		Clutter\Giant\GiantSpit01.nif
Skyrim.esm	STAT	00105C17	GlassWarHammerForDisplay		Weapons\Glass\GlassWarHammer.nif
Skyrim.esm	STAT	000C9F4E	Glazed02PotteryBase01		Clutter\Glazed02PotteryBase01.nif
Skyrim.esm	STAT	000C9F51	Glazed02PotteryBase02		Clutter\Glazed02PotteryBase02.nif
Skyrim.esm	STAT	000CBF3C	Glazed02PotteryBase03		Clutter\Glazed02PotteryBase03.nif
Skyrim.esm	STAT	000C841C	GlazedCandlesStatic		Clutter\GlazedCandles01.nif
Skyrim.esm	STAT	000C842B	GlazedCandlesStatic02		Clutter\GlazedCandlesStatic02.nif
Skyrim.esm	STAT	000ACAFC	HagravenBloodbowl01		Clutter\Hagraven\HagravenBloodbowl01.nif
Skyrim.esm	STAT	000ACB07	HagravenHouseBones01		Clutter\Hagraven\HagravenHouseBones01.nif
Skyrim.esm	STAT	000E7C3C	HagravenHouseBones01_snow		Clutter\Hagraven\HagravenHouseBones01.nif
Skyrim.esm	STAT	000FE1F3	HandCartCrate		Clutter\Carts\HandCartCrate.nif
Skyrim.esm	STAT	0002FD82	HHBigPlanter01		Furniture\HighHrothgar\HHBigPlanter01.nif
Skyrim.esm	STAT	000A5606	HHFirePit		Architecture\HighHrothgar\HHFirePit.nif
Skyrim.esm	STAT	0002FDB2	HHFirePit01		Furniture\HighHrothgar\HHFirePit01.nif
Skyrim.esm	STAT	0002FD72	HHFurnitureTable01		Furniture\HighHrothgar\HHFurnitureTable01.nif
Skyrim.esm	STAT	000DED95	HHFurnitureTable02		Furniture\HighHrothgar\HHFurnitureTable02.nif
Skyrim.esm	STAT	0002FD4D	HHFurnitureTableRound01		Furniture\HighHrothgar\HHFurnitureTableRound01.nif
Skyrim.esm	STAT	0008776C	HHLGRomCorEnt01		Architecture\HighHrothgar\HHLGRomCorEnt01.nif
Skyrim.esm	STAT	00087768	HHLGRomCorEnt02		Architecture\HighHrothgar\HHLGRomCorEnt02.nif
Skyrim.esm	STAT	000BFF76	HHStoneBlockSnow		Architecture\HighHrothgar\HHCelingBeam01.nif
Skyrim.esm	STAT	0002FBB3	HighPolyAlterationBook		Clutter\Books\Book02\Character Assets\SpellTomeAlteration.nif
Skyrim.esm	STAT	00080A4A	HighPolyBasicBook01		Clutter\Books\Book02\Character Assets\book02.nif
Skyrim.esm	STAT	000153D4	HighPolyBasicBook03		Clutter\Books\Book02\Character Assets\Book03.nif
Skyrim.esm	STAT	000153F8	HighPolyBasicBook03a		Clutter\Books\Book02\Character Assets\Book03a.nif
Skyrim.esm	STAT	000153F0	HighPolyBasicBook04		Clutter\Books\Book02\Character Assets\Book04.nif
Skyrim.esm	STAT	000153F1	HighPolyBasicBook04a		Clutter\Books\Book02\Character Assets\Book04a.nif
Skyrim.esm	STAT	000153F4	HighPolyBasicBook05		Clutter\Books\Book02\Character Assets\Book05.nif
Skyrim.esm	STAT	000153F5	HighPolyBasicBook05a		Clutter\Books\Book02\Character Assets\Book05a.nif
Skyrim.esm	STAT	000153F9	HighPolyBasicBook06		Clutter\Books\Book02\Character Assets\Book06.nif
Skyrim.esm	STAT	00015406	HighPolyBasicBook06a		Clutter\Books\Book02\Character Assets\Book06a.nif
Skyrim.esm	STAT	00015417	HighPolyBasicBook07		Clutter\Books\Book02\Character Assets\Book07.nif
Skyrim.esm	STAT	00015418	HighPolyBasicBook07a		Clutter\Books\Book02\Character Assets\Book07a.nif
Skyrim.esm	STAT	0008ADB4	HighPolyBookDA01		Clutter\Books\Book02\Character Assets\Book02Da01.nif
Skyrim.esm	STAT	001071C5	HighPolyBookDA02		Clutter\Books\Book02\Character Assets\BookDA02.nif
Skyrim.esm	STAT	0008ADB1	HighPolyBookDA07		Clutter\Books\Book02\Character Assets\Book02Da07.nif
Skyrim.esm	STAT	000A7B43	HighPolyBookDA16		Clutter\Books\Book02\Character Assets\Book02Da16.nif
Skyrim.esm	STAT	0008ADAF	HighPolyBookLarge01		Clutter\Books\Book02\Character Assets\Book02Large01.nif
Skyrim.esm	STAT	0008ADAE	HighPolyBookLarge02		Clutter\Books\Book02\Character Assets\Book02Large02.nif
Skyrim.esm	STAT	0008BB2E	HighPolyBookMG03		Clutter\Books\Book02\Character Assets\Book02MG03.nif
Skyrim.esm	STAT	0008ADB0	HighPolyBookMQ103		Clutter\Books\Book02\Character Assets\Book02MQ103.nif
Skyrim.esm	STAT	0008ADB3	HighPolyBookMS06		Clutter\Books\Book02\Character Assets\Book02MS06.nif
Skyrim.esm	STAT	0008ADB2	HighPolyBookOghmaInfinium		Clutter\Books\Book02\Character Assets\Book02OhgmaInfinium.nif
Skyrim.esm	STAT	00076E8F	HighPolyBookTest01		Clutter\Books\TestBook01HighPoly.nif
Skyrim.esm	STAT	0002FBB6	HighPolyConjurationBook		Clutter\Books\Book02\Character Assets\SpellTomeConjuration.nif
Skyrim.esm	STAT	0002FBB5	HighPolyDestructionBook		Clutter\Books\Book02\Character Assets\SpellTomeDestruction.nif
Skyrim.esm	STAT	0002FBB4	HighPolyIllusionBook		Clutter\Books\Book02\Character Assets\SpellTomeIllusion.nif
Skyrim.esm	STAT	000B7E3D	HighPolyJournal		Clutter\Books\Book01\Character Assets\JournalBasic.nif
Skyrim.esm	STAT	0001542E	HighPolyJournal02		Clutter\Books\Book01\Character Assets\JournalBasic02.nif
Skyrim.esm	STAT	00015438	HighPolyJournal03		Clutter\Books\Book01\Character Assets\JournalBasic03.nif
Skyrim.esm	STAT	00097788	HighPolyNote		Clutter\Books\Note01\Note01.nif
Skyrim.esm	STAT	0001541B	HighPolyNote02		Clutter\Books\Note01\Note02.nif
Skyrim.esm	STAT	0001541C	HighPolyNote03		Clutter\Books\Note01\Note03.nif
Skyrim.esm	STAT	00015421	HighPolyNote04		Clutter\Books\Note01\Note04.nif
Skyrim.esm	STAT	00109DDA	HighPolyNoteBlood		Clutter\Books\Note01\Note01Bloody.nif
Skyrim.esm	STAT	000641F4	HighPolyNoteTornPage		Clutter\Books\Note01\NoteTornPage.nif
Skyrim.esm	STAT	0002FBB7	HighPolyRestorationBook		Clutter\Books\Book02\Character Assets\SpellTomeRestoration.nif
Skyrim.esm	STAT	000E894C	HighPolySkyrimBook		Clutter\Books\Book02\Character Assets\BookSkyrim01.nif
Skyrim.esm	STAT	000B7E3B	HighPolyTG05GallusJournal		Clutter\Books\Book01\Character Assets\TG05GallusJournal.nif
Skyrim.esm	STAT	000CC75F	IcePileL01SnowRocks01		Landscape\Ice\IcePileL01.nif
Skyrim.esm	STAT	0005F227	ImpBrazier01		Clutter\Imperial\ImpBrazier01.nif
Skyrim.esm	STAT	0005F222	ImpCandelabraCandle01		Clutter\Imperial\ImpCandelabraCandle01.nif
Skyrim.esm	STAT	000CE026	ImpCandelabraCandle02		Clutter\Imperial\ImpCandelabraCandle02.nif
Skyrim.esm	STAT	0005F223	ImpCandelabraCandleOff01		Clutter\Imperial\ImpCandelabraCandleOff01.nif
Skyrim.esm	STAT	0005F221	ImpCandelabraNoCandle		Clutter\Imperial\ImpCandelabraNoCandle.nif
Skyrim.esm	STAT	000C56C4	ImpCandle01		Clutter\Imperial\ImpCandle01.nif
Skyrim.esm	STAT	0005F21D	ImpChandellierCandle01		Clutter\Imperial\ImpChandellierCandle01.nif
Skyrim.esm	STAT	000C4BC2	ImpChandellierCandle02		Clutter\Imperial\ImpChandellierCandle02.nif
Skyrim.esm	STAT	000C4BC1	ImpChandellierCandle03		Clutter\Imperial\ImpChandellierCandle03.nif
Skyrim.esm	STAT	0005F21E	ImpChandellierCandleOff		Clutter\Imperial\ImpChandellierCandleOff.nif
Skyrim.esm	STAT	0005D6E8	ImpChandellierNoCandle01		Clutter\Imperial\ImpChandellierNoCandle01.nif
Skyrim.esm	STAT	00090FE8	ImpDoorExtHoleDoorLoad01_Static		Dungeons\Imperial\Door\ImpWoodDoorSingleSmallLoad01.nif
Skyrim.esm	STAT	00059ED6	ImpFireplace01		Dungeons\Imperial\ClutterKits\ImpFireplace01.nif
Skyrim.esm	STAT	0010AA95	ImpRubblePileSmall01LPineForest01		Dungeons\Imperial\ClutterKits\ImpRubblePileSmall01.nif
Skyrim.esm	STAT	0005AD4C	ImpStableDouble01		Dungeons\Imperial\StableKit\ImpStableDouble01.nif
Skyrim.esm	STAT	00071847	ImpStableDouble01Snow		Dungeons\Imperial\StableKit\ImpStableDouble01.nif
Skyrim.esm	STAT	0005AD4D	ImpStableDoubleEnd01		Dungeons\Imperial\StableKit\ImpStableDoubleEnd01.nif
Skyrim.esm	STAT	00071848	ImpStableDoubleEnd01Snow		Dungeons\Imperial\StableKit\ImpStableDoubleEnd01.nif
Skyrim.esm	STAT	0005AD4E	ImpStableDoubleEnd02		Dungeons\Imperial\StableKit\ImpStableDoubleEnd02.nif
Skyrim.esm	STAT	00071849	ImpStableDoubleEnd02Snow		Dungeons\Imperial\StableKit\ImpStableDoubleEnd02.nif
Skyrim.esm	STAT	0005AD4F	ImpStableEnd01		Dungeons\Imperial\StableKit\ImpStableEnd01.nif
Skyrim.esm	STAT	0007184A	ImpStableEnd01Snow		Dungeons\Imperial\StableKit\ImpStableEnd01.nif
Skyrim.esm	STAT	0005AD49	ImpStableEnd02		Dungeons\Imperial\StableKit\ImpStableEnd02.nif
Skyrim.esm	STAT	0007184B	ImpStableEnd02Snow		Dungeons\Imperial\StableKit\ImpStableEnd02.nif
Skyrim.esm	STAT	0005AD4A	ImpStableRoofPiece01		Dungeons\Imperial\StableKit\ImpStableRoofPiece01.nif
Skyrim.esm	STAT	0007184C	ImpStableRoofPiece01Snow		Dungeons\Imperial\StableKit\ImpStableRoofPiece01.nif
Skyrim.esm	STAT	000EB81C	ImpStableRoofPiece02		Dungeons\Imperial\StableKit\ImpStableRoofPiece02.nif
Skyrim.esm	STAT	0005AD4B	ImpStableSingle01		Dungeons\Imperial\StableKit\ImpStableSingle01.nif
Skyrim.esm	STAT	0007184D	ImpStableSingle01Snow		Dungeons\Imperial\StableKit\ImpStableSingle01.nif
Skyrim.esm	STAT	0003E221	ImpStoneBlock01		Dungeons\Imperial\ClutterKits\ImpStoneBlock01.nif
Skyrim.esm	STAT	00080BBC	ImpStoneBlock01ice		Dungeons\Imperial\ClutterKits\ImpStoneBlock01.nif
Skyrim.esm	STAT	0003E222	ImpStoneBlock02		Dungeons\Imperial\ClutterKits\ImpStoneBlock02.nif
Skyrim.esm	STAT	00080BC3	ImpStoneBlock02ice		Dungeons\Imperial\ClutterKits\ImpStoneBlock02.nif
Skyrim.esm	STAT	0003E223	ImpStoneBlock03		Dungeons\Imperial\ClutterKits\ImpStoneBlock03.nif
Skyrim.esm	STAT	00080BE3	ImpStoneBlock03ice		Dungeons\Imperial\ClutterKits\ImpStoneBlock03.nif
Skyrim.esm	STAT	0003E224	ImpStoneBlock04		Dungeons\Imperial\ClutterKits\ImpStoneBlock04.nif
Skyrim.esm	STAT	00080BC1	ImpStoneBlock04ice		Dungeons\Imperial\ClutterKits\ImpStoneBlock04.nif
Skyrim.esm	STAT	0003E225	ImpStoneBlock05		Dungeons\Imperial\ClutterKits\ImpStoneBlock05.nif
Skyrim.esm	STAT	00080BFD	ImpStoneBlock05ice		Dungeons\Imperial\ClutterKits\ImpStoneBlock05.nif
Skyrim.esm	STAT	0003E226	ImpStoneBlock06		Dungeons\Imperial\ClutterKits\ImpStoneBlock06.nif
Skyrim.esm	STAT	00080BC2	ImpStoneBlock06ice		Dungeons\Imperial\ClutterKits\ImpStoneBlock06.nif
Skyrim.esm	STAT	0005D6E9	ImpWallSconce02CandleOff01		Clutter\Imperial\ImpWallSconce02CandleOff01.nif
Skyrim.esm	STAT	0005D6EA	ImpWallSconce02CandleOn01		Clutter\Imperial\ImpWallSconce02CandleOn01.nif
Skyrim.esm	STAT	0005D6E3	ImpWallSconce02NoCandle01		Clutter\Imperial\ImpWallSconce02NoCandle01.nif
Skyrim.esm	STAT	0005D6E4	ImpWallSconceCandle01		Clutter\Imperial\ImpWallSconceCandle01.nif
Skyrim.esm	STAT	0005D6E5	ImpWallSconceCandle02		Clutter\Imperial\ImpWallSconceCandle02.nif
Skyrim.esm	STAT	0005D6E6	ImpWallSconceCandleOff01		Clutter\Imperial\ImpWallSconceCandleOff01.nif
Skyrim.esm	STAT	0005D6E7	ImpWallSconceNoCandle01		Clutter\Imperial\ImpWallSconceNoCandle01.nif
Skyrim.esm	STAT	000F2D4C	LabyrinthianMaze01		Dungeons\Nordic\Exterior\NorLabyrinthianMaze01.nif
Skyrim.esm	STAT	00100529	LabyrinthianMaze02		Dungeons\Nordic\Exterior\NorLabyrinthianMaze02.nif
Skyrim.esm	STAT	001006F3	LabyrinthianMaze02DUPLICATE000		Dungeons\Nordic\Exterior\NorLabyrinthianMaze02.nif
Skyrim.esm	STAT	0010052B	LabyrinthianMaze03		Dungeons\Nordic\Exterior\NorLabyrinthianMaze03.nif
Skyrim.esm	STAT	001006F5	LabyrinthianMaze03DUPLICATE000		Dungeons\Nordic\Exterior\NorLabyrinthianMaze03.nif
Skyrim.esm	STAT	0010052A	LabyrinthianMaze04		Dungeons\Nordic\Exterior\NorLabyrinthianMaze04.nif
Skyrim.esm	STAT	001006F7	LabyrinthianMaze04DUPLICATE000		Dungeons\Nordic\Exterior\NorLabyrinthianMaze04.nif
Skyrim.esm	STAT	0009151C	Lantern		Clutter\Common\CandleLantern01.nif
Skyrim.esm	STAT	000C215E	Lantern01Static_HeavySN		Clutter\Common\CandleLantern01.nif
Skyrim.esm	STAT	00092129	LargeRainBarrel01		Clutter\LargeRainBarrel01.nif
Skyrim.esm	STAT	0010E85E	LoadScreenAdventure01		LoadScreenArt\LoadScreenAdventure01.nif
Skyrim.esm	STAT	00108D6D	LoadScreenAlchemyWorkbench		LoadScreenArt\LoadScreenAlchemyWorkbench.nif
Skyrim.esm	STAT	0010BFBC	LoadScreenArgonian		LoadScreenArt\LoadScreenArgonian.nif
Skyrim.esm	STAT	0010D9B0	LoadScreenArgonianBarkeep		LoadScreenArt\LoadScreenArgonianBarkeep.nif
Skyrim.esm	STAT	00109529	LoadScreenBearBrown		LoadScreenArt\LoadScreenBearBrown.nif
Skyrim.esm	STAT	0010BFBB	LoadScreenBlackBriar01		LoadScreenArt\LoadScreenBlackBriar01.nif
Skyrim.esm	STAT	0010C6D9	LoadScreenBoneCrown		Armor\BoneCrown\BoneCrownGO.nif
Skyrim.esm	STAT	0010DEA5	LoadScreenBookSkyrim		LoadScreenArt\LoadScreenBookSkyrim.nif
Skyrim.esm	STAT	0010CC2D	LoadScreenBretonMage		LoadScreenArt\LoadScreenBretonMage.nif
Skyrim.esm	STAT	0010A169	LoadScreenBronzeDragon		LoadScreenArt\LoadScreenBronzeDragon.nif
Skyrim.esm	STAT	0010A170	LoadScreenChurus		LoadScreenArt\LoadScreenChurus.nif
Skyrim.esm	STAT	00109518	LoadScreenClavicusVileMask		LoadScreenArt\LoadScreenClavicusVileMask.nif
Skyrim.esm	STAT	0010CC3D	LoadScreenCompanionsHelm		Armor\Wolf\Hat_GO.nif
Skyrim.esm	STAT	0010A965	LoadScreenCow		LoadScreenArt\LoadScreenCow.nif
Skyrim.esm	STAT	0010C6CC	LoadScreenDaedricShield		Armor\Daedric\1stPersonDaedricShield.nif
Skyrim.esm	STAT	0010EB01	LoadScreenDarkElf		LoadScreenArt\LoadScreenMaleDarkElf.nif
Skyrim.esm	STAT	0010CC36	LoadScreenDawnStarShield		LoadScreenArt\LoadScreenDawnStarShield.nif
Skyrim.esm	STAT	0010D18A	LoadScreenDBDoor01		Clutter\DBhood\DBDoor01.nif
Skyrim.esm	STAT	0010951F	LoadScreenDeer		LoadScreenArt\LoadScreenDeer.nif
Skyrim.esm	STAT	0010A15F	LoadScreenDog		LoadScreenArt\LoadScreenDog.nif
Skyrim.esm	STAT	0010A963	LoadScreenDragonAlduin		LoadScreenArt\LoadScreenAlduinWall.nif
Skyrim.esm	STAT	0010A161	LoadScreenDragonPriest		LoadScreenArt\LoadScreenDragonPriest.nif
Skyrim.esm	STAT	0010C6CE	LoadScreenDragonscaleCuirass		Armor\Dragonscale\DragonscaleCuirassGO.nif
Skyrim.esm	STAT	0010C6CA	LoadScreenDragonscaleShield		Armor\Dragonscale\DragonscaleShield.nif
Skyrim.esm	STAT	0010CC3C	LoadScreenDragonSkull		Clutter\DeadAnimals\DragonBonesSkull01.nif
Skyrim.esm	STAT	0010BFC2	LoadScreenDraugrFemale		LoadScreenArt\LoadScreenDraugrFemale.nif
Skyrim.esm	STAT	0010952B	LoadScreenDraugrMale		LoadScreenArt\LoadscreenMaleDraugr.nif
Skyrim.esm	STAT	00000DE2	LoadScreenDSApprentice01		LoadScreenArt\LoadScreenDSApprentice01.nif
Skyrim.esm	STAT	00000DE3	LoadScreenDSAtronach01		LoadScreenArt\LoadScreenDSAtronach01.nif
Skyrim.esm	STAT	00000DE4	LoadScreenDSBoethiah01		LoadScreenArt\LoadScreenDSBoethiah01.nif
Skyrim.esm	STAT	00000DE5	LoadScreenDSLady01		LoadScreenArt\LoadScreenDSLady01.nif
Skyrim.esm	STAT	00000DE6	LoadScreenDSLord01		LoadScreenArt\LoadScreenDSLord01.nif
Skyrim.esm	STAT	00000DE7	LoadScreenDSLover01		LoadScreenArt\LoadScreenDSLover01.nif
Skyrim.esm	STAT	00000DE8	LoadScreenDSMage01		LoadScreenArt\LoadScreenDSMage01.nif
Skyrim.esm	STAT	00000DE9	LoadScreenDSRitual01		LoadScreenArt\LoadScreenDSRitual01.nif
Skyrim.esm	STAT	00000DDC	LoadScreenDSSerpent01		LoadScreenArt\LoadScreenDSSerpent01.nif
Skyrim.esm	STAT	00000DDD	LoadScreenDSShadow01		LoadScreenArt\LoadScreenDSShadow01.nif
Skyrim.esm	STAT	00000DDE	LoadScreenDSSteed01		LoadScreenArt\LoadScreenDSSteed01.nif
Skyrim.esm	STAT	00000DDF	LoadScreenDSTheif01		LoadScreenArt\LoadScreenDSTheif01.nif
Skyrim.esm	STAT	00000DE0	LoadScreenDSTower01		LoadScreenArt\LoadScreenDSTower01.nif
Skyrim.esm	STAT	00000DE1	LoadScreenDSWarrior01		LoadScreenArt\LoadScreenDSWarrior01.nif
Skyrim.esm	STAT	0010C620	LoadScreenDwarvenArmor		LoadScreenArt\LoadScreenDwarvenArmor.nif
Skyrim.esm	STAT	0010A162	LoadScreenDwarvenSpider		LoadScreenArt\LoadScreenDwarvenSpider.nif
Skyrim.esm	STAT	0010C6CD	LoadScreenElvenShield		Armor\Elven\ElvenShield.nif
Skyrim.esm	STAT	00108D6A	LoadScreenEnchantingWorkbench		LoadScreenArt\LoadScreenEnchantingWorkbench.nif
Skyrim.esm	STAT	0010CC35	LoadScreenFalkreathShield		LoadScreenArt\LoadScreenFalkreathShield.nif
Skyrim.esm	STAT	0010DE97	LoadScreenFalmer01		LoadScreenArt\LoadScreenFalmer01.nif
Skyrim.esm	STAT	00109528	LoadScreenFalmer02		LoadScreenArt\LoadScreenFalmer02.nif
Skyrim.esm	STAT	0010E70C	LoadScreenFemaleImperial		LoadScreenArt\LoadScreenFemaleImperial.nif
Skyrim.esm	STAT	0010D3BC	LoadScreenFemaleWoodElf		LoadScreenArt\LoadScreenFemaleWoodElf.nif
Skyrim.esm	STAT	0010A163	LoadScreenFrostbiteSpider		LoadScreenArt\LoadScreenFrostbiteSpider.nif
Skyrim.esm	STAT	0010C61D	LoadscreenFrostDragon1		LoadScreenArt\LoadscreenFrostDragon1.nif
Skyrim.esm	STAT	00108D67	LoadScreenGiant01		LoadScreenArt\LoadScreenGiant01.nif
Skyrim.esm	STAT	0010CC50	LoadScreenGlassShield		Armor\Glass\GlassShield.nif
Skyrim.esm	STAT	0010D180	LoadScreenGrayFoxBust		Clutter\GrayFox\GrayFox.nif
Skyrim.esm	STAT	0010BEA6	LoadScreenGreybeard		Actors\Male\GreyBeardStatic.nif
Skyrim.esm	STAT	0010BFB8	LoadScreenGreyBeardStatic		Actors\Male\GreyBeardStatic.nif
Skyrim.esm	STAT	0010952C	LoadScreenHagraven		LoadScreenArt\LoadScreenHagraven01.nif
Skyrim.esm	STAT	0010AB3D	LoadScreenHagraven02		LoadScreenArt\LoadScreenHagraven02.nif
Skyrim.esm	STAT	0010CC42	LoadScreenHelmetBlades		Armor\Blades\HelmetBladesGO.nif
Skyrim.esm	STAT	0010FCCE	LoadScreenHelmetDaedric		Armor\Daedric\DaedricHelmetGO.nif
Skyrim.esm	STAT	0010FCCF	LoadScreenHelmetDragonscale		Armor\Dragonscale\DragonscaleHelmetGO.nif
Skyrim.esm	STAT	0010FCD0	LoadScreenHelmetDraugr		Armor\Draugr\DraugrHelmetMale_GO.nif
Skyrim.esm	STAT	0010FCD1	LoadScreenHelmetElbony		Armor\Ebony\M\HelmetGND.nif
Skyrim.esm	STAT	0010FCD2	LoadScreenHelmetElven		Armor\Elven\M\HelmetGND.nif
Skyrim.esm	STAT	0010FCD3	LoadScreenHelmetGlass		Armor\Glass\M\HelmetGlassGO.nif
Skyrim.esm	STAT	0010FCD4	LoadScreenHelmetNordPlate		Armor\NordPlate\Helmet_GO.nif
Skyrim.esm	STAT	0010FCD5	LoadScreenHelmetSteel		Armor\Steel\HelmetSteelGO.nif
Skyrim.esm	STAT	0010FCD6	LoadscreenHelmetStudded		Armor\Studded\Male\helmet_GO.nif
Skyrim.esm	STAT	0010CC34	LoadScreenHjaalmarchShield		LoadScreenArt\LoadScreenHjaalmarchShield.nif
Skyrim.esm	STAT	0010CC3F	LoadscreenHorker1		LoadScreenArt\LoadscreenHorker1.nif
Skyrim.esm	STAT	0010A15E	LoadScreenHorse_and_Rider		LoadScreenArt\LoadScreenHorse_and_Rider.nif
Skyrim.esm	STAT	0010A166	LoadScreenHorseMulti		LoadScreenArt\LoadScreenHorseMulti.nif
Skyrim.esm	STAT	0010D182	LoadScreenImperialHelmet		Armor\Imperial\HelmetFullFaceGND.nif
Skyrim.esm	STAT	0010F130	LoadScreenImperialShield		Armor\Imperial\ImperialShield.nif
Skyrim.esm	STAT	0010BFB7	LoadScreenInstruments		LoadScreenArt\LoadScreenInstruments.nif
Skyrim.esm	STAT	0010F12F	LoadScreenIronShieldHeavy		Armor\Iron\ShieldHeavy.nif
Skyrim.esm	STAT	0010DE98	LoadScreenKhajiitThief		LoadScreenArt\LoadScreenKhajiitThief.nif
Skyrim.esm	STAT	00109515	LoadScreenLogo		LoadScreenArt\LoadScreenLogo.nif
Skyrim.esm	STAT	0010A177	LoadScreenMalacathStatue		Clutter\Statues\MalacathStatue01.nif
Skyrim.esm	STAT	0010E43A	LoadScreenMaleHighElf		LoadScreenArt\LoadScreenMaleHighElf.nif
Skyrim.esm	STAT	0010CDC0	LoadScreenMaleOrc_1		LoadScreenArt\LoadScreenMaleOrc_1.nif
Skyrim.esm	STAT	00109522	LoadScreenMammoth		LoadScreenArt\LoadScreenMammoth.nif
Skyrim.esm	STAT	0010CC33	LoadScreenMarkarthShield		LoadScreenArt\LoadScreenMarkarthShield.nif
Skyrim.esm	STAT	0010E860	LoadScreenMarket01		LoadScreenArt\LoadScreenMarket01.nif
Skyrim.esm	STAT	0010C622	LoadScreenMaskAltar01		LoadScreenArt\LoadScreenMaskAltar01.nif
Skyrim.esm	STAT	0010DDCC	LoadScreenMetalCage		LoadScreenArt\LoadScreenMetalCage.nif
Skyrim.esm	STAT	0010E85B	LoadScreenMoney01		LoadScreenArt\LoadScreenMoney01.nif
Skyrim.esm	STAT	00000E87	LoadScreenMRaltar01		LoadScreenArt\LoadScreenMRaltar01.nif
Skyrim.esm	STAT	0010A16F	LoadScreenMudcrab		LoadScreenArt\LoadScreenMudcrab.nif
Skyrim.esm	STAT	0010B174	LoadScreenNMCoffin		Clutter\NightMother\NMCoffin01.nif
Skyrim.esm	STAT	0010BFB6	LoadScreenNMCoffin01		LoadScreenArt\LoadScreenNMCoffin01.nif
Skyrim.esm	STAT	0010B2CE	LoadScreenNocStatue		Clothes\Nocturnal\Statue.nif
Skyrim.esm	STAT	0010F18C	LoadScreenNord		LoadScreenArt\LoadScreenMaleNord.nif
Skyrim.esm	STAT	0010B177	LoadScreenNordPlateCuirass		Armor\NordPlate\Cuirass_GO.nif
Skyrim.esm	STAT	0010C6DC	LoadscreenOdahviing		LoadScreenArt\LoadscreenOdahviing.nif
Skyrim.esm	STAT	0010F12D	LoadScreenOrcishShield		Armor\Orcish\OrcishShield.nif
Skyrim.esm	STAT	0010D181	LoadScreenPotemasSkull		Clutter\Potema\PotemasSkull.nif
Skyrim.esm	STAT	0010950F	LoadScreenPotions01		LoadScreenArt\LoadScreenPotions01.nif
Skyrim.esm	STAT	0010E85C	LoadScreenReagent01		LoadScreenArt\LoadScreenReagent01.nif
Skyrim.esm	STAT	0010CDD3	LoadScreenRedguardMale		LoadScreenArt\LoadScreenMaleRedguard_1.nif
Skyrim.esm	STAT	0010CC2E	LoadScreenRiftenShield		Armor\StormCloaks\shield.nif
Skyrim.esm	STAT	0010C623	LoadScreenRunedStand01		LoadScreenArt\LoadScreenRunedStand01.nif
Skyrim.esm	STAT	0010A165	LoadScreenSabreCat		LoadScreenArt\LoadScreenSabreCat.nif
Skyrim.esm	STAT	0010E858	LoadScreenShopsMagic01		LoadScreenArt\LoadScreenShopsMagic01.nif
Skyrim.esm	STAT	00108D6C	LoadScreenShrineAkatosh		LoadScreenArt\LoadScreenShrineAkatosh.nif
Skyrim.esm	STAT	001091D9	LoadScreenShrineArkay		Clutter\Shrines\ShrineArkay.nif
Skyrim.esm	STAT	001091DA	LoadScreenShrineDibella		Clutter\Shrines\ShrineDibella.nif
Skyrim.esm	STAT	001091DB	LoadScreenShrineJulianos		Clutter\Shrines\ShrineJulianos.nif
Skyrim.esm	STAT	001091DC	LoadScreenShrineKynareth		Clutter\Shrines\ShrineKynareth.nif
Skyrim.esm	STAT	001091DD	LoadScreenShrineMara		Clutter\Shrines\ShrineMara.nif
Skyrim.esm	STAT	00109512	LoadScreenShrineOfAzura01		Clutter\Statues\ShrineOfAzura01.nif
Skyrim.esm	STAT	001091DE	LoadScreenShrineStendarr		Clutter\Shrines\ShrineStendarr.nif
Skyrim.esm	STAT	001091DF	LoadScreenShrineTalos		Clutter\Shrines\ShrineTalos.nif
Skyrim.esm	STAT	001091E0	LoadScreenShrineZenithar		Clutter\Shrines\ShrineZenithar.nif
Skyrim.esm	STAT	0010E859	LoadScreenSinister01		LoadScreenArt\LoadScreenSinister01.nif
Skyrim.esm	STAT	0010951B	LoadScreenSkeever		LoadScreenArt\LoadScreenSkeever.nif
Skyrim.esm	STAT	0010C6DD	LoadscreenSkeleton		LoadScreenArt\LoadscreenSkeleton.nif
Skyrim.esm	STAT	0010A164	LoadScreenSlaughterFish		LoadScreenArt\LoadScreenSlaughterFish.nif
Skyrim.esm	STAT	0010E85F	LoadScreenSmith01		LoadScreenArt\LoadScreenSmith01.nif
Skyrim.esm	STAT	0010CC32	LoadScreenSolitudeShield		LoadScreenArt\LoadScreenSolitudeShield.nif
Skyrim.esm	STAT	0010D18B	LoadScreenSoulGemGrand01		Clutter\SoulGem\SoulGemGrand01.nif
Skyrim.esm	STAT	0010CC31	LoadScreenSpellbreaker		Armor\Spellbreaker\Spellbreaker.nif
Skyrim.esm	STAT	0010D189	LoadScreenSpellTomeAlteration		LoadScreenArt\LoadScreenSpellTomeAlteration.nif
Skyrim.esm	STAT	0010D188	LoadScreenSpellTomeConjuration		LoadScreenArt\LoadScreenSpellTomeConjuration.nif
Skyrim.esm	STAT	0010D187	LoadScreenSpellTomeDestruction		LoadScreenArt\LoadScreenSpellTomeDestruction.nif
Skyrim.esm	STAT	0010D186	LoadScreenSpellTomeIllusion		LoadScreenArt\LoadScreenSpellTomeIllusion.nif
Skyrim.esm	STAT	0010D185	LoadScreenSpellTomeRestoration		LoadScreenArt\LoadScreenSpellTomeRestoration.nif
Skyrim.esm	STAT	0010951C	LoadScreenSphere		LoadScreenArt\LoadScreenSphere.nif
Skyrim.esm	STAT	0010BFC3	LoadscreenSpriggan		LoadScreenArt\LoadscreenSpriggan.nif
Skyrim.esm	STAT	0010A17B	LoadScreenStatueNamira		Clutter\Statues\StatueNamira.nif
Skyrim.esm	STAT	0010A17A	LoadScreenStatueofMeridia01		Clutter\Statues\StatueofMeridia01.nif
Skyrim.esm	STAT	0010C629	LoadScreenStatueYsgramor		LoadScreenArt\LoadScreenStatueYsgramor.nif
Skyrim.esm	STAT	0010951D	LoadScreenSteam		LoadScreenArt\LoadScreenSteam.nif
Skyrim.esm	STAT	0010F12E	LoadScreenSteelShield		Armor\Steel\Shield.nif
Skyrim.esm	STAT	0010D183	LoadscreenStormcloakHelmet		Armor\StormCloaks\HelmetGO.nif
Skyrim.esm	STAT	0010C61C	LoadscreenSwampDragon1		LoadScreenArt\LoadscreenSwampDragon1.nif
Skyrim.esm	STAT	0010D9B1	LoadScreenThalmorBoots		Clothes\Thalmor\ThalmorBootsGO.nif
Skyrim.esm	STAT	0010E85A	LoadScreenThief01		LoadScreenArt\LoadScreenThief01.nif
Skyrim.esm	STAT	0010B16A	LoadScreenThiefStone		Clutter\PowerShrines\PowerShrine01\ThiefStone.nif
Skyrim.esm	STAT	0010E861	LoadScreenTown01		LoadScreenArt\LoadScreenTown01.nif
Skyrim.esm	STAT	0010951E	LoadScreenTroll		LoadScreenArt\LoadScreenTroll.nif
Skyrim.esm	STAT	0010AB3A	LoadScreenTrollCave		LoadScreenArt\LoadScreenTrollCave.nif
Skyrim.esm	STAT	0010E70B	LoadscreenTrollClean		LoadScreenArt\LoadscreenTrollClean.nif
Skyrim.esm	STAT	0010E85D	LoadScreenWar01		LoadScreenArt\LoadScreenWar01.nif
Skyrim.esm	STAT	0010A17C	LoadScreenWerewolf		LoadScreenArt\LoadScreenWerewolf.nif
Skyrim.esm	STAT	0010CC39	LoadScreenWhiterunShield		LoadScreenArt\LoadScreenWhiterunShield.nif
Skyrim.esm	STAT	0010C618	LoadScreenWindCallerTomb01		LoadScreenArt\LoadScreenWCTomb01.nif
Skyrim.esm	STAT	0010CC38	LoadScreenWindhelmShield		LoadScreenArt\LoadScreenWindhelmShield.nif
Skyrim.esm	STAT	0010CC37	LoadScreenWinterholdShield		LoadScreenArt\LoadScreenWinterholdShield.nif
Skyrim.esm	STAT	0010A160	LoadScreenWolves		LoadScreenArt\LoadScreenWolves.nif
Skyrim.esm	STAT	00108D69	LoadScreenWRTempleTree02		LoadScreenArt\LoadScreenWRTempleTree02.nif
Skyrim.esm	STAT	0010AB43	MAGINVBoundWeapon		Magic\MAGINVBoundWeapon.nif
Skyrim.esm	STAT	0004E264	MAGINVFireballArt		Magic\FireballInvArt.nif
Skyrim.esm	STAT	0010EA46	MAGINVShoutFire		Magic\MAGINVShoutFire.nif
Skyrim.esm	STAT	0010EA47	MAGINVShoutPinkMagic		Magic\MAGINVShoutPinkMagic.nif
Skyrim.esm	STAT	00000010	MapMarker		Marker_Map.NIF
Skyrim.esm	STAT	0010EA43	MarkarthBanner01		Architecture\WhiteRun\WRClutter\WRJovaskrBanner01.nif
Skyrim.esm	STAT	0001E3A3	MeadBarrel01		Clutter\Meadery\MeadBarrel01.nif
Skyrim.esm	STAT	00045539	MineCBalconyShelf01		Dungeons\Mines\CaveBalcony\MineCBalconyShelf01.nif
Skyrim.esm	STAT	0004553A	MineCBalconyShelf02		Dungeons\Mines\CaveBalcony\MineCBalconyShelf02.nif
Skyrim.esm	STAT	00045607	MineCBoulderL01		Dungeons\Mines\Rocks\MineCBoulderL01.nif
Skyrim.esm	STAT	00045608	MineCBoulderL02		Dungeons\Mines\Rocks\MineCBoulderL02.nif
Skyrim.esm	STAT	000455F3	MineCBoulderL03		Dungeons\Mines\Rocks\MineCBoulderL03.nif
Skyrim.esm	STAT	000455F4	MineCBoulderL04		Dungeons\Mines\Rocks\MineCBoulderL04.nif
Skyrim.esm	STAT	000455F5	MineCBoulderL05		Dungeons\Mines\Rocks\MineCBoulderL05.nif
Skyrim.esm	STAT	000455F6	MineCBoulderM01		Dungeons\Mines\Rocks\MineCBoulderM01.nif
Skyrim.esm	STAT	000455F7	MineCBoulderM02		Dungeons\Mines\Rocks\MineCBoulderM02.nif
Skyrim.esm	STAT	000455F8	MineCBoulderM03		Dungeons\Mines\Rocks\MineCBoulderM03.nif
Skyrim.esm	STAT	000455F9	MineCBoulderM04		Dungeons\Mines\Rocks\MineCBoulderM04.nif
Skyrim.esm	STAT	000455FA	MineCBoulderPileS01		Dungeons\Mines\Rocks\MineCBoulderPileS01.nif
Skyrim.esm	STAT	000C54B3	MineCBoulderPileS01IceBlend		Dungeons\Mines\Rocks\MineCBoulderPileS01.nif
Skyrim.esm	STAT	000455FB	MineCBoulderPileS02		Dungeons\Mines\Rocks\MineCBoulderPileS02.nif
Skyrim.esm	STAT	000C54B0	MineCBoulderPileS02IceBlend		Dungeons\Mines\Rocks\MineCBoulderPileS02.nif
Skyrim.esm	STAT	000455FC	MineCBoulderS01		Dungeons\Mines\Rocks\MineCBoulderS01.nif
Skyrim.esm	STAT	000455FD	MineCBoulderS02		Dungeons\Mines\Rocks\MineCBoulderS02.nif
Skyrim.esm	STAT	000455FE	MineCBoulderS03		Dungeons\Mines\Rocks\MineCBoulderS03.nif
Skyrim.esm	STAT	000455FF	MineCDirtMound01		Dungeons\Mines\Rocks\MineCDirtMound01.nif
Skyrim.esm	STAT	00045600	MineCDirtMound02		Dungeons\Mines\Rocks\MineCDirtMound02.nif
Skyrim.esm	STAT	000411C5	MineCDirtMound02_snowBlend		Dungeons\Mines\Rocks\MineCDirtMound02.nif
Skyrim.esm	STAT	00045601	MineCDirtMound03		Dungeons\Mines\Rocks\MineCDirtMound03.nif
Skyrim.esm	STAT	00045602	MineCDirtMound04		Dungeons\Mines\Rocks\MineCDirtMound04.nif
Skyrim.esm	STAT	00045603	MineCDirtMound05		Dungeons\Mines\Rocks\MineCDirtMound05.nif
Skyrim.esm	STAT	00045604	MineCDirtMound06		Dungeons\Mines\Rocks\MineCDirtMound06.nif
Skyrim.esm	STAT	00045605	MineCDirtMound07		Dungeons\Mines\Rocks\MineCDirtMound07.nif
Skyrim.esm	STAT	00045606	MineCDirtMound08		Dungeons\Mines\Rocks\MineCDirtMound08.nif
Skyrim.esm	STAT	000411C6	MineCDirtMound08snowBlend		Dungeons\Mines\Rocks\MineCDirtMound08.nif
Skyrim.esm	STAT	00045659	MineCEBalconyShelf01		Dungeons\Mines\CaveEpicBalcony\MineCEBalconyShelf01.nif
Skyrim.esm	STAT	0004565A	MineCEBalconyShelf02		Dungeons\Mines\CaveEpicBalcony\MineCEBalconyShelf02.nif
Skyrim.esm	STAT	0003B4D9	MineralPoolBig01		Landscape\Volcanic\MineralPoolBig01.nif
Skyrim.esm	STAT	00052B86	MineralPoolSm01		Landscape\Volcanic\MineralPoolSm01.nif
Skyrim.esm	STAT	00042097	MineWoodplanks01		Dungeons\Mines\Clutter\MineWoodplanks01.nif
Skyrim.esm	STAT	0007711B	MineWoodplanks01ice		Dungeons\Mines\Clutter\MineWoodplanks01.nif
Skyrim.esm	STAT	000455AB	MineWoodplanks02		Dungeons\Mines\Clutter\MineWoodplanks02.nif
Skyrim.esm	STAT	00077120	MineWoodplanks02ice		Dungeons\Mines\Clutter\MineWoodplanks02.nif
Skyrim.esm	STAT	000455A6	MineWoodplanks03		Dungeons\Mines\Clutter\MineWoodplanks03.nif
Skyrim.esm	STAT	000455CA	MineWoodplanks04		Dungeons\Mines\Clutter\MineWoodplanks04.nif
Skyrim.esm	STAT	00077119	MineWoodplanks04ice		Dungeons\Mines\Clutter\MineWoodplanks04.nif
Skyrim.esm	STAT	000ADF38	MountainCliffSlopeFallForestDirt01		Landscape\Mountains\MountainCliffSlope.nif
Skyrim.esm	STAT	0005092A	MountainCliffSlopeFallForestGrass01		Landscape\Mountains\MountainCliffSlope.nif
Skyrim.esm	STAT	0006E043	MountainCliffSlopePineForest01		Landscape\Mountains\MountainCliffSlope.nif
Skyrim.esm	STAT	00095960	MountainCliffSlopePineForest02		Landscape\Mountains\MountainCliffSlope.nif
Skyrim.esm	STAT	000D37B6	MountainCliffSlopePineForest03		Landscape\Mountains\MountainCliffSlope.nif
Skyrim.esm	STAT	0006E129	MountainCliffSlopeRocks01		Landscape\Mountains\MountainCliffSlope.nif
Skyrim.esm	STAT	0006E1ED	MountainCliffSlopeSnowRocks01		Landscape\Mountains\MountainCliffSlope.nif
Skyrim.esm	STAT	0006E1AF	MountainCliffSlopeTundraRocks01		Landscape\Mountains\MountainCliffSlope.nif
Skyrim.esm	STAT	0007E903	MountainTrim01CoastBeachSnowRocks		Landscape\Mountains\MountainTrim01.nif
Skyrim.esm	STAT	000AF069	MountainTrim01FallForestDirt01		Landscape\Mountains\MountainTrim01.nif
Skyrim.esm	STAT	0005E928	MountainTrim01FallForestGrass01		Landscape\Mountains\MountainTrim01.nif
Skyrim.esm	STAT	000ADEC7	MountainTrim01FallForestRocks01		Landscape\Mountains\MountainTrim01.nif
Skyrim.esm	STAT	0005C09F	MountainTrim01PineForest01		Landscape\Mountains\MountainTrim01.nif
Skyrim.esm	STAT	00055036	MountainTrim01PineForest02		Landscape\Mountains\MountainTrim01.nif
Skyrim.esm	STAT	0004FDA9	MountainTrim01PineForest03		Landscape\Mountains\MountainTrim01.nif
Skyrim.esm	STAT	00041B07	MountainTrim01ReachMossyRocks01		Landscape\Mountains\MountainTrim01.nif
Skyrim.esm	STAT	0005D0DF	MountainTrim01RiverbedEdge01		Landscape\Mountains\MountainTrim01.nif
Skyrim.esm	STAT	00060820	MountainTrim01Rocks01		Landscape\Mountains\MountainTrim01.nif
Skyrim.esm	STAT	0006E1EC	MountainTrim01SnowRocks01_LightSN		Landscape\Mountains\MountainTrim01.nif
Skyrim.esm	STAT	0006144C	MountainTrim01TundraRocks01		Landscape\Mountains\MountainTrim01.nif
Skyrim.esm	STAT	000CE6AC	MountainTrim01WetRiverbedEdge01		Landscape\Mountains\MountainTrim01Wet.nif
Skyrim.esm	STAT	000F3E0A	MountainTrim01WetRocks01		Landscape\Mountains\MountainTrim01Wet.nif
Skyrim.esm	STAT	000B27AF	MountainTrim02FallForestDirt01		Landscape\Mountains\MountainTrim02.nif
Skyrim.esm	STAT	000B27B0	MountainTrim02FallForestGrass01		Landscape\Mountains\MountainTrim02.nif
Skyrim.esm	STAT	00052EF2	MountainTrim02PineForest01		Landscape\Mountains\MountainTrim02.nif
Skyrim.esm	STAT	00052EE9	MountainTrim02PineForest02		Landscape\Mountains\MountainTrim02.nif
Skyrim.esm	STAT	0007AAD3	MountainTrim02ReachMossyRocks01		Landscape\Mountains\MountainTrim02.nif
Skyrim.esm	STAT	0005D095	MountainTrim02RiverbedEdge01		Landscape\Mountains\MountainTrim02.nif
Skyrim.esm	STAT	0006081F	MountainTrim02Rocks01		Landscape\Mountains\MountainTrim02.nif
Skyrim.esm	STAT	0005C10C	MountainTrim02Rocks01_LightSN		Landscape\Mountains\MountainTrim02.nif
Skyrim.esm	STAT	000930C6	MountainTrim02TundraRocks01		Landscape\Mountains\MountainTrim02.nif
Skyrim.esm	STAT	000CE6AD	MountainTrim02WetRiverbedEdge01		Landscape\Mountains\MountainTrim02Wet.nif
Skyrim.esm	STAT	000B8CB9	MountainTrim03FallForestDirt01		Landscape\Mountains\MountainTrim03.nif
Skyrim.esm	STAT	000B6043	MountainTrim03PineForest02		Landscape\Mountains\MountainTrim03.nif
Skyrim.esm	STAT	000E6E23	MountainTrim03Rocks01		Landscape\Mountains\MountainTrim03.nif
Skyrim.esm	STAT	000B23C4	MountainTrim03SnowRocks_LightSN		Landscape\Mountains\MountainTrim03.nif
Skyrim.esm	STAT	000F0A0E	MQ305DragonPriestStaffStatic		Weapons\MQDragonPriest\MQ_Static.nif
Skyrim.esm	STAT	000E9323	MrkAlchemySign		Architecture\Markarth\MrkAlchemySign.nif
Skyrim.esm	STAT	0006D2E9	MrkApoth01		Architecture\Markarth\MrkApoth01.nif
Skyrim.esm	STAT	000B39F1	MrkApothStairs02		Architecture\Markarth\MrkApothStairs02.nif
Skyrim.esm	STAT	000B39F0	MrkApothStairs03		Architecture\Markarth\MrkApothStairs03.nif
Skyrim.esm	STAT	00100D15	MrkBrazierHanging01		Architecture\Markarth\MrkBrazierHanging01.nif
Skyrim.esm	STAT	00100D1E	MrkBrazierHanging02		Architecture\Markarth\MrkBrazierHanging02.nif
Skyrim.esm	STAT	00102EA8	MrkBrazierHangingDeco01		Architecture\Markarth\MrkBrazierHangingDeco01.nif
Skyrim.esm	STAT	000E9313	MrkDocksideGallows04rock01		Architecture\Markarth\MrkDocksideGallows04rock01.nif
Skyrim.esm	STAT	000E9314	MrkDocksideGallows04rock02		Architecture\Markarth\MrkDocksideGallows04rock02.nif
Skyrim.esm	STAT	000C78A7	MrkDocksideOverseersRock01		Architecture\Markarth\MrkDocksideOverseersRock01.nif
Skyrim.esm	STAT	000B39E7	MrkDwemerRuinsArches01		Architecture\Markarth\MrkDwemerRuinsArches01.nif
Skyrim.esm	STAT	000B39E8	MrkDwemerRuinsColms01		Architecture\Markarth\MrkDwemerRuinsColms01.nif
Skyrim.esm	STAT	000B39E6	MrkDwemerRuinsEntr01		Architecture\Markarth\MrkDwemerRuinsEntr01.nif
Skyrim.esm	STAT	000B39E5	MrkDwemerRuinsEntr02		Architecture\Markarth\MrkDwemerRuinsEntr02.nif
Skyrim.esm	STAT	000B39E9	MrkDwemerRuinsGround01		Architecture\Markarth\MrkDwemerRuinsGround01.nif
Skyrim.esm	STAT	000B8AE1	MrkDwemerRuinsGround01rocks01		Architecture\Markarth\MrkDwemerRuinsGround01rocks01.nif
Skyrim.esm	STAT	000BBAC2	MrkFrontWallDam01IntRock01		Architecture\Markarth\MrkFrontWallDam01IntRock01.nif
Skyrim.esm	STAT	000B3A9C	MrkKeepWaterfall01		Architecture\Markarth\MrkKeepWaterfall.nif
Skyrim.esm	STAT	000B39F5	MrkMillRocks01		Architecture\Markarth\MrkMillRocks01.nif
Skyrim.esm	STAT	000B39F4	MrkMillRocks02		Architecture\Markarth\MrkMillRocks02.nif
Skyrim.esm	STAT	000B39F3	MrkMillRocks03		Architecture\Markarth\MrkMillRocks03.nif
Skyrim.esm	STAT	000B8C68	MrkMillRocks04		Architecture\Markarth\MrkMillRocks04.nif
Skyrim.esm	STAT	000B39F6	MrkMillRocks05		Architecture\Markarth\MrkMillRocks05.nif
Skyrim.esm	STAT	000C421B	MrkSilverfishInnPart03rocks		Architecture\Markarth\MrkSilverfishInnPart03rocks.nif
Skyrim.esm	STAT	00092C95	MrkStablesLft01		Dungeons\Dwemer\Clutter\MrkStablesLft01.nif
Skyrim.esm	STAT	00092C94	MrkStablesMid01		Dungeons\Dwemer\Clutter\MrkStablesMid01.nif
Skyrim.esm	STAT	000A7224	MrkStablesMidDoorway01		Dungeons\Dwemer\Clutter\MrkStablesMidDoorway01.nif
Skyrim.esm	STAT	00092C96	MrkStablesRt01		Dungeons\Dwemer\Clutter\MrkStablesRt01.nif
Skyrim.esm	STAT	00025D96	MrkTempleCrag02Rocks01		Architecture\Markarth\MrkTempleCrag02Rocks01.nif
Skyrim.esm	STAT	00037A78	MrkTempleCrag02Rocks02		Architecture\Markarth\MrkTempleCrag02Rocks02.nif
Skyrim.esm	STAT	000C4219	MrkTempleCragSteps02rocks		Architecture\Markarth\MrkTempleCragSteps02rocks.nif
Skyrim.esm	STAT	000B7965	MrkWarrensArch01Rocks01		Architecture\Markarth\MrkWarrensArch01Rocks01.nif
Skyrim.esm	STAT	000B8C66	MrkWarrensArch01Rocks02		Architecture\Markarth\MrkWarrensArch01Rocks02.nif
Skyrim.esm	STAT	000C4217	MrkWarrensCliffs02rocks		Architecture\Markarth\MrkWarrensCliffs02rocks.nif
Skyrim.esm	STAT	00060363	MS06FinalePotemaMarker		MarkerXHeading.nif
Skyrim.esm	STAT	000CA2F4	MS06NecromanticAltarStatic		Clutter\Quest\MS06NecromanticAltar.nif
Skyrim.esm	STAT	000E0DDC	MS06PotemaBorder		Dungeons\Nordic\PotemaBorder.nif
Skyrim.esm	STAT	00074774	MS11UnholyAltar01		Clutter\Quest\MS11UnholyAltar.nif
Skyrim.esm	STAT	000B11D9	NightingaleBannerAnim01		Clutter\Nightingale\NightingaleBannerAnim01.nif
Skyrim.esm	STAT	000B11DF	NightingaleBannerAnim02		Clutter\Nightingale\NightingaleBannerAnim02.nif
Skyrim.esm	STAT	000B11E2	NightingaleBannerAnim03		Clutter\Nightingale\NightingaleBannerAnim03.nif
Skyrim.esm	STAT	000B11E4	NightingaleBannerAnim04		Clutter\Nightingale\NightingaleBannerAnim04.nif
Skyrim.esm	STAT	00104FEE	NobleBench04STATIC		Furniture\Noble\NobleBench04.nif
Skyrim.esm	STAT	000C7CB4	NobleChair01Static		Furniture\Noble\NobleChair01.nif
Skyrim.esm	STAT	0006E0C0	NobleChair02Static		Furniture\Noble\NobleChair02.nif
Skyrim.esm	STAT	000C29D8	NobleChestBack		Furniture\Noble\NobleChestBack.nif
Skyrim.esm	STAT	000C29D9	NobleChestDrawersShelf01		Furniture\Noble\NobleChestDrawersShelf01.nif
Skyrim.esm	STAT	000C29DA	NobleCornerShelf		Furniture\Noble\NobleCornerShelf.nif
Skyrim.esm	STAT	000C6CBA	NobleCrate01		Furniture\Noble\NobleCrate01.nif
Skyrim.esm	STAT	000C6CBC	NobleCrate02		Furniture\Noble\NobleCrate02.nif
Skyrim.esm	STAT	000D4EE1	NobleCrate03		Furniture\Noble\NobleCrate03.nif
Skyrim.esm	STAT	000D4EE0	NobleCrate04		Furniture\Noble\NobleCrate04.nif
Skyrim.esm	STAT	000D70EC	NobleDesk01		Furniture\Noble\NobleDesk01.nif
Skyrim.esm	STAT	000D70ED	NobleDesk02		Furniture\Noble\NobleDesk02.nif
Skyrim.esm	STAT	000D5ACF	NobleEndTable01		Furniture\Noble\NobleEndTable01.nif
Skyrim.esm	STAT	000D5ACE	NobleEndTable02		Furniture\Noble\NobleEndTable02.nif
Skyrim.esm	STAT	000D5AD0	NobleEndTable03		Furniture\Noble\NobleEndTable03.nif
Skyrim.esm	STAT	000D5AD1	NobleEndTable04		Furniture\Noble\NobleEndTable04.nif
Skyrim.esm	STAT	000C6CB5	NobleRack01		Furniture\Noble\NobleNobleRack01.nif
Skyrim.esm	STAT	0006B2AF	NobleShelf01		Furniture\Noble\NobleShelf01.nif
Skyrim.esm	STAT	000C29DB	NobleShelf02		Furniture\Noble\NobleShelf02.nif
Skyrim.esm	STAT	000C29DC	NobleShelf03		Furniture\Noble\NobleShelf03.nif
Skyrim.esm	STAT	000C29F5	NobleShelf04		Furniture\Noble\NobleShelf04.nif
Skyrim.esm	STAT	000C8471	NobleShelf05		Furniture\Noble\NobleShelf05.nif
Skyrim.esm	STAT	0008C4B1	NobleTableLong01		Furniture\Noble\NobleTableLong01.nif
Skyrim.esm	STAT	000E29F4	NobleTableLong01ClothWR01		Architecture\WhiteRun\WRClutter\NobleTableLong01ClothWR01.nif
Skyrim.esm	STAT	000C1113	NobleTableLong02		Furniture\Noble\NobleTableLong02.nif
Skyrim.esm	STAT	000C1114	NobleTableLong03		Furniture\Noble\NobleTableLong03.nif
Skyrim.esm	STAT	000DEE13	NobleTableLong03ClothWR01		Architecture\WhiteRun\WRClutter\NobleTableLong03ClothWR01.nif
Skyrim.esm	STAT	000C29DF	NobleTableLong04		Furniture\Noble\NobleTableLong04.nif
Skyrim.esm	STAT	000C29E0	NobleTableLow01		Furniture\Noble\NobleTableLow01.nif
Skyrim.esm	STAT	000C57AA	NobleTableLow02		Furniture\Noble\NobleTableLow02.nif
Skyrim.esm	STAT	000C29DE	NobleTableRound01		Furniture\Noble\NobleTableRaound01.nif
Skyrim.esm	STAT	0006B28D	NobleTableShort01		Furniture\Noble\NobleTableShort01.nif
Skyrim.esm	STAT	000D4A2C	NobleTableSquare01		Furniture\Noble\NobleTableSquare01.nif
Skyrim.esm	STAT	000DEE3C	NobleTableSquare01ClothWR01		Architecture\WhiteRun\WRClutter\NobleTableSquare01ClothWR01.nif
Skyrim.esm	STAT	000C4D58	NobleTableThin01		Furniture\Noble\NobleTableThin01.nif
Skyrim.esm	STAT	000C4BE5	NobleWallShelf01		Furniture\Noble\NobleWallShelf01.nif
Skyrim.esm	STAT	000C4BE3	NobleWallShelf02		Furniture\Noble\NobleWallShelf02.nif
Skyrim.esm	STAT	000C4BBE	NobleWashBasin01		Furniture\Noble\NobleWashBasin01.nif
Skyrim.esm	STAT	000E72F6	NocturnalAltar01		Clutter\Nocturnal\NocturnalAltar01.nif
Skyrim.esm	STAT	000FFF4F	NocturnalBasin		Clutter\Statues\NocturnalBasin.nif
Skyrim.esm	STAT	000EDF35	NocturnalsChamberShaftCap01		Clutter\BlackPool\BlackPoolChamber\NocturnalsChamberShaftCap01.nif
Skyrim.esm	STAT	000A467A	NocturnalsChamberWall01		Clutter\BlackPool\BlackPoolChamber\NocturnalsChamberWall01.nif
Skyrim.esm	STAT	000ACAA1	NorAnteChamber01		Dungeons\Nordic\Chambers\NorAnteChamber01.nif
Skyrim.esm	STAT	000B10DB	NorAnteChamber01a		Dungeons\Nordic\Chambers\NorAnteChamber01a.nif
Skyrim.esm	STAT	00052570	NorBookPedestal		Furniture\Nordic\RuinsBookPedestal.nif
Skyrim.esm	STAT	000D55DB	NorBookPedestal_Snow		Furniture\Nordic\RuinsBookPedestal.nif
Skyrim.esm	STAT	0001C2DA	NorBridge1way01x256		Dungeons\Nordic\Bridges\NorBridge1way01x256.nif
Skyrim.esm	STAT	00061BCF	NorBridge1way01x256ice		Dungeons\Nordic\Bridges\NorBridge1way01x256.nif
Skyrim.esm	STAT	0001C2DB	NorBridge1way01x512		Dungeons\Nordic\Bridges\NorBridge1way01x512.nif
Skyrim.esm	STAT	00061BCD	NorBridge1way01x512ice		Dungeons\Nordic\Bridges\NorBridge1way01x512.nif
Skyrim.esm	STAT	0008230D	NorBridge1way01x512snow		Dungeons\Nordic\Bridges\NorBridge1way01x512.nif
Skyrim.esm	STAT	0001C2DE	NorBridge1way02x256		Dungeons\Nordic\Bridges\NorBridge1way02x256.nif
Skyrim.esm	STAT	00060F1B	NorBridge1way02x256ice		Dungeons\Nordic\Bridges\NorBridge1way02x256.nif
Skyrim.esm	STAT	000A464C	NorBridge1way02x256sn_light		Dungeons\Nordic\Bridges\NorBridge1way02x256.nif
Skyrim.esm	STAT	0001C2E6	NorBridge1wayEndCap01		Dungeons\Nordic\Bridges\NorBridge1wayEndCap01.nif
Skyrim.esm	STAT	0001C2E0	NorBridge1wayEndCap02		Dungeons\Nordic\Bridges\NorBridge1wayEndCap02.nif
Skyrim.esm	STAT	00060F1C	NorBridge1wayEndCap02ice		Dungeons\Nordic\Bridges\NorBridge1wayEndCap02.nif
Skyrim.esm	STAT	000A464D	NorBridge1wayEndCap02sn_light		Dungeons\Nordic\Bridges\NorBridge1wayEndCap02.nif
Skyrim.esm	STAT	0001C2D9	NorBridge1wayEndCapFree01		Dungeons\Nordic\Bridges\NorBridge1wayEndCapFree01.nif
Skyrim.esm	STAT	0009D2BB	NorBridge1wayEndCapFree01Ice		Dungeons\Nordic\Bridges\NorBridge1wayEndCapFree01.nif
Skyrim.esm	STAT	0001C2E7	NorBridge1waySup02x256		Dungeons\Nordic\Bridges\NorBridge1waySup02x256.nif
Skyrim.esm	STAT	00034014	NorBridgeCage01x256a		Dungeons\Nordic\Bridges\NorBridgeCage01x256a.nif
Skyrim.esm	STAT	00034015	NorBridgeCage01x256c		Dungeons\Nordic\Bridges\NorBridgeCage01x256c.nif
Skyrim.esm	STAT	000330C3	NorBridgeCage01x512a		Dungeons\Nordic\Bridges\NorBridgeCage01x512a.nif
Skyrim.esm	STAT	000330C2	NorBridgeCage01x512b		Dungeons\Nordic\Bridges\NorBridgeCage01x512b.nif
Skyrim.esm	STAT	00034016	NorBridgeCage01x512c		Dungeons\Nordic\Bridges\NorBridgeCage01x512c.nif
Skyrim.esm	STAT	000330BF	NorBridgeCage02a		Dungeons\Nordic\Bridges\NorBridgeCage02a.nif
Skyrim.esm	STAT	0010AA26	NorBridgeCage02aIce		Dungeons\Nordic\Bridges\NorBridgeCage02a.nif
Skyrim.esm	STAT	0009A851	NorBridgeCage02aSnow		Dungeons\Nordic\Bridges\NorBridgeCage02a.nif
Skyrim.esm	STAT	00034017	NorBridgeCage02b		Dungeons\Nordic\Bridges\NorBridgeCage02b.nif
Skyrim.esm	STAT	00034018	NorBridgeCage02c		Dungeons\Nordic\Bridges\NorBridgeCage02c.nif
Skyrim.esm	STAT	0003444F	NorBridgeCageEndCap01		Dungeons\Nordic\Bridges\NorBridgeCageEndCap01.nif
Skyrim.esm	STAT	00034019	NorBridgeCageMid01		Dungeons\Nordic\Bridges\NorBridgeCageMid01.nif
Skyrim.esm	STAT	0003401A	NorBridgeCageMid02		Dungeons\Nordic\Bridges\NorBridgeCageMid02.nif
Skyrim.esm	STAT	00034032	NorBridgeCageMidCap01		Dungeons\Nordic\Bridges\NorBridgeCageMidCap01.nif
Skyrim.esm	STAT	0001C2E8	NorBridgeMid01		Dungeons\Nordic\Bridges\NorBridgeMid01.nif
Skyrim.esm	STAT	0001C2EA	NorBridgeMid02		Dungeons\Nordic\Bridges\NorBridgeMid02.nif
Skyrim.esm	STAT	00060F19	NorBridgeMid02ice		Dungeons\Nordic\Bridges\NorBridgeMid02.nif
Skyrim.esm	STAT	0001C2EB	NorBridgeMid03		Dungeons\Nordic\Bridges\NorBridgeMid03.nif
Skyrim.esm	STAT	00065CB3	NorBridgeMid03_HeavySN		Dungeons\Nordic\Bridges\NorBridgeMid03.nif
Skyrim.esm	STAT	000DBFF4	NorBridgeMid03Ice		Dungeons\Nordic\Bridges\NorBridgeMid03.nif
Skyrim.esm	STAT	0001C385	NorBridgeMid04		Dungeons\Nordic\Bridges\NorBridgeMid04.nif
Skyrim.esm	STAT	00065CBF	NorBridgeMid04_HeavySN		Dungeons\Nordic\Bridges\NorBridgeMid04.nif
Skyrim.esm	STAT	0001C2E9	NorBridgeMid1way01		Dungeons\Nordic\Bridges\NorBridgeMid1way01.nif
Skyrim.esm	STAT	00061884	NorBridgeMid1way01ice		Dungeons\Nordic\Bridges\NorBridgeMid1way01.nif
Skyrim.esm	STAT	0001C2DD	NorBridgeMid1way02		Dungeons\Nordic\Bridges\NorBridgeMid1way02.nif
Skyrim.esm	STAT	00060F1A	NorBridgeMid1way02ice		Dungeons\Nordic\Bridges\NorBridgeMid1way02.nif
Skyrim.esm	STAT	0008230E	NorBridgeMid1way02Snow		Dungeons\Nordic\Bridges\NorBridgeMid1way02.nif
Skyrim.esm	STAT	0002BE3D	NorBridgeMidStair01		Dungeons\Nordic\Bridges\NorBridgeMidStair01.nif
Skyrim.esm	STAT	000825D6	NorBridgeMidStair01SnowLt		Dungeons\Nordic\Bridges\NorBridgeMidStair01.nif
Skyrim.esm	STAT	0002BE40	NorBridgeMidStair02		Dungeons\Nordic\Bridges\NorBridgeMidStair02.nif
Skyrim.esm	STAT	0001C2EC	NorBridgePitWallFront01		Dungeons\Nordic\Bridges\NorBridgePitWallFront01.nif
Skyrim.esm	STAT	0001C395	NorBridgePitWallFront01ExSm02		Dungeons\Nordic\Bridges\NorBridgePitWallFront01ExSm02.nif
Skyrim.esm	STAT	00061863	NorBridgePitWallFront01ice		Dungeons\Nordic\Bridges\NorBridgePitWallFront01.nif
Skyrim.esm	STAT	0001C2E1	NorBridgePitWallFront02		Dungeons\Nordic\Bridges\NorBridgePitWallFront02.nif
Skyrim.esm	STAT	0001C394	NorBridgePitWallFront02ExSm02		Dungeons\Nordic\Bridges\NorBridgePitWallFront02ExSm02.nif
Skyrim.esm	STAT	0008B069	NorBridgePitWallFront02ice		Dungeons\Nordic\Bridges\NorBridgePitWallFront02.nif
Skyrim.esm	STAT	0001D4AF	NorBridgePitWallFront03		Dungeons\Nordic\Bridges\NorBridgePitWallFront03.nif
Skyrim.esm	STAT	0001C2ED	NorBridgePitWallSide01		Dungeons\Nordic\Bridges\NorBridgePitWallSide01.nif
Skyrim.esm	STAT	0001C392	NorBridgePitWallSide01ExSm02		Dungeons\Nordic\Bridges\NorBridgePitWallSide01ExSm02.nif
Skyrim.esm	STAT	0001C2DF	NorBridgePitWallSide02		Dungeons\Nordic\Bridges\NorBridgePitWallSide02.nif
Skyrim.esm	STAT	0001C393	NorBridgePitWallSide02ExSm02		Dungeons\Nordic\Bridges\NorBridgePitWallSide02ExSm02.nif
Skyrim.esm	STAT	0001D4B0	NorBridgePitWallSide03		Dungeons\Nordic\Bridges\NorBridgePitWallSide03.nif
Skyrim.esm	STAT	0001C62D	NorBridgeRmBgWallFront02ExSm02		Dungeons\Nordic\Bridges\NorBridgeRmBgWallFront02ExSm02.nif
Skyrim.esm	STAT	0009D2BA	NorBridgeRmBgWallFront02ExSm02Ice		Dungeons\Nordic\Bridges\NorBridgeRmBgWallFront02ExSm02.nif
Skyrim.esm	STAT	0001C2EE	NorBridgeRmBgWallFrontExSm01		Dungeons\Nordic\Bridges\NorBridgeRmBgWallFrontExSm01.nif
Skyrim.esm	STAT	0001C2E2	NorBridgeRmBgWallFrontExSm02		Dungeons\Nordic\Bridges\NorBridgeRmBgWallFrontExSm02.nif
Skyrim.esm	STAT	00065CB5	NorBridgeRmBgWallFrontExSm02_HeavySN		Dungeons\Nordic\Bridges\NorBridgeRmBgWallFrontExSm02.nif
Skyrim.esm	STAT	00061C83	NorBridgeRmBgWallFrontExSm02ice		Dungeons\Nordic\Bridges\NorBridgeRmBgWallFrontExSm02.nif
Skyrim.esm	STAT	0001C62C	NorBridgeRmBgWallSide02ExSm02		Dungeons\Nordic\Bridges\NorBridgeRmBgWallSide02ExSm02.nif
Skyrim.esm	STAT	0001C2EF	NorBridgeRmBgWallSideExSm01		Dungeons\Nordic\Bridges\NorBridgeRmBgWallSideExSm01.nif
Skyrim.esm	STAT	0001C2DC	NorBridgeRmBgWallSideExSm02		Dungeons\Nordic\Bridges\NorBridgeRmBgWallSideExSm02.nif
Skyrim.esm	STAT	000302C8	NorBridgeWoodPlanks01		Dungeons\Nordic\Bridges\NorBridgeWoodPlanks01.nif
Skyrim.esm	STAT	000228FC	NorBridgeWoodPlanks01snow		Dungeons\Nordic\Bridges\NorBridgeWoodPlanks01.nif
Skyrim.esm	STAT	000302C7	NorBridgeWoodPlanks02		Dungeons\Nordic\Bridges\NorBridgeWoodPlanks02.nif
Skyrim.esm	STAT	000C2625	NorBridgeWoodPlanks02Snow		Dungeons\Nordic\Bridges\NorBridgeWoodPlanks02.nif
Skyrim.esm	STAT	000B782A	NorBurialShaft01		Dungeons\Nordic\Chambers\NorBurialShaft01.nif
Skyrim.esm	STAT	0002A5F5	NorCatHallBg1way01		Dungeons\Nordic\Catacombs\BgHalls\NorCatHallBg1way01.nif
Skyrim.esm	STAT	000861AA	NorCatHallBg1way02		Dungeons\Nordic\Catacombs\BgHalls\NorCatHallBg1way02.nif
Skyrim.esm	STAT	00035B8B	NorCatHallBg1wayEndCap01		Dungeons\Nordic\Catacombs\BgHalls\NorCatHallBg1wayEndCap01.nif
Skyrim.esm	STAT	00035B90	NorCatHallBg1wayEndCapExSm01		Dungeons\Nordic\Catacombs\BgHalls\NorCatHallBg1wayEndCapExSm01.nif
Skyrim.esm	STAT	0010AA28	NorCatHallBg1wayEndCapExSm01Ice		Dungeons\Nordic\Catacombs\BgHalls\NorCatHallBg1wayEndCapExSm01.nif
Skyrim.esm	STAT	0010AADA	NorCatHallBg1wayEndCapExSm01LightIce		Dungeons\Nordic\Catacombs\BgHalls\NorCatHallBg1wayEndCapExSm01.nif
Skyrim.esm	STAT	000A07CC	NorCatHallBg1wayEndCapExSm01Snow		Dungeons\Nordic\Catacombs\BgHalls\NorCatHallBg1wayEndCapExSm01.nif
Skyrim.esm	STAT	000A0841	NorCatHallBg1wayEndCapExSm01SnowLight		Dungeons\Nordic\Catacombs\BgHalls\NorCatHallBg1wayEndCapExSm01.nif
Skyrim.esm	STAT	00106D09	NorCatHallBg1wayEndCapExSm02		Dungeons\Nordic\Catacombs\BgHalls\NorCatHallBg1wayEndCapExSm02.nif
Skyrim.esm	STAT	00037B8F	NorCatHallBg1wayRamp256		Dungeons\Nordic\Catacombs\BgHalls\NorCatHallBg1wayRamp256.nif
Skyrim.esm	STAT	0010AA29	NorCatHallBg1wayRamp256Ice		Dungeons\Nordic\Catacombs\BgHalls\NorCatHallBg1wayRamp256.nif
Skyrim.esm	STAT	0010AADB	NorCatHallBg1wayRamp256LightIce		Dungeons\Nordic\Catacombs\BgHalls\NorCatHallBg1wayRamp256.nif
Skyrim.esm	STAT	000A0840	NorCatHallBg1wayRamp256LtSnow		Dungeons\Nordic\Catacombs\BgHalls\NorCatHallBg1wayRamp256.nif
Skyrim.esm	STAT	000A083D	NorCatHallBg1wayRamp256Snow		Dungeons\Nordic\Catacombs\BgHalls\NorCatHallBg1wayRamp256.nif
Skyrim.esm	STAT	00037B90	NorCatHallBg1wayStairs256		Dungeons\Nordic\Catacombs\BgHalls\NorCatHallBg1wayStairs256.nif
Skyrim.esm	STAT	00035CB7	NorCatHallBg2way01		Dungeons\Nordic\Catacombs\BgHalls\NorCatHallBg2way01.nif
Skyrim.esm	STAT	00035D00	NorCatHallBg3way01		Dungeons\Nordic\Catacombs\BgHalls\NorCatHallBg3way01.nif
Skyrim.esm	STAT	000861A9	NorCatHallBg3way02		Dungeons\Nordic\Catacombs\BgHalls\NorCatHallBg3way02.nif
Skyrim.esm	STAT	00035D5C	NorCatHallBg4way01		Dungeons\Nordic\Catacombs\BgHalls\NorCatHallBg4way01.nif
Skyrim.esm	STAT	0001843A	NorCatHallSm1way01		Dungeons\Nordic\Catacombs\SmHalls\NorCatHallSm1way01.nif
Skyrim.esm	STAT	00018BAA	NorCatHallSm1way02		Dungeons\Nordic\Catacombs\SmHalls\NorCatHallSm1way02.nif
Skyrim.esm	STAT	00018BAB	NorCatHallSm1way03		Dungeons\Nordic\Catacombs\SmHalls\NorCatHallSm1way03.nif
Skyrim.esm	STAT	00018BAC	NorCatHallSm1wayEndCap01		Dungeons\Nordic\Catacombs\SmHalls\NorCatHallSm1wayEndCap01.nif
Skyrim.esm	STAT	00018BAD	NorCatHallSm1wayEndCapExSm01		Dungeons\Nordic\Catacombs\SmHalls\NorCatHallSm1wayEndCapExSm01.nif
Skyrim.esm	STAT	0010AADC	NorCatHallSm1wayEndCapExSm01LightIce		Dungeons\Nordic\Catacombs\SmHalls\NorCatHallSm1wayEndCapExSm01.nif
Skyrim.esm	STAT	00018DEB	NorCatHallSm1wayExtension01		Dungeons\Nordic\Catacombs\SmHalls\NorCatHallSm1wayExtension01.nif
Skyrim.esm	STAT	0001843B	NorCatHallSm2way01		Dungeons\Nordic\Catacombs\SmHalls\NorCatHallSm2way01.nif
Skyrim.esm	STAT	0010AADD	NorCatHallSm2way01LightIce		Dungeons\Nordic\Catacombs\SmHalls\NorCatHallSm2way01.nif
Skyrim.esm	STAT	00018BAE	NorCatHallSm3way01		Dungeons\Nordic\Catacombs\SmHalls\NorCatHallSm3way01.nif
Skyrim.esm	STAT	00018BAF	NorCatHallSm3way02		Dungeons\Nordic\Catacombs\SmHalls\NorCatHallSm3way02.nif
Skyrim.esm	STAT	00018BB0	NorCatHallSm4way01		Dungeons\Nordic\Catacombs\SmHalls\NorCatHallSm4way01.nif
Skyrim.esm	STAT	00018BB1	NorCatHallSm4way02		Dungeons\Nordic\Catacombs\SmHalls\NorCatHallSm4way02.nif
Skyrim.esm	STAT	0002E6C4	NorChamberCustom01		Dungeons\Nordic\Chambers\NorChamberCustom01.nif
Skyrim.esm	STAT	0002E81C	NorChamberCustom02		Dungeons\Nordic\Chambers\NorChamberCustom02.nif
Skyrim.esm	STAT	0002E81D	NorChamberRitual01		Dungeons\Nordic\Chambers\NorChamberRitual01.nif
Skyrim.esm	STAT	001056FF	NordicMetalGrateX01		Dungeons\Nordic\Clutter\NordicMetalGrateX01.nif
Skyrim.esm	STAT	000C226A	NorDoorMediumSTATIC		Dungeons\Nordic\Doors\Animated\MediumDoor\RuinsMediumDoor01.nif
Skyrim.esm	STAT	00039DF9	NorDragonStatue01		Dungeons\Nordic\RuinsDragonStatue01.nif
Skyrim.esm	STAT	000EC321	NorDragonStatue01_ice		Dungeons\Nordic\RuinsDragonStatue01.nif
Skyrim.esm	STAT	000A46AE	NorDragonStatue01sn_light		Dungeons\Nordic\RuinsDragonStatue01.nif
Skyrim.esm	STAT	00035AF1	NorDragonStatue01snow		Dungeons\Nordic\RuinsDragonStatue01.nif
Skyrim.esm	STAT	00039DFB	NorDragonStatueBend01		Dungeons\Nordic\RuinsDragonStatue02.nif
Skyrim.esm	STAT	00039DFF	NorDragonStatueBend02		Dungeons\Nordic\RuinsDragonStatue03.nif
Skyrim.esm	STAT	0003A15E	NorDragonStatueMetal01		Dungeons\Nordic\RuinsDragonStatueMetal01.nif
Skyrim.esm	STAT	00077118	NorDragonStatueMetal01ice		Dungeons\Nordic\RuinsDragonStatueMetal01.nif
Skyrim.esm	STAT	0005DFE5	NorDragonStatueMetal01Snow		Dungeons\Nordic\RuinsDragonStatueMetal01.nif
Skyrim.esm	STAT	000D85E9	NorDragonStatueMetal01Sulfur		Dungeons\Nordic\RuinsDragonStatueMetal01.nif
Skyrim.esm	STAT	0003A160	NorDragonStatueMetal02		Dungeons\Nordic\RuinsDragonStatueMetal02.nif
Skyrim.esm	STAT	00066B13	NorDragonStatueMetal02ice		Dungeons\Nordic\RuinsDragonStatueMetal02.nif
Skyrim.esm	STAT	0005DFE4	NorDragonStatueMetal02Snow		Dungeons\Nordic\RuinsDragonStatueMetal02.nif
Skyrim.esm	STAT	000D85EA	NorDragonStatueMetal02Sulfur		Dungeons\Nordic\RuinsDragonStatueMetal02.nif
Skyrim.esm	STAT	0003A162	NorDragonStatueMetal03		Dungeons\Nordic\RuinsDragonStatueMetal03.nif
Skyrim.esm	STAT	0005DFE6	NorDragonStatueMetal03Snow		Dungeons\Nordic\RuinsDragonStatueMetal03.nif
Skyrim.esm	STAT	00046ED1	NorDwelling01ExtBaseA		Dungeons\Nordic\Exterior\Dwellings\NorDwelling01ExtBaseA.nif
Skyrim.esm	STAT	00046ED2	NorDwelling01ExtBaseB		Dungeons\Nordic\Exterior\Dwellings\NorDwelling01ExtBaseB.nif
Skyrim.esm	STAT	00046ED3	NorDwelling01ExtCourtA		Dungeons\Nordic\Exterior\Dwellings\NorDwelling01ExtCourtA.nif
Skyrim.esm	STAT	000A343D	NorDwelling01ExtCourtAWin01		Dungeons\Nordic\Exterior\Dwellings\NorDwelling01ExtCourtAWin01.nif
Skyrim.esm	STAT	00046ED4	NorDwelling01ExtCourtB		Dungeons\Nordic\Exterior\Dwellings\NorDwelling01ExtCourtB.nif
Skyrim.esm	STAT	00046ED5	NorDwelling01ExtCourtCap01		Dungeons\Nordic\Exterior\Dwellings\NorDwelling01ExtCourtCap01.nif
Skyrim.esm	STAT	00081D6A	NorDwelling01ExtCourtCap02		Dungeons\Nordic\Exterior\Dwellings\NorDwelling01ExtCourtCap02.nif
Skyrim.esm	STAT	00046ED6	NorDwelling01ExtCourtStairs01		Dungeons\Nordic\Exterior\Dwellings\NorDwelling01ExtCourtStairs01.nif
Skyrim.esm	STAT	00046ED7	NorDwelling01ExtPylons01		Dungeons\Nordic\Exterior\Dwellings\NorDwelling01ExtPylons01.nif
Skyrim.esm	STAT	00046ED8	NorDwelling01IntA01		Dungeons\Nordic\Exterior\Dwellings\NorDwelling01IntA01.nif
Skyrim.esm	STAT	00046ED9	NorDwelling01IntA02		Dungeons\Nordic\Exterior\Dwellings\NorDwelling01IntA02.nif
Skyrim.esm	STAT	0004996B	NorDwelling02ExtBaseA		Dungeons\Nordic\Exterior\Dwellings\NorDwelling02ExtBaseA.nif
Skyrim.esm	STAT	0004996C	NorDwelling02ExtBaseB		Dungeons\Nordic\Exterior\Dwellings\NorDwelling02ExtBaseB.nif
Skyrim.esm	STAT	0004996D	NorDwelling02ExtBaseC		Dungeons\Nordic\Exterior\Dwellings\NorDwelling02ExtBaseC.nif
Skyrim.esm	STAT	0004996E	NorDwelling02IntB01		Dungeons\Nordic\Exterior\Dwellings\NorDwelling02IntB01.nif
Skyrim.esm	STAT	000251A5	NorDwelling03ExtBaseA		Dungeons\Nordic\Exterior\Dwellings\NorDwelling03ExtBaseA.nif
Skyrim.esm	STAT	0002521E	NorDwelling03ExtBaseASnow		Dungeons\Nordic\Exterior\Dwellings\NorDwelling03ExtBaseA.nif
Skyrim.esm	STAT	000251B0	NorDwelling03ExtBaseB		Dungeons\Nordic\Exterior\Dwellings\NorDwelling03ExtBaseB.nif
Skyrim.esm	STAT	00025843	NorDwelling03ExtBaseBSnow		Dungeons\Nordic\Exterior\Dwellings\NorDwelling03ExtBaseB.nif
Skyrim.esm	STAT	000C2B11	NorDwelling03ExtBaseBSnowLight		Dungeons\Nordic\Exterior\Dwellings\NorDwelling03ExtBaseB.nif
Skyrim.esm	STAT	000251BB	NorDwelling03ExtCourtA		Dungeons\Nordic\Exterior\Dwellings\NorDwelling03ExtCourtA.nif
Skyrim.esm	STAT	00025844	NorDwelling03ExtCourtASnow		Dungeons\Nordic\Exterior\Dwellings\NorDwelling03ExtCourtA.nif
Skyrim.esm	STAT	000251E2	NorDwelling03ExtCourtB		Dungeons\Nordic\Exterior\Dwellings\NorDwelling03ExtCourtB.nif
Skyrim.esm	STAT	00025845	NorDwelling03ExtCourtBSnow		Dungeons\Nordic\Exterior\Dwellings\NorDwelling03ExtCourtB.nif
Skyrim.esm	STAT	000C2B13	NorDwelling03ExtCourtBSnowLight		Dungeons\Nordic\Exterior\Dwellings\NorDwelling03ExtCourtB.nif
Skyrim.esm	STAT	0002520B	NorDwelling03ExtCourtCap01		Dungeons\Nordic\Exterior\Dwellings\NorDwelling03ExtCourtCap01.nif
Skyrim.esm	STAT	00025846	NorDwelling03ExtCourtCap01Snow		Dungeons\Nordic\Exterior\Dwellings\NorDwelling03ExtCourtCap01.nif
Skyrim.esm	STAT	00081D7C	NorDwelling03ExtCourtCap02		Dungeons\Nordic\Exterior\Dwellings\NorDwelling03ExtCourtCap02.nif
Skyrim.esm	STAT	00081D7D	NorDwelling03ExtCourtCap02Snow		Dungeons\Nordic\Exterior\Dwellings\NorDwelling03ExtCourtCap02.nif
Skyrim.esm	STAT	0002520C	NorDwelling03ExtCourtStairs01		Dungeons\Nordic\Exterior\Dwellings\NorDwelling03ExtCourtStairs01.nif
Skyrim.esm	STAT	00025848	NorDwelling03ExtCourtStairs01Snow		Dungeons\Nordic\Exterior\Dwellings\NorDwelling03ExtCourtStairs01.nif
Skyrim.esm	STAT	000C2B12	NorDwelling03ExtCourtStairs01SnowLight		Dungeons\Nordic\Exterior\Dwellings\NorDwelling03ExtCourtStairs01.nif
Skyrim.esm	STAT	0002520D	NorDwelling03ExtPylons01		Dungeons\Nordic\Exterior\Dwellings\NorDwelling03ExtPylons01.nif
Skyrim.esm	STAT	0002521F	NorDwelling03ExtPylons01Snow		Dungeons\Nordic\Exterior\Dwellings\NorDwelling03ExtPylons01.nif
Skyrim.esm	STAT	000E0F64	NorDwelling03ExtPylons01SnowHeavy		Dungeons\Nordic\Exterior\Dwellings\NorDwelling03ExtPylons01.nif
Skyrim.esm	STAT	00025211	NorDwelling03IntA01		Dungeons\Nordic\Exterior\Dwellings\NorDwelling03IntA01.nif
Skyrim.esm	STAT	00025219	NorDwelling03IntA02		Dungeons\Nordic\Exterior\Dwellings\NorDwelling03IntA02.nif
Skyrim.esm	STAT	0002521A	NorDwelling04ExtBaseA		Dungeons\Nordic\Exterior\Dwellings\NorDwelling04ExtBaseA.nif
Skyrim.esm	STAT	00025220	NorDwelling04ExtBaseASnow		Dungeons\Nordic\Exterior\Dwellings\NorDwelling04ExtBaseA.nif
Skyrim.esm	STAT	000D85F0	NorDwelling04ExtBaseASulfur		Dungeons\Nordic\Exterior\Dwellings\NorDwelling04ExtBaseA.nif
Skyrim.esm	STAT	0002521B	NorDwelling04ExtBaseB		Dungeons\Nordic\Exterior\Dwellings\NorDwelling04ExtBaseB.nif
Skyrim.esm	STAT	00025849	NorDwelling04ExtBaseBSnow		Dungeons\Nordic\Exterior\Dwellings\NorDwelling04ExtBaseB.nif
Skyrim.esm	STAT	0002521C	NorDwelling04ExtBaseC		Dungeons\Nordic\Exterior\Dwellings\NorDwelling04ExtBaseC.nif
Skyrim.esm	STAT	00098416	NorDwelling04ExtBaseCLtSnow		Dungeons\Nordic\Exterior\Dwellings\NorDwelling04ExtBaseC.nif
Skyrim.esm	STAT	0002584A	NorDwelling04ExtBaseCSnow		Dungeons\Nordic\Exterior\Dwellings\NorDwelling04ExtBaseC.nif
Skyrim.esm	STAT	0002521D	NorDwelling04IntB01		Dungeons\Nordic\Exterior\Dwellings\NorDwelling04IntB01.nif
Skyrim.esm	STAT	00109E57	NorEnchantedDias01		Dungeons\Nordic\Clutter\NorEnchantedDias01.nif
Skyrim.esm	STAT	0002A6E1	NorExSmFree01		Dungeons\Nordic\SmRooms\NorExSmFree01.nif
Skyrim.esm	STAT	0010AA27	NorExSmFree01Ice		Dungeons\Nordic\SmRooms\NorExSmFree01.nif
Skyrim.esm	STAT	0009A8A5	NorExSmFree01Snow		Dungeons\Nordic\SmRooms\NorExSmFree01.nif
Skyrim.esm	STAT	0010E9E8	NorExtRubblePiece01		Dungeons\Nordic\Rubble\NorRubblePiece01.nif
Skyrim.esm	STAT	0010E9E6	NorExtRubblePiece02		Dungeons\Nordic\Rubble\NorRubblePiece02.nif
Skyrim.esm	STAT	0010E9E7	NorExtRubblePiece03		Dungeons\Nordic\Rubble\NorRubblePiece03.nif
Skyrim.esm	STAT	0010E9EB	NorExtRubblePiece03_HeavySN		Dungeons\Nordic\Rubble\NorRubblePiece03.nif
Skyrim.esm	STAT	0010E9E5	NorExtRubblePiece04		Dungeons\Nordic\Rubble\NorRubblePiece04.nif
Skyrim.esm	STAT	0010E9E9	NorExtRubblePiece05		Dungeons\Nordic\Rubble\NorRubblePiece05.nif
Skyrim.esm	STAT	00044B83	NorExtRubblePile01		Dungeons\Nordic\Exterior\Rubble\NorExtRubblePile01.nif
Skyrim.esm	STAT	0005FCB6	NorExtRubblePile01_HeavySN		Dungeons\Nordic\Exterior\Rubble\NorExtRubblePile01.nif
Skyrim.esm	STAT	0010AAEC	NorExtRubblePile01_Ice		Dungeons\Nordic\Exterior\Rubble\NorExtRubblePile01.nif
Skyrim.esm	STAT	0010AAEB	NorExtRubblePile01_LightIce		Dungeons\Nordic\Exterior\Rubble\NorExtRubblePile01.nif
Skyrim.esm	STAT	00073E6B	NorExtRubblePile01_LightSN		Dungeons\Nordic\Exterior\Rubble\NorExtRubblePile01.nif
Skyrim.esm	STAT	00044B84	NorExtRubblePile02		Dungeons\Nordic\Exterior\Rubble\NorExtRubblePile02.nif
Skyrim.esm	STAT	0005FCB7	NorExtRubblePile02_HeavySN		Dungeons\Nordic\Exterior\Rubble\NorExtRubblePile02.nif
Skyrim.esm	STAT	000EC320	NorExtRubblePile02_ice		Dungeons\Nordic\Exterior\Rubble\NorExtRubblePile02.nif
Skyrim.esm	STAT	000D8692	NorExtRubblePile02Sulfur		Dungeons\Nordic\Exterior\Rubble\NorExtRubblePile02.nif
Skyrim.esm	STAT	00044B85	NorExtRubblePile03		Dungeons\Nordic\Exterior\Rubble\NorExtRubblePile03.nif
Skyrim.esm	STAT	00076924	NorExtRubblePile03_HeavySN		Dungeons\Nordic\Exterior\Rubble\NorExtRubblePile03.nif
Skyrim.esm	STAT	00044B86	NorExtRubblePile04		Dungeons\Nordic\Exterior\Rubble\NorExtRubblePile04.nif
Skyrim.esm	STAT	00061434	NorExtRubblePile04_HeavySN		Dungeons\Nordic\Exterior\Rubble\NorExtRubblePile04.nif
Skyrim.esm	STAT	000EC322	NorExtRubblePile04_ice		Dungeons\Nordic\Exterior\Rubble\NorExtRubblePile04.nif
Skyrim.esm	STAT	0010AAE2	NorExtRubblePile04_LightIce		Dungeons\Nordic\Exterior\Rubble\NorExtRubblePile04.nif
Skyrim.esm	STAT	000C5497	NorExtRubblePile04_LightSN		Dungeons\Nordic\Exterior\Rubble\NorExtRubblePile04.nif
Skyrim.esm	STAT	000D85F2	NorExtRubblePile04Sulfur		Dungeons\Nordic\Exterior\Rubble\NorExtRubblePile04.nif
Skyrim.esm	STAT	00044B87	NorExtRubblePile05		Dungeons\Nordic\Exterior\Rubble\NorExtRubblePile05.nif
Skyrim.esm	STAT	00076938	NorExtRubblePile05_HeavySN		Dungeons\Nordic\Exterior\Rubble\NorExtRubblePile05.nif
Skyrim.esm	STAT	00044B88	NorExtRubblePile06		Dungeons\Nordic\Exterior\Rubble\NorExtRubblePile06.nif
Skyrim.esm	STAT	0005FCC5	NorExtRubblePile06_HeavySN		Dungeons\Nordic\Exterior\Rubble\NorExtRubblePile06.nif
Skyrim.esm	STAT	0010AA32	NorExtRubblePile06_Ice		Dungeons\Nordic\Exterior\Rubble\NorExtRubblePile06.nif
Skyrim.esm	STAT	0010AAE3	NorExtRubblePile06_LightIce		Dungeons\Nordic\Exterior\Rubble\NorExtRubblePile06.nif
Skyrim.esm	STAT	00044B89	NorExtRubblePile07		Dungeons\Nordic\Exterior\Rubble\NorExtRubblePile07.nif
Skyrim.esm	STAT	0009B77D	NorExtRubblePile07_HeavySN		Dungeons\Nordic\Exterior\Rubble\NorExtRubblePile07.nif
Skyrim.esm	STAT	0010AA31	NorExtRubblePile07_Ice		Dungeons\Nordic\Exterior\Rubble\NorExtRubblePile07.nif
Skyrim.esm	STAT	0010AAE1	NorExtRubblePile07_LightIce		Dungeons\Nordic\Exterior\Rubble\NorExtRubblePile07.nif
Skyrim.esm	STAT	00074033	NorExtRubblePile07_SnowLight		Dungeons\Nordic\Exterior\Rubble\NorExtRubblePile07.nif
Skyrim.esm	STAT	00044B8A	NorExtRubblePile08		Dungeons\Nordic\Exterior\Rubble\NorExtRubblePile08.nif
Skyrim.esm	STAT	00099524	NorExtRubblePile08_HeavySN		Dungeons\Nordic\Exterior\Rubble\NorExtRubblePile08.nif
Skyrim.esm	STAT	000EC329	NorExtRubblePile08_ice		Dungeons\Nordic\Exterior\Rubble\NorExtRubblePile08.nif
Skyrim.esm	STAT	0009A73F	NorExtRubblePile08Snow		Dungeons\Nordic\Exterior\Rubble\NorExtRubblePile08.nif
Skyrim.esm	STAT	0004447A	NorExtWallBg1Way01		Dungeons\Nordic\Exterior\Walls\NorExtWallBg1Way01.nif
Skyrim.esm	STAT	000609DE	NorExtWallBg1Way01snow		Dungeons\Nordic\Exterior\Walls\NorExtWallBg1Way01.nif
Skyrim.esm	STAT	00044B82	NorExtWallBg1WayArch01		Dungeons\Nordic\Exterior\Walls\NorExtWallBg1WayArch01.nif
Skyrim.esm	STAT	000609DC	NorExtWallBg1WayArch01snow		Dungeons\Nordic\Exterior\Walls\NorExtWallBg1WayArch01.nif
Skyrim.esm	STAT	00044B95	NorExtWallBg1WayCurve01		Dungeons\Nordic\Exterior\Walls\NorExtWallBg1WayCurve01.nif
Skyrim.esm	STAT	0006C0E9	NorExtWallBg1WayCurve01snow		Dungeons\Nordic\Exterior\Walls\NorExtWallBg1WayCurve01.nif
Skyrim.esm	STAT	0004447B	NorExtWallBg2Way01		Dungeons\Nordic\Exterior\Walls\NorExtWallBg2Way01.nif
Skyrim.esm	STAT	00076922	NorExtWallBg2Way01Snow		Dungeons\Nordic\Exterior\Walls\NorExtWallBg2Way01.nif
Skyrim.esm	STAT	0004447C	NorExtWallBg3Way01		Dungeons\Nordic\Exterior\Walls\NorExtWallBg3Way01.nif
Skyrim.esm	STAT	0005DF64	NorExtWallBg3Way01Snow		Dungeons\Nordic\Exterior\Walls\NorExtWallBg3Way01.nif
Skyrim.esm	STAT	0004447D	NorExtWallBg4Way01		Dungeons\Nordic\Exterior\Walls\NorExtWallBg4Way01.nif
Skyrim.esm	STAT	0004447E	NorExtWallBgDivider01		Dungeons\Nordic\Exterior\Walls\NorExtWallBgDivider01.nif
Skyrim.esm	STAT	000609E0	NorExtWallBgDivider01snow		Dungeons\Nordic\Exterior\Walls\NorExtWallBgDivider01.nif
Skyrim.esm	STAT	000744CC	NorExtWallBgHenge01		Dungeons\Nordic\Exterior\Walls\NorExtWallBgHenge01.nif
Skyrim.esm	STAT	000A0C7B	NorExtWallBgHenge01SnowLight		Dungeons\Nordic\Exterior\Walls\NorExtWallBgHenge01.nif
Skyrim.esm	STAT	0004447F	NorExtWallBgStairL01		Dungeons\Nordic\Exterior\Walls\NorExtWallBgStairL01.nif
Skyrim.esm	STAT	00098496	NorExtWallBgStairL01Snow		Dungeons\Nordic\Exterior\Walls\NorExtWallBgStairL01.nif
Skyrim.esm	STAT	00044480	NorExtWallBgStairMid01		Dungeons\Nordic\Exterior\Walls\NorExtWallBgStairMid01.nif
Skyrim.esm	STAT	00098497	NorExtWallBgStairMid01Snow		Dungeons\Nordic\Exterior\Walls\NorExtWallBgStairMid01.nif
Skyrim.esm	STAT	00044481	NorExtWallBgStairR01		Dungeons\Nordic\Exterior\Walls\NorExtWallBgStairR01.nif
Skyrim.esm	STAT	00098498	NorExtWallBgStairR01Snow		Dungeons\Nordic\Exterior\Walls\NorExtWallBgStairR01.nif
Skyrim.esm	STAT	00044B9F	NorExtWallBgStairsSingle01		Dungeons\Nordic\Exterior\Walls\NorExtWallBgStairsSingle01.nif
Skyrim.esm	STAT	000F76C5	NorExtWallBgStairsSingle01_lightSn		Dungeons\Nordic\Exterior\Walls\NorExtWallBgStairsSingle01.nif
Skyrim.esm	STAT	0006CD3F	NorExtWallBgStairsSingle01HeavySnow		Dungeons\Nordic\Exterior\Walls\NorExtWallBgStairsSingle01.nif
Skyrim.esm	STAT	0006C7B5	NorExtWallBgStairsSingle01Snow		Dungeons\Nordic\Exterior\Walls\NorExtWallBgStairsSingle01.nif
Skyrim.esm	STAT	000138C1	NorHallBg1way01		Dungeons\Nordic\BgHalls\NorHallBg1way01.nif
Skyrim.esm	STAT	00060F28	NorHallBg1way01ice		Dungeons\Nordic\BgHalls\NorHallBg1way01.nif
Skyrim.esm	STAT	00035ED0	NorHallBg1way02		Dungeons\Nordic\BgHalls\NorHallBg1way02.nif
Skyrim.esm	STAT	00060F29	NorHallBg1way02ice		Dungeons\Nordic\BgHalls\NorHallBg1way02.nif
Skyrim.esm	STAT	00035ECF	NorHallBg1way03		Dungeons\Nordic\BgHalls\NorHallBg1way03.nif
Skyrim.esm	STAT	00013BF1	NorHallBg1wayEndCap01		Dungeons\Nordic\BgHalls\NorHallBg1wayEndCap01.nif
Skyrim.esm	STAT	00061D69	NorHallBg1wayEndCap01ice		Dungeons\Nordic\BgHalls\NorHallBg1wayEndCap01.nif
Skyrim.esm	STAT	00020940	NorHallBg1wayEndExBg01		Dungeons\Nordic\BgHalls\NorHallBg1wayEndExBg01.nif
Skyrim.esm	STAT	0004B042	NorHallBg1wayEndExBg01Ice		Dungeons\Nordic\BgHalls\NorHallBg1wayEndExBg01.nif
Skyrim.esm	STAT	00013BF0	NorHallBg1wayEndExSm01		Dungeons\Nordic\BgHalls\NorHallBg1wayEndExSm01.nif
Skyrim.esm	STAT	00060F25	NorHallBg1wayEndExSm01ice		Dungeons\Nordic\BgHalls\NorHallBg1wayEndExSm01.nif
Skyrim.esm	STAT	00013BF3	NorHallBg1wayExSm01		Dungeons\Nordic\BgHalls\NorHallBg1wayExSm01.nif
Skyrim.esm	STAT	00013BF2	NorHallBg1wayExSmDbl01		Dungeons\Nordic\BgHalls\NorHallBg1wayExSmDbl01.nif
Skyrim.esm	STAT	00024358	NorHallBg1wayRamp256		Dungeons\Nordic\BgHalls\NorHallBg1wayRamp256.nif
Skyrim.esm	STAT	0004B045	NorHallBg1wayRamp256Ice		Dungeons\Nordic\BgHalls\NorHallBg1wayRamp256.nif
Skyrim.esm	STAT	00013BEF	NorHallBg1wayStairs256		Dungeons\Nordic\BgHalls\NorHallBg1wayStairs256.nif
Skyrim.esm	STAT	0001F2BB	NorHallBg1wayToCaveG01		Dungeons\Nordic\BgHalls\NorHallBg1wayToCaveG01.nif
Skyrim.esm	STAT	0005A0C7	NorHallBg1wayToMine01		Dungeons\Nordic\BgHalls\NorHallBg1wayToMine01.nif
Skyrim.esm	STAT	0002BE44	NorHallBg1wayToRmSmFront01		Dungeons\Nordic\BgHalls\NorHallBg1wayToRmSmFront01.nif
Skyrim.esm	STAT	0002BE45	NorHallBg1wayToRmSmSide01		Dungeons\Nordic\BgHalls\NorHallBg1wayToRmSmSide01.nif
Skyrim.esm	STAT	00013AFB	NorHallBg2way01		Dungeons\Nordic\BgHalls\NorHallBg2way01.nif
Skyrim.esm	STAT	00061D68	NorHallBg2way01ice		Dungeons\Nordic\BgHalls\NorHallBg2way01.nif
Skyrim.esm	STAT	00013B07	NorHallBg3way01		Dungeons\Nordic\BgHalls\NorHallBg3way01.nif
Skyrim.esm	STAT	00060F27	NorHallBg3way01ice		Dungeons\Nordic\BgHalls\NorHallBg3way01.nif
Skyrim.esm	STAT	00035ED1	NorHallBg3way02		Dungeons\Nordic\BgHalls\NorHallBg3way02.nif
Skyrim.esm	STAT	00013B08	NorHallBg4way01		Dungeons\Nordic\BgHalls\NorHallBg4way01.nif
Skyrim.esm	STAT	00035ECE	NorHallBg4way02		Dungeons\Nordic\BgHalls\NorHallBg4way02.nif
Skyrim.esm	STAT	00013BFC	NorHallExSmExtension01		Dungeons\Nordic\BgHalls\NorHallExSmExtension01.nif
Skyrim.esm	STAT	0010AA2A	NorHallExSmExtension01Ice		Dungeons\Nordic\BgHalls\NorHallExSmExtension01.nif
Skyrim.esm	STAT	000A0718	NorHallExSmExtension01Snow		Dungeons\Nordic\BgHalls\NorHallExSmExtension01.nif
Skyrim.esm	STAT	0001DA58	NorHallExSmPortcullis01		Dungeons\Nordic\BgHalls\NorHallExSmPortcullis01.nif
Skyrim.esm	STAT	00061D64	NorHallExSmPortcullis01ice		Dungeons\Nordic\BgHalls\NorHallExSmPortcullis01.nif
Skyrim.esm	STAT	00094072	NorHallExSmRotatingDoor01		Dungeons\Nordic\BgHalls\NorHallExSmRotatingDoor01.nif
Skyrim.esm	STAT	0001A49B	NorHallOfStories01		Dungeons\Nordic\Chambers\NorHallOfStories01.nif
Skyrim.esm	STAT	0001A4B3	NorHallOfStoriesArch01		Dungeons\Nordic\Chambers\NorHallOfStoriesArch01.nif
Skyrim.esm	STAT	00020930	NorHallOfStoriesEndExBg01		Dungeons\Nordic\Chambers\NorHallOfStoriesEndExBg01.nif
Skyrim.esm	STAT	000132FD	NorHallSm1way01		Dungeons\Nordic\SmHalls\NorHallSm1way01.nif
Skyrim.esm	STAT	00060F5B	NorHallSm1way01ice		Dungeons\Nordic\SmHalls\NorHallSm1way01.nif
Skyrim.esm	STAT	0003E9F0	NorHallSm1wayDam01		Dungeons\Nordic\SmHalls\NorHallSm1wayDam01.nif
Skyrim.esm	STAT	0001384C	NorHallSm1wayEndCap01		Dungeons\Nordic\SmHalls\NorHallSm1wayEndCap01.nif
Skyrim.esm	STAT	000A598B	NorHallSm1wayEndCap01Snow		Dungeons\Nordic\SmHalls\NorHallSm1wayEndCap01.nif
Skyrim.esm	STAT	00013815	NorHallSm1wayEndExSm01		Dungeons\Nordic\SmHalls\NorHallSm1wayEndExSm01.nif
Skyrim.esm	STAT	00060F32	NorHallSm1wayEndExSm01ice		Dungeons\Nordic\SmHalls\NorHallSm1wayEndExSm01.nif
Skyrim.esm	STAT	0001384E	NorHallSm1wayExSm01		Dungeons\Nordic\SmHalls\NorHallSm1wayExSm01.nif
Skyrim.esm	STAT	00061BD2	NorHallSm1wayExSm01ice		Dungeons\Nordic\SmHalls\NorHallSm1wayExSm01.nif
Skyrim.esm	STAT	0001384D	NorHallSm1wayExSmDbl01		Dungeons\Nordic\SmHalls\NorHallSm1wayExSmDbl01.nif
Skyrim.esm	STAT	0001384F	NorHallSm1wayStairs128		Dungeons\Nordic\SmHalls\NorHallSm1wayStairs128.nif
Skyrim.esm	STAT	00013FAF	NorHallSm1wayStairs128ExSm01		Dungeons\Nordic\SmHalls\NorHallSm1wayStairs128ExSm01.nif
Skyrim.esm	STAT	00013FB0	NorHallSm1wayStairs128ExSm02		Dungeons\Nordic\SmHalls\NorHallSm1wayStairs128ExSm02.nif
Skyrim.esm	STAT	000A4D2B	NorHallSm1wayStairs128ExSm02LtSnow		Dungeons\Nordic\SmHalls\NorHallSm1wayStairs128ExSm02.nif
Skyrim.esm	STAT	00060F5C	NorHallSm1wayStairs128ice		Dungeons\Nordic\SmHalls\NorHallSm1wayStairs128.nif
Skyrim.esm	STAT	00060FB6	NorHallSm1wayStairsice		Dungeons\Nordic\SmHalls\NorHallSm1wayStairs128.nif
Skyrim.esm	STAT	000132FC	NorHallSm2way01		Dungeons\Nordic\SmHalls\NorHallSm2way01.nif
Skyrim.esm	STAT	0006185F	NorHallSm2way01ice		Dungeons\Nordic\SmHalls\NorHallSm2way01.nif
Skyrim.esm	STAT	00013816	NorHallSm2way02		Dungeons\Nordic\SmHalls\NorHallSm2way02.nif
Skyrim.esm	STAT	00013817	NorHallSm3way01		Dungeons\Nordic\SmHalls\NorHallSm3way01.nif
Skyrim.esm	STAT	00013C45	NorHallSm3wayExSm01		Dungeons\Nordic\SmHalls\NorHallSm3wayExSm01.nif
Skyrim.esm	STAT	0001381D	NorHallSm4way01		Dungeons\Nordic\SmHalls\NorHallSm4way01.nif
Skyrim.esm	STAT	00036AEF	NorHitchPost01		Dungeons\Nordic\Clutter\NorHitchPost01.nif
Skyrim.esm	STAT	00036AEE	NorHitchPost02		Dungeons\Nordic\Clutter\NorHitchPost02.nif
Skyrim.esm	STAT	000984A5	NorHitchPost02Snow		Dungeons\Nordic\Clutter\NorHitchPost02.nif
Skyrim.esm	STAT	000993D5	NorHitchPost02Snow02		Dungeons\Nordic\Clutter\NorHitchPost02.nif
Skyrim.esm	STAT	0009A5F0	NorHitchPost02SnowDUPLICATE001		Dungeons\Nordic\Clutter\NorHitchPost02.nif
Skyrim.esm	STAT	0005277E	NorHOSMuralBear01		Dungeons\Nordic\Clutter\NorHOSMuralBear01.nif
Skyrim.esm	STAT	0002C5D1	NorHOSMuralDragon01		Dungeons\Nordic\Clutter\NorHOSMuralDragon01.nif
Skyrim.esm	STAT	00052781	NorHOSMuralFox01		Dungeons\Nordic\Clutter\NorHOSMuralFox01.nif
Skyrim.esm	STAT	00052780	NorHOSMuralHawk01		Dungeons\Nordic\Clutter\NorHOSMuralHawk01.nif
Skyrim.esm	STAT	0005277D	NorHOSMuralMoth01		Dungeons\Nordic\Clutter\NorHOSMuralMoth01.nif
Skyrim.esm	STAT	0005277B	NorHOSMuralOwl01		Dungeons\Nordic\Clutter\NorHOSMuralOwl01.nif
Skyrim.esm	STAT	0005277A	NorHOSMuralSnake01		Dungeons\Nordic\Clutter\NorHOSMuralSnake01.nif
Skyrim.esm	STAT	0005277C	NorHOSMuralWhale01		Dungeons\Nordic\Clutter\NorHOSMuralWhale01.nif
Skyrim.esm	STAT	0005277F	NorHOSMuralWolf01		Dungeons\Nordic\Clutter\NorHOSMuralWolf01.nif
Skyrim.esm	STAT	000141A3	NorPitCorInL01		Dungeons\Nordic\Pits\NorPitCorInL01.nif
Skyrim.esm	STAT	0002ABE6	NorPitCorInLEnclosure01		Dungeons\Nordic\Pits\NorPitCorInLEnclosure01.nif
Skyrim.esm	STAT	000141A4	NorPitCorInR01		Dungeons\Nordic\Pits\NorPitCorInR01.nif
Skyrim.esm	STAT	0002ABE5	NorPitCorInREnclosure01		Dungeons\Nordic\Pits\NorPitCorInREnclosure01.nif
Skyrim.esm	STAT	00016012	NorPitCorOutL01		Dungeons\Nordic\Pits\NorPitCorOutL01.nif
Skyrim.esm	STAT	00016013	NorPitCorOutR01		Dungeons\Nordic\Pits\NorPitCorOutR01.nif
Skyrim.esm	STAT	0001419E	NorPitMid01		Dungeons\Nordic\Pits\NorPitMid01.nif
Skyrim.esm	STAT	0001419F	NorPitWallFront01		Dungeons\Nordic\Pits\NorPitWallFront01.nif
Skyrim.esm	STAT	00060F1D	NorPitWallFront01ice		Dungeons\Nordic\Pits\NorPitWallFront01.nif
Skyrim.esm	STAT	000141A0	NorPitWallFront02		Dungeons\Nordic\Pits\NorPitWallFront02.nif
Skyrim.esm	STAT	0002ABE8	NorPitWallFrontEnclosure01		Dungeons\Nordic\Pits\NorPitWallFrontEnclosure01.nif
Skyrim.esm	STAT	0002ABE7	NorPitWallFrontEnclosure02		Dungeons\Nordic\Pits\NorPitWallFrontEnclosure02.nif
Skyrim.esm	STAT	0001657E	NorPitWallFrontStairs01		Dungeons\Nordic\Pits\NorPitWallFrontStairs01.nif
Skyrim.esm	STAT	0001BE09	NorPitWallFrontStairs02		Dungeons\Nordic\Pits\NorPitWallFrontStairs02.nif
Skyrim.esm	STAT	0001BE0B	NorPitWallFrontToRmBgFrontL01		Dungeons\Nordic\Pits\NorPitWallFrontToRmBgFrontL01.nif
Skyrim.esm	STAT	00060EF1	NorPitWallFrontToRmBgFrontL01ice		Dungeons\Nordic\Pits\NorPitWallFrontToRmBgFrontL01.nif
Skyrim.esm	STAT	0001BE0A	NorPitWallFrontToRmBgFrontR01		Dungeons\Nordic\Pits\NorPitWallFrontToRmBgFrontR01.nif
Skyrim.esm	STAT	00060EF0	NorPitWallFrontToRmBgFrontR01ice		Dungeons\Nordic\Pits\NorPitWallFrontToRmBgFrontR01.nif
Skyrim.esm	STAT	00016011	NorPitWallFrontToRmBgSideL01		Dungeons\Nordic\Pits\NorPitWallFrontToRmBgSideL01.nif
Skyrim.esm	STAT	0002ABF8	NorPitWallFrontToRmBgSideLEnc01		Dungeons\Nordic\Pits\NorPitWallFrontToRmBgSideLEnc01.nif
Skyrim.esm	STAT	00016010	NorPitWallFrontToRmBgSideR01		Dungeons\Nordic\Pits\NorPitWallFrontToRmBgSideR01.nif
Skyrim.esm	STAT	0002ABF5	NorPitWallFrontToRmBgSideREnc01		Dungeons\Nordic\Pits\NorPitWallFrontToRmBgSideREnc01.nif
Skyrim.esm	STAT	000141A1	NorPitWallSide01		Dungeons\Nordic\Pits\NorPitWallSide01.nif
Skyrim.esm	STAT	000141A2	NorPitWallSide02		Dungeons\Nordic\Pits\NorPitWallSide02.nif
Skyrim.esm	STAT	0002A497	NorPitWallSideEnclosure01		Dungeons\Nordic\Pits\NorPitWallSideEnclosure01.nif
Skyrim.esm	STAT	0002ABE9	NorPitWallSideEnclosure02		Dungeons\Nordic\Pits\NorPitWallSideEnclosure02.nif
Skyrim.esm	STAT	0001605B	NorPitWallSideStairs01		Dungeons\Nordic\Pits\NorPitWallSideStairs01.nif
Skyrim.esm	STAT	0001BE08	NorPitWallSideStairs02		Dungeons\Nordic\Pits\NorPitWallSideStairs02.nif
Skyrim.esm	STAT	0001600F	NorPitWallSideToRmBgFrontL01		Dungeons\Nordic\Pits\NorPitWallSideToRmBgFrontL01.nif
Skyrim.esm	STAT	0002ABF7	NorPitWallSideToRmBgFrontLEnc01		Dungeons\Nordic\Pits\NorPitWallSideToRmBgFrontLEnc01.nif
Skyrim.esm	STAT	0001600E	NorPitWallSideToRmBgFrontR01		Dungeons\Nordic\Pits\NorPitWallSideToRmBgFrontR01.nif
Skyrim.esm	STAT	0002ABF6	NorPitWallSideToRmBgFrontREnc01		Dungeons\Nordic\Pits\NorPitWallSideToRmBgFrontREnc01.nif
Skyrim.esm	STAT	0001BE07	NorPitWallSideToRmBgSideL01		Dungeons\Nordic\Pits\NorPitWallSideToRmBgSideL01.nif
Skyrim.esm	STAT	0001BE0C	NorPitWallSideToRmBgSideR01		Dungeons\Nordic\Pits\NorPitWallSideToRmBgSideR01.nif
Skyrim.esm	STAT	0003EAC9	NorPlatBgCorDblEnd01		Dungeons\Nordic\Platforms\NorPlatBgCorDblEnd01.nif
Skyrim.esm	STAT	0003EACD	NorPlatBgCorIn01		Dungeons\Nordic\Platforms\NorPlatBgCorIn01.nif
Skyrim.esm	STAT	0003EACA	NorPlatBgCorOut01		Dungeons\Nordic\Platforms\NorPlatBgCorOut01.nif
Skyrim.esm	STAT	0003EAD6	NorPlatBgExSmFree01		Dungeons\Nordic\Platforms\NorPlatBgExSmFree01.nif
Skyrim.esm	STAT	00042EC3	NorPlatBgFloorRaised01		Dungeons\Nordic\Platforms\NorPlatBgFloorRaised01.nif
Skyrim.esm	STAT	00077BEB	NorPlatBgFloorRaised01ice		Dungeons\Nordic\Platforms\NorPlatBgFloorRaised01.nif
Skyrim.esm	STAT	0006F05F	NorPlatBgFloorRaised01sn_light		Dungeons\Nordic\Platforms\NorPlatBgFloorRaised01.nif
Skyrim.esm	STAT	00042EC4	NorPlatBgFloorRaised02		Dungeons\Nordic\Platforms\NorPlatBgFloorRaised02.nif
Skyrim.esm	STAT	0003EAD7	NorPlatBgGuardHouse01		Dungeons\Nordic\Platforms\NorPlatBgGaurdHouse01.nif
Skyrim.esm	STAT	0003EAC7	NorPlatBgMid01		Dungeons\Nordic\Platforms\NorPlatBgMid01.nif
Skyrim.esm	STAT	0003EACF	NorPlatBgMid02		Dungeons\Nordic\Platforms\NorPlatBgMid02.nif
Skyrim.esm	STAT	0003EACE	NorPlatBgStairCapL01		Dungeons\Nordic\Platforms\NorPlatBgStairCapL01.nif
Skyrim.esm	STAT	0003EACB	NorPlatBgStairCapR01		Dungeons\Nordic\Platforms\NorPlatBgStairCapR01.nif
Skyrim.esm	STAT	0003EACC	NorPlatBgStairMid01		Dungeons\Nordic\Platforms\NorPlatBgStairMid01.nif
Skyrim.esm	STAT	0003EAD0	NorPlatBgStairMid02		Dungeons\Nordic\Platforms\NorPlatBgStairMid02.nif
Skyrim.esm	STAT	0003EAD8	NorPlatBgStairsFree01		Dungeons\Nordic\Platforms\NorPlatBgStairsFree01.nif
Skyrim.esm	STAT	0001A4B8	NorPlatBgStairSingle01		Dungeons\Nordic\Platforms\NorPlatBgStairSingle01.nif
Skyrim.esm	STAT	0003EAD2	NorPlatBgTower01		Dungeons\Nordic\Platforms\NorPlatBgTower01.nif
Skyrim.esm	STAT	0003EAD3	NorPlatBgTower02		Dungeons\Nordic\Platforms\NorPlatBgTower02.nif
Skyrim.esm	STAT	0003EAD4	NorPlatBgTowerBridge01		Dungeons\Nordic\Platforms\NorPlatBgTowerBridge01.nif
Skyrim.esm	STAT	0003EAD5	NorPlatBgTowerBridgeFree01		Dungeons\Nordic\Platforms\NorPlatBgTowerBridgeFree01.nif
Skyrim.esm	STAT	0003EAC8	NorPlatBgWall01		Dungeons\Nordic\Platforms\NorPlatBgWall01.nif
Skyrim.esm	STAT	0003EAD1	NorPlatBgWall02		Dungeons\Nordic\Platforms\NorPlatBgWall02.nif
Skyrim.esm	STAT	0001D4AA	NorPlatCorIn01		Dungeons\Nordic\Platforms\NorPlatCorIn01.nif
Skyrim.esm	STAT	00061D61	NorPlatCorIn01ice		Dungeons\Nordic\Platforms\NorPlatCorIn01.nif
Skyrim.esm	STAT	0003AE9C	NorPlatCorIn02		Dungeons\Nordic\Platforms\NorPlatCorIn02.nif
Skyrim.esm	STAT	00061D62	NorPlatCorIn02ice		Dungeons\Nordic\Platforms\NorPlatCorIn02.nif
Skyrim.esm	STAT	0001D4AB	NorPlatCorOut01		Dungeons\Nordic\Platforms\NorPlatCorOut01.nif
Skyrim.esm	STAT	00061D60	NorPlatCorOut01ice		Dungeons\Nordic\Platforms\NorPlatCorOut01.nif
Skyrim.esm	STAT	000F999B	NorPlatCorOut01Light_SN		Dungeons\Nordic\Platforms\NorPlatCorOut01.nif
Skyrim.esm	STAT	0001D4AC	NorPlatMid01		Dungeons\Nordic\Platforms\NorPlatMid01.nif
Skyrim.esm	STAT	00065CC2	NorPlatMid01_HeavySN		Dungeons\Nordic\Platforms\NorPlatMid01.nif
Skyrim.esm	STAT	00065CC1	NorPlatMid01_LightSN		Dungeons\Nordic\Platforms\NorPlatMid01.nif
Skyrim.esm	STAT	00061D43	NorPlatMid01ice		Dungeons\Nordic\Platforms\NorPlatMid01.nif
Skyrim.esm	STAT	0001D4AD	NorPlatWall01		Dungeons\Nordic\Platforms\NorPlatWall01.nif
Skyrim.esm	STAT	00061D5F	NorPlatWall01ice		Dungeons\Nordic\Platforms\NorPlatWall01.nif
Skyrim.esm	STAT	000F999A	NorPlatWall01Light_SN		Dungeons\Nordic\Platforms\NorPlatWall01.nif
Skyrim.esm	STAT	0001D4AE	NorPlatWallStair01		Dungeons\Nordic\Platforms\NorPlatWallStair01.nif
Skyrim.esm	STAT	00061D5E	NorPlatWallStair01ice		Dungeons\Nordic\Platforms\NorPlatWallStair01.nif
Skyrim.esm	STAT	0003AEA5	NorPlatWallStair02		Dungeons\Nordic\Platforms\NorPlatWallStair02.nif
Skyrim.esm	STAT	0003E61A	NorPortcullisStatic		Dungeons\Nordic\Doors\Animated\Portcullis\NorPortcullisGate01.nif
Skyrim.esm	STAT	0004E2BD	NorPuzzleDoorFrame		Dungeons\Nordic\Doors\Animated\PuzzleDoor\PuzzleDoorFrame01.nif
Skyrim.esm	STAT	000C4DE8	NorPuzzleKeyBear01		Dungeons\Nordic\Clutter\NorPuzzleKeyBear01.nif
Skyrim.esm	STAT	000C4DED	NorPuzzleKeyDragon01		Dungeons\Nordic\Clutter\NorPuzzleKeyDragon01.nif
Skyrim.esm	STAT	00042856	NorPuzzleKeyEagle01		Dungeons\Nordic\Clutter\NorPuzzleKeyEagle01.nif
Skyrim.esm	STAT	000C4DEB	NorPuzzleKeyFox01		Dungeons\Nordic\Clutter\NorPuzzleKeyFox01.nif
Skyrim.esm	STAT	000C4DEA	NorPuzzleKeyMoth01		Dungeons\Nordic\Clutter\NorPuzzleKeyMoth01.nif
Skyrim.esm	STAT	000C4DE9	NorPuzzleKeyOwl01		Dungeons\Nordic\Clutter\NorPuzzleKeyOwl01.nif
Skyrim.esm	STAT	0004285A	NorPuzzleKeySnake01		Dungeons\Nordic\Clutter\NorPuzzleKeySnake01.nif
Skyrim.esm	STAT	0004285B	NorPuzzleKeyWhale01		Dungeons\Nordic\Clutter\NorPuzzleKeyWhale01.nif
Skyrim.esm	STAT	000C4DEC	NorPuzzleKeyWolf01		Dungeons\Nordic\Clutter\NorPuzzleKeyWolf01.nif
Skyrim.esm	STAT	00016006	NorRmBgCorInL01		Dungeons\Nordic\BgRooms\NorRmBgCorInL01.nif
Skyrim.esm	STAT	0009D2B7	NorRmBgCorInL01Ice		Dungeons\Nordic\BgRooms\NorRmBgCorInL01.nif
Skyrim.esm	STAT	00016007	NorRmBgCorInR01		Dungeons\Nordic\BgRooms\NorRmBgCorInR01.nif
Skyrim.esm	STAT	0009D2B8	NorRmBgCorInR01Ice		Dungeons\Nordic\BgRooms\NorRmBgCorInR01.nif
Skyrim.esm	STAT	00016008	NorRmBgCorOutL01		Dungeons\Nordic\BgRooms\NorRmBgCorOutL01.nif
Skyrim.esm	STAT	00065CB6	NorRmBgCorOutL01_HeavySN		Dungeons\Nordic\BgRooms\NorRmBgCorOutL01.nif
Skyrim.esm	STAT	00060EF4	NorRmBgCorOutL01ice		Dungeons\Nordic\BgRooms\NorRmBgCorOutL01.nif
Skyrim.esm	STAT	00016009	NorRmBgCorOutR01		Dungeons\Nordic\BgRooms\NorRmBgCorOutR01.nif
Skyrim.esm	STAT	00065CB7	NorRmBgCorOutR01_HeavySN		Dungeons\Nordic\BgRooms\NorRmBgCorOutR01.nif
Skyrim.esm	STAT	00060EF2	NorRmBgCorOutR01ice		Dungeons\Nordic\BgRooms\NorRmBgCorOutR01.nif
Skyrim.esm	STAT	0001C2F3	NorRmBgMid01		Dungeons\Nordic\BgRooms\NorRmBgMid01.nif
Skyrim.esm	STAT	00060F18	NorRmBgMid01ice		Dungeons\Nordic\BgRooms\NorRmBgMid01.nif
Skyrim.esm	STAT	0001601F	NorRmBgMid02		Dungeons\Nordic\BgRooms\NorRmBgMid02.nif
Skyrim.esm	STAT	0001E1DB	NorRmBgMidCeilingOnlyLow01		Dungeons\Nordic\BgRooms\NorRmBgMidCeilingOnlyLow01.nif
Skyrim.esm	STAT	0001E1DC	NorRmBgMidFloorOnly01		Dungeons\Nordic\BgRooms\NorRmBgMidFloorOnly01.nif
Skyrim.esm	STAT	0001600A	NorRmBgWallFront01		Dungeons\Nordic\BgRooms\NorRmBgWallFront01.nif
Skyrim.esm	STAT	00065CBC	NorRmBgWallFront01_HeavySN		Dungeons\Nordic\BgRooms\NorRmBgWallFront01.nif
Skyrim.esm	STAT	00060F14	NorRmBgWallFront01ice		Dungeons\Nordic\BgRooms\NorRmBgWallFront01.nif
Skyrim.esm	STAT	0003E9F2	NorRmBgWallFrontDam01		Dungeons\Nordic\BgRooms\NorRmBgWallFrontDam01.nif
Skyrim.esm	STAT	0002A5F9	NorRmBgWallFrontExBg01		Dungeons\Nordic\BgRooms\NorRmBgWallFrontExBg01.nif
Skyrim.esm	STAT	0003E9F3	NorRmBgWallFrontExBgHigh01		Dungeons\Nordic\BgRooms\NorRmBgWallFrontExBgHigh01.nif
Skyrim.esm	STAT	0001600B	NorRmBgWallFrontExSm01		Dungeons\Nordic\BgRooms\NorRmBgWallFrontExSm01.nif
Skyrim.esm	STAT	0002ABFC	NorRmBgWallFrontExSmCenter01		Dungeons\Nordic\BgRooms\NorRmBgWallFrontExSmCenter01.nif
Skyrim.esm	STAT	0003CB80	NorRmBgWallFrontForgeBase01		Dungeons\Nordic\BgRooms\NorRmBgWallFrontForgeBase01.nif
Skyrim.esm	STAT	0001600C	NorRmBgWallSide01		Dungeons\Nordic\BgRooms\NorRmBgWallSide01.nif
Skyrim.esm	STAT	00065CBB	NorRmBgWallSide01_HeavySN		Dungeons\Nordic\BgRooms\NorRmBgWallSide01.nif
Skyrim.esm	STAT	00060EF3	NorRmBgWallSide01ice		Dungeons\Nordic\BgRooms\NorRmBgWallSide01.nif
Skyrim.esm	STAT	0003E9F4	NorRmBgWallSideDam01		Dungeons\Nordic\BgRooms\NorRmBgWallSideDam01.nif
Skyrim.esm	STAT	0002A5F8	NorRmBgWallSideExBg01		Dungeons\Nordic\BgRooms\NorRmBgWallSideExBg01.nif
Skyrim.esm	STAT	0003E9F1	NorRmBgWallSideExBgHigh01		Dungeons\Nordic\BgRooms\NorRmBgWallSideExBgHigh01.nif
Skyrim.esm	STAT	0001600D	NorRmBgWallSideExSm01		Dungeons\Nordic\BgRooms\NorRmBgWallSideExSm01.nif
Skyrim.esm	STAT	0008DAB6	NorRmBgWallSideExSm01ice		Dungeons\Nordic\BgRooms\NorRmBgWallSideExSm01.nif
Skyrim.esm	STAT	0002ABFD	NorRmBgWallSideExSmCenter01		Dungeons\Nordic\BgRooms\NorRmBgWallSideExSmCenter01.nif
Skyrim.esm	STAT	0003CB7F	NorRmBgWallSideForgeBase01		Dungeons\Nordic\BgRooms\NorRmBgWallSideForgeBase01.nif
Skyrim.esm	STAT	0002B86C	NorRmShaftBeam01		Dungeons\Nordic\Shafts\NorRmShaftBeam01.nif
Skyrim.esm	STAT	000A4657	NorRmShaftBeam01sn_light		Dungeons\Nordic\Shafts\NorRmShaftBeam01.nif
Skyrim.esm	STAT	0002B86D	NorRmShaftBot01		Dungeons\Nordic\Shafts\NorRmShaftBot01.nif
Skyrim.esm	STAT	000835B6	NorRmShaftBot01ice		Dungeons\Nordic\Shafts\NorRmShaftBot01.nif
Skyrim.esm	STAT	0002B86E	NorRmShaftMid01		Dungeons\Nordic\Shafts\NorRmShaftMid01.nif
Skyrim.esm	STAT	000835AE	NorRmShaftMid01ice		Dungeons\Nordic\Shafts\NorRmShaftMid01.nif
Skyrim.esm	STAT	00026E60	NorRmShaftMidCapBot01		Dungeons\Nordic\Shafts\NorRmShaftMidCapBot01.nif
Skyrim.esm	STAT	0005DFE7	NorRmShaftMidCapBot01Snow		Dungeons\Nordic\Shafts\NorRmShaftMidCapBot01.nif
Skyrim.esm	STAT	00026E61	NorRmShaftMidCapTop01		Dungeons\Nordic\Shafts\NorRmShaftMidCapTop01.nif
Skyrim.esm	STAT	00026E62	NorRmShaftMidExSm01		Dungeons\Nordic\Shafts\NorRmShaftMidExSm01.nif
Skyrim.esm	STAT	000835AD	NorRmShaftMidExSm01ice		Dungeons\Nordic\Shafts\NorRmShaftMidExSm01.nif
Skyrim.esm	STAT	0002E84B	NorRmShaftMidExSm02		Dungeons\Nordic\Shafts\NorRmShaftMidExSm02.nif
Skyrim.esm	STAT	0002E84A	NorRmShaftMidExSm02a		Dungeons\Nordic\Shafts\NorRmShaftMidExSm02a.nif
Skyrim.esm	STAT	0002E849	NorRmShaftMidExSm03		Dungeons\Nordic\Shafts\NorRmShaftMidExSm03.nif
Skyrim.esm	STAT	0002E848	NorRmShaftMidExSm04		Dungeons\Nordic\Shafts\NorRmShaftMidExSm04.nif
Skyrim.esm	STAT	00026E5E	NorRmShaftMidStair01		Dungeons\Nordic\Shafts\NorRmShaftMidStair01.nif
Skyrim.esm	STAT	000835B2	NorRmShaftMidStair01ice		Dungeons\Nordic\Shafts\NorRmShaftMidStair01.nif
Skyrim.esm	STAT	00043326	NorRmShaftMidStair01Snow		Dungeons\Nordic\Shafts\NorRmShaftMidStair01.nif
Skyrim.esm	STAT	00026E5B	NorRmShaftMidStairBot01		Dungeons\Nordic\Shafts\NorRmShaftMidStairBot01.nif
Skyrim.esm	STAT	00026E5C	NorRmShaftMidStairDeck01		Dungeons\Nordic\Shafts\NorRmShaftMidStairDeck01.nif
Skyrim.esm	STAT	000835B1	NorRmShaftMidStairDeck01ice		Dungeons\Nordic\Shafts\NorRmShaftMidStairDeck01.nif
Skyrim.esm	STAT	00043327	NorRmShaftMidStairDeck01snow		Dungeons\Nordic\Shafts\NorRmShaftMidStairDeck01.nif
Skyrim.esm	STAT	00026E5D	NorRmShaftMidStairDeck02		Dungeons\Nordic\Shafts\NorRmShaftMidStairDeck02.nif
Skyrim.esm	STAT	00026E5A	NorRmShaftMidStairGroundSup01		Dungeons\Nordic\Shafts\NorRmShaftMidStairGroundSup01.nif
Skyrim.esm	STAT	000835B3	NorRmShaftMidStairGroundSup01ice		Dungeons\Nordic\Shafts\NorRmShaftMidStairGroundSup01.nif
Skyrim.esm	STAT	00026E5F	NorRmShaftMidStairTop01		Dungeons\Nordic\Shafts\NorRmShaftMidStairTop01.nif
Skyrim.esm	STAT	000835B4	NorRmShaftMidStairTop01ice		Dungeons\Nordic\Shafts\NorRmShaftMidStairTop01.nif
Skyrim.esm	STAT	0002B86F	NorRmShaftTop01		Dungeons\Nordic\Shafts\NorRmShaftTop01.nif
Skyrim.esm	STAT	00013F7B	NorRmSmAlcove01		Dungeons\Nordic\SmRooms\NorRmSmAlcove01.nif
Skyrim.esm	STAT	00060F1F	NorRmSmAlcove01ice		Dungeons\Nordic\SmRooms\NorRmSmAlcove01.nif
Skyrim.esm	STAT	00013F7C	NorRmSmCorIn01		Dungeons\Nordic\SmRooms\NorRmSmCorIn01.nif
Skyrim.esm	STAT	00060F0F	NorRmSmCorIn01ice		Dungeons\Nordic\SmRooms\NorRmSmCorIn01.nif
Skyrim.esm	STAT	00013F9C	NorRmSmCorInExSmDbl01		Dungeons\Nordic\SmRooms\NorRmSmCorInExSmDbl01.nif
Skyrim.esm	STAT	00013F7D	NorRmSmCorInExSmL01		Dungeons\Nordic\SmRooms\NorRmSmCorInExSmL01.nif
Skyrim.esm	STAT	00013F7E	NorRmSmCorInExSmR01		Dungeons\Nordic\SmRooms\NorRmSmCorInExSmR01.nif
Skyrim.esm	STAT	00013F7F	NorRmSmCorOutL01		Dungeons\Nordic\SmRooms\NorRmSmCorOutL01.nif
Skyrim.esm	STAT	00060EF7	NorRmSmCorOutL01ice		Dungeons\Nordic\SmRooms\NorRmSmCorOutL01.nif
Skyrim.esm	STAT	00013F80	NorRmSmCorOutR01		Dungeons\Nordic\SmRooms\NorRmSmCorOutR01.nif
Skyrim.esm	STAT	00060F13	NorRmSmCorOutR01ice		Dungeons\Nordic\SmRooms\NorRmSmCorOutR01.nif
Skyrim.esm	STAT	0001D493	NorRmSmFloorRaised01		Dungeons\Nordic\SmRooms\NorRmSmFloorRaised01.nif
Skyrim.esm	STAT	0002EEF8	NorRmSmFloorRaised01Ice		Dungeons\Nordic\SmRooms\NorRmSmFloorRaised01.nif
Skyrim.esm	STAT	0010AAE5	NorRmSmFloorRaised01LightIce		Dungeons\Nordic\SmRooms\NorRmSmFloorRaised01.nif
Skyrim.esm	STAT	00026145	NorRmSmFloorRaised01sn_light		Dungeons\Nordic\SmRooms\NorRmSmFloorRaised01.nif
Skyrim.esm	STAT	000A0842	NorRmSmFloorRaised01Snow		Dungeons\Nordic\SmRooms\NorRmSmFloorRaised01.nif
Skyrim.esm	STAT	0001D4A5	NorRmSmFloorRaised02		Dungeons\Nordic\SmRooms\NorRmSmFloorRaised02.nif
Skyrim.esm	STAT	0002EEF9	NorRmSmFloorRaised02Ice		Dungeons\Nordic\SmRooms\NorRmSmFloorRaised02.nif
Skyrim.esm	STAT	0010AAE4	NorRmSmFloorRaised02LightIce		Dungeons\Nordic\SmRooms\NorRmSmFloorRaised02.nif
Skyrim.esm	STAT	0009A899	NorRmSmFloorRaised02sn_light		Dungeons\Nordic\SmRooms\NorRmSmFloorRaised02.nif
Skyrim.esm	STAT	000A08B3	NorRmSmFloorRaised02Snow		Dungeons\Nordic\SmRooms\NorRmSmFloorRaised02.nif
Skyrim.esm	STAT	00013F81	NorRmSmMid01		Dungeons\Nordic\SmRooms\NorRmSmMid01.nif
Skyrim.esm	STAT	00060F12	NorRmSmMid01ice		Dungeons\Nordic\SmRooms\NorRmSmMid01.nif
Skyrim.esm	STAT	00013FD1	NorRmSmMid02		Dungeons\Nordic\SmRooms\NorRmSmMid02.nif
Skyrim.esm	STAT	00060F17	NorRmSmMid02ice		Dungeons\Nordic\SmRooms\NorRmSmMid02.nif
Skyrim.esm	STAT	0002B899	NorRmSmMidFloorOnly01		Dungeons\Nordic\SmRooms\NorRmSmMidFloorOnly01.nif
Skyrim.esm	STAT	00077BCE	NorRmSmMidFloorOnly01ice		Dungeons\Nordic\SmRooms\NorRmSmMidFloorOnly01.nif
Skyrim.esm	STAT	00013F82	NorRmSmWallFront01		Dungeons\Nordic\SmRooms\NorRmSmWallFront01.nif
Skyrim.esm	STAT	00013F83	NorRmSmWallFront02		Dungeons\Nordic\SmRooms\NorRmSmWallFront02.nif
Skyrim.esm	STAT	00061D63	NorRmSmWallFront02ice		Dungeons\Nordic\SmRooms\NorRmSmWallFront02.nif
Skyrim.esm	STAT	0003A20C	NorRmSmWallFront03		Dungeons\Nordic\SmRooms\NorRmSmWallFront03.nif
Skyrim.esm	STAT	0003A20D	NorRmSmWallFront04		Dungeons\Nordic\SmRooms\NorRmSmWallFront04.nif
Skyrim.esm	STAT	0003A20E	NorRmSmWallFront05		Dungeons\Nordic\SmRooms\NorRmSmWallFront05.nif
Skyrim.esm	STAT	0003A20B	NorRmSmWallFrontDam01		Dungeons\Nordic\SmRooms\NorRmSmWallFrontDam01.nif
Skyrim.esm	STAT	000A46AD	NorRmSmWallFrontDam01Snow		Dungeons\Nordic\SmRooms\NorRmSmWallFrontDam01.nif
Skyrim.esm	STAT	0003A210	NorRmSmWallFrontDam02		Dungeons\Nordic\SmRooms\NorRmSmWallFrontDam02.nif
Skyrim.esm	STAT	00060F15	NorRmSmWallFrontDam02ice		Dungeons\Nordic\SmRooms\NorRmSmWallFrontDam02.nif
Skyrim.esm	STAT	0003A20F	NorRmSmWallFrontDam03		Dungeons\Nordic\SmRooms\NorRmSmWallFrontDam03.nif
Skyrim.esm	STAT	00060F11	NorRmSmWallFrontDam03ice		Dungeons\Nordic\SmRooms\NorRmSmWallFrontDam03.nif
Skyrim.esm	STAT	0002A642	NorRmSmWallFrontExBg01		Dungeons\Nordic\SmRooms\NorRmSmWallFrontExBg01.nif
Skyrim.esm	STAT	00013F84	NorRmSmWallFrontExSm01		Dungeons\Nordic\SmRooms\NorRmSmWallFrontExSm01.nif
Skyrim.esm	STAT	00060F1E	NorRmSmWallFrontExSm01ice		Dungeons\Nordic\SmRooms\NorRmSmWallFrontExSm01.nif
Skyrim.esm	STAT	0003CB82	NorRmSmWallFrontFireplace01		Dungeons\Nordic\SmRooms\NorRmSmWallFrontFireplace01.nif
Skyrim.esm	STAT	00013F85	NorRmSmWallFrontWin01		Dungeons\Nordic\SmRooms\NorRmSmWallFrontWin01.nif
Skyrim.esm	STAT	00061D65	NorRmSmWallFrontWin01ice		Dungeons\Nordic\SmRooms\NorRmSmWallFrontWin01.nif
Skyrim.esm	STAT	00013F86	NorRmSmWallSide01		Dungeons\Nordic\SmRooms\NorRmSmWallSide01.nif
Skyrim.esm	STAT	00013F87	NorRmSmWallSide02		Dungeons\Nordic\SmRooms\NorRmSmWallSide02.nif
Skyrim.esm	STAT	00060F16	NorRmSmWallSide02ice		Dungeons\Nordic\SmRooms\NorRmSmWallSide02.nif
Skyrim.esm	STAT	0003A205	NorRmSmWallSide03		Dungeons\Nordic\SmRooms\NorRmSmWallSide03.nif
Skyrim.esm	STAT	0003A206	NorRmSmWallSide04		Dungeons\Nordic\SmRooms\NorRmSmWallSide04.nif
Skyrim.esm	STAT	0003A207	NorRmSmWallSide05		Dungeons\Nordic\SmRooms\NorRmSmWallSide05.nif
Skyrim.esm	STAT	0003A20A	NorRmSmWallSideDam01		Dungeons\Nordic\SmRooms\NorRmSmWallSideDam01.nif
Skyrim.esm	STAT	00062A24	NorRmSmWallSideDam01snow		Dungeons\Nordic\SmRooms\NorRmSmWallSideDam01.nif
Skyrim.esm	STAT	0003A209	NorRmSmWallSideDam02		Dungeons\Nordic\SmRooms\NorRmSmWallSideDam02.nif
Skyrim.esm	STAT	00060EF6	NorRmSmWallSideDam02ice		Dungeons\Nordic\SmRooms\NorRmSmWallSideDam02.nif
Skyrim.esm	STAT	0003A208	NorRmSmWallSideDam03		Dungeons\Nordic\SmRooms\NorRmSmWallSideDam03.nif
Skyrim.esm	STAT	00060EF5	NorRmSmWallSideDam03ice		Dungeons\Nordic\SmRooms\NorRmSmWallSideDam03.nif
Skyrim.esm	STAT	0002A5FA	NorRmSmWallSideExBg01		Dungeons\Nordic\SmRooms\NorRmSmWallSideExBg01.nif
Skyrim.esm	STAT	00013F88	NorRmSmWallSideExSm01		Dungeons\Nordic\SmRooms\NorRmSmWallSideExSm01.nif
Skyrim.esm	STAT	00060F24	NorRmSmWallSideExSm01ice		Dungeons\Nordic\SmRooms\NorRmSmWallSideExSm01.nif
Skyrim.esm	STAT	0009A9C8	NorRmSmWallSideExSm01Snow		Dungeons\Nordic\SmRooms\NorRmSmWallSideExSm01.nif
Skyrim.esm	STAT	0003CB81	NorRmSmWallSideFireplace01		Dungeons\Nordic\SmRooms\NorRmSmWallSideFireplace01.nif
Skyrim.esm	STAT	00013F89	NorRmSmWallSideWin01		Dungeons\Nordic\SmRooms\NorRmSmWallSideWin01.nif
Skyrim.esm	STAT	00034458	NorRubblePiece01		Dungeons\Nordic\Rubble\NorRubblePiece01.nif
Skyrim.esm	STAT	00034459	NorRubblePiece02		Dungeons\Nordic\Rubble\NorRubblePiece02.nif
Skyrim.esm	STAT	0006CFCD	NorRubblePiece02snow		Dungeons\Nordic\Rubble\NorRubblePiece02.nif
Skyrim.esm	STAT	0003445A	NorRubblePiece03		Dungeons\Nordic\Rubble\NorRubblePiece03.nif
Skyrim.esm	STAT	000A2A2C	NorRubblePiece03ice		Dungeons\Nordic\Rubble\NorRubblePiece03.nif
Skyrim.esm	STAT	0006CFCE	NorRubblePiece03snow		Dungeons\Nordic\Rubble\NorRubblePiece03.nif
Skyrim.esm	STAT	0003445B	NorRubblePiece04		Dungeons\Nordic\Rubble\NorRubblePiece04.nif
Skyrim.esm	STAT	0007712F	NorRubblePiece04ice		Dungeons\Nordic\Rubble\NorRubblePiece04.nif
Skyrim.esm	STAT	0003445C	NorRubblePiece05		Dungeons\Nordic\Rubble\NorRubblePiece05.nif
Skyrim.esm	STAT	00030123	NorRubblePile01		Dungeons\Nordic\Rubble\NorRubblePile01.nif
Skyrim.esm	STAT	0009D31E	NorRubblePile01Ice		Dungeons\Nordic\Rubble\NorRubblePile01.nif
Skyrim.esm	STAT	0010AA2C	NorRubblePile01LightIce		Dungeons\Nordic\Rubble\NorRubblePile01.nif
Skyrim.esm	STAT	00032D1B	NorRubblePile01Snow		Dungeons\Nordic\Rubble\NorRubblePile01.nif
Skyrim.esm	STAT	00030122	NorRubblePile02		Dungeons\Nordic\Rubble\NorRubblePile02.nif
Skyrim.esm	STAT	0009D31D	NorRubblePile02Ice		Dungeons\Nordic\Rubble\NorRubblePile02.nif
Skyrim.esm	STAT	00032D1C	NorRubblePile02Snow		Dungeons\Nordic\Rubble\NorRubblePile02.nif
Skyrim.esm	STAT	00030121	NorRubblePile03		Dungeons\Nordic\Rubble\NorRubblePile03.nif
Skyrim.esm	STAT	0010AA2B	NorRubblePile03Ice		Dungeons\Nordic\Rubble\NorRubblePile03.nif
Skyrim.esm	STAT	00032D1D	NorRubblePile03Snow		Dungeons\Nordic\Rubble\NorRubblePile03.nif
Skyrim.esm	STAT	00030120	NorRubblePile04		Dungeons\Nordic\Rubble\NorRubblePile04.nif
Skyrim.esm	STAT	00061D66	NorRubblePile04ice		Dungeons\Nordic\Rubble\NorRubblePile04.nif
Skyrim.esm	STAT	0010AAE6	NorRubblePile04LightIce		Dungeons\Nordic\Rubble\NorRubblePile04.nif
Skyrim.esm	STAT	00032D1E	NorRubblePile04Snow		Dungeons\Nordic\Rubble\NorRubblePile04.nif
Skyrim.esm	STAT	0003011F	NorRubblePile05		Dungeons\Nordic\Rubble\NorRubblePile05.nif
Skyrim.esm	STAT	00061D67	NorRubblePile05ice		Dungeons\Nordic\Rubble\NorRubblePile05.nif
Skyrim.esm	STAT	0010AAE8	NorRubblePile05LightIce		Dungeons\Nordic\Rubble\NorRubblePile05.nif
Skyrim.esm	STAT	00032D1F	NorRubblePile05Snow		Dungeons\Nordic\Rubble\NorRubblePile05.nif
Skyrim.esm	STAT	0003BC38	NorRubblePile06		Dungeons\Nordic\Rubble\NorRubblePile06.nif
Skyrim.esm	STAT	00077127	NorRubblePile06ice		Dungeons\Nordic\Rubble\NorRubblePile06.nif
Skyrim.esm	STAT	0010AAE7	NorRubblePile06LightIce		Dungeons\Nordic\Rubble\NorRubblePile06.nif
Skyrim.esm	STAT	0009A7DB	NorRubblePile06Snow		Dungeons\Nordic\Rubble\NorRubblePile06.nif
Skyrim.esm	STAT	0003BC39	NorRubblePile07		Dungeons\Nordic\Rubble\NorRubblePile07.nif
Skyrim.esm	STAT	0007712D	NorRubblePile07ice		Dungeons\Nordic\Rubble\NorRubblePile07.nif
Skyrim.esm	STAT	0009A7DC	NorRubblePile07Snow		Dungeons\Nordic\Rubble\NorRubblePile07.nif
Skyrim.esm	STAT	0003BC3A	NorRubblePile08		Dungeons\Nordic\Rubble\NorRubblePile08.nif
Skyrim.esm	STAT	00077130	NorRubblePile08ice		Dungeons\Nordic\Rubble\NorRubblePile08.nif
Skyrim.esm	STAT	0009A7DD	NorRubblePile08Snow		Dungeons\Nordic\Rubble\NorRubblePile08.nif
Skyrim.esm	STAT	00040738	NorRubblePileCeiling01		Dungeons\Nordic\Rubble\NorRubblePileCeiling01.nif
Skyrim.esm	STAT	000A50A0	NorRubblePileCeiling01Ice		Dungeons\Nordic\Rubble\NorRubblePileCeiling01.nif
Skyrim.esm	STAT	0004073E	NorRubblePileCeiling02		Dungeons\Nordic\Rubble\NorRubblePileCeiling02.nif
Skyrim.esm	STAT	00077125	NorRubblePileCeiling02ice		Dungeons\Nordic\Rubble\NorRubblePileCeiling02.nif
Skyrim.esm	STAT	00034CE1	NorSarcophagusBottom		Clutter\Ruins\RuinsSarcophagus_Bottom01.nif
Skyrim.esm	STAT	000EC326	NorSarcophagusBottom_ice		Clutter\Ruins\RuinsSarcophagus_Bottom01.nif
Skyrim.esm	STAT	00077122	NorSarcophagusBottomice		Clutter\Ruins\RuinsSarcophagus_Bottom01.nif
Skyrim.esm	STAT	00072607	NorSarcophagusBottomSnow		Clutter\Ruins\RuinsSarcophagus_Bottom01.nif
Skyrim.esm	STAT	0003F7DC	NorSarcophagusBroken01		Clutter\Ruins\RuinsFurnitureRubble01.nif
Skyrim.esm	STAT	0003F7DE	NorSarcophagusBroken01chunk		Clutter\Ruins\RuinsFurnitureRubble02.nif
Skyrim.esm	STAT	000770D3	NorSarcophagusBroken01ice		Clutter\Ruins\RuinsFurnitureRubble01.nif
Skyrim.esm	STAT	00035A35	NorSarcophagusBroken01Snow		Clutter\Ruins\RuinsFurnitureRubble01.nif
Skyrim.esm	STAT	00034CE3	NorSarcophagusTop		Clutter\Ruins\RuinsSarcophagus_Top01.nif
Skyrim.esm	STAT	000770DD	NorSarcophagusTopice		Clutter\Ruins\RuinsSarcophagus_Top01.nif
Skyrim.esm	STAT	00072606	NorSarcophagusTopSnow		Clutter\Ruins\RuinsSarcophagus_Top01.nif
Skyrim.esm	STAT	0006B111	NorSarcophagusVertBottom01		Clutter\Ruins\RuinsSarcophagusVert01.nif
Skyrim.esm	STAT	0006BDCF	NorSarcophagusVertBottom02		Clutter\Ruins\RuinsSarcophagusVert02.nif
Skyrim.esm	STAT	0006BDD1	NorSarcophagusVertBottom03		Clutter\Ruins\RuinsSarcophagusVert03.nif
Skyrim.esm	STAT	0007712E	NorSarcophagusVertBottom03ice		Clutter\Ruins\RuinsSarcophagusVert03.nif
Skyrim.esm	STAT	0006BDD5	NorSarcophagusVertBottomSecret		Clutter\Ruins\RuinsSarcophagusVertHole.nif
Skyrim.esm	STAT	00042D04	NorSculptureHead01		Dungeons\Nordic\Clutter\NorSculptureHead01.nif
Skyrim.esm	STAT	00082A47	NorSculptureHead01ice		Dungeons\Nordic\Clutter\NorSculptureHead01.nif
Skyrim.esm	STAT	00097AC4	NorSculptureHead01snow		Dungeons\Nordic\Clutter\NorSculptureHead01.nif
Skyrim.esm	STAT	000D85F7	NorSculptureHead01Sulfur		Dungeons\Nordic\Clutter\NorSculptureHead01.nif
Skyrim.esm	STAT	0001E1BF	NorSec1way01		Dungeons\Nordic\SecretPass\NorSec1way01.nif
Skyrim.esm	STAT	0001E1D0	NorSec1way02		Dungeons\Nordic\SecretPass\NorSec1way02.nif
Skyrim.esm	STAT	00082E80	NorSec1way02ice		Dungeons\Nordic\SecretPass\NorSec1way02.nif
Skyrim.esm	STAT	0001E1BE	NorSec1wayRamp384		Dungeons\Nordic\SecretPass\NorSec1wayRamp384.nif
Skyrim.esm	STAT	0001E1BC	NorSec1wayShiftL01		Dungeons\Nordic\SecretPass\NorSec1wayShiftL01.nif
Skyrim.esm	STAT	0001E1BD	NorSec1wayShiftR01		Dungeons\Nordic\SecretPass\NorSec1wayShiftR01.nif
Skyrim.esm	STAT	0001E1BB	NorSec2way01		Dungeons\Nordic\SecretPass\NorSec2way01.nif
Skyrim.esm	STAT	0001E1D1	NorSec2way02		Dungeons\Nordic\SecretPass\NorSec2way02.nif
Skyrim.esm	STAT	00082EA9	NorSec2way02ice		Dungeons\Nordic\SecretPass\NorSec2way02.nif
Skyrim.esm	STAT	0001E1C1	NorSecRmSmWallFrontExSm01		Dungeons\Nordic\SecretPass\NorSecRmSmWallFrontExSm01.nif
Skyrim.esm	STAT	00082E72	NorSecRmSmWallFrontExSm01ice		Dungeons\Nordic\SecretPass\NorSecRmSmWallFrontExSm01.nif
Skyrim.esm	STAT	000B7463	NorSecRmSmWallFrontExSm02		Dungeons\Nordic\SecretPass\NorSecRmSmWallFrontExSm02.nif
Skyrim.esm	STAT	0001E1C0	NorSecRmSmWallSideExSm01		Dungeons\Nordic\SecretPass\NorSecRmSmWallSideExSm01.nif
Skyrim.esm	STAT	000B7462	NorSecRmSmWallSideExSm02		Dungeons\Nordic\SecretPass\NorSecRmSmWallSideExSm02.nif
Skyrim.esm	STAT	00024F08	NorShaftTrapDoorSmallerSTATIC		Dungeons\Nordic\Doors\Animated\TrapDoor\Ruins_TrapDoorSmaller01.nif
Skyrim.esm	STAT	00024F07	NorShaftTrapDoorSTATIC		Dungeons\Nordic\Doors\Animated\TrapDoor\Ruins_TrapDoor01.nif
Skyrim.esm	STAT	000A9228	NorShaftTrapDoorSTATIC_HeavySN		Dungeons\Nordic\Doors\Animated\TrapDoor\Ruins_TrapDoor01.nif
Skyrim.esm	STAT	000267CD	NorTable01NoShadow		Clutter\Ruins\RuinsTable01.nif
Skyrim.esm	STAT	00077121	NorTable01NoShadowice		Clutter\Ruins\RuinsTable01.nif
Skyrim.esm	STAT	0009DB6C	NorTable01NoShadowsnow		Clutter\Ruins\RuinsTable01.nif
Skyrim.esm	STAT	0005A405	NorTableLong01		Clutter\Ruins\RuinsLongTable01.nif
Skyrim.esm	STAT	000B0185	NorTempleEntranceHall01		Dungeons\Nordic\Exterior\NorTempleEntranceHall01.nif
Skyrim.esm	STAT	000F498E	NorTempleEntranceHall01SnowLight		Dungeons\Nordic\Exterior\NorTempleEntranceHall01.nif
Skyrim.esm	STAT	0001F6D5	NorTempleExterior01		Dungeons\Nordic\Exterior\NorTempleExterior01.nif
Skyrim.esm	STAT	00026FDE	NorTempleExterior01Base		Dungeons\Nordic\Exterior\NorTempleExterior01Base.nif
Skyrim.esm	STAT	00026FDF	NorTempleExterior01BaseSnow		Dungeons\Nordic\Exterior\NorTempleExterior01Base.nif
Skyrim.esm	STAT	00026FA1	NorTempleExterior01Snow		Dungeons\Nordic\Exterior\NorTempleExterior01.nif
Skyrim.esm	STAT	000B5D10	NorTempleExterior02		Dungeons\Nordic\Exterior\NorTempleExterior02.nif
Skyrim.esm	STAT	000B5D11	NorTempleExterior02Snow		Dungeons\Nordic\Exterior\NorTempleExterior02.nif
Skyrim.esm	STAT	00021F31	NorTempleExteriorRib01		Dungeons\Nordic\Exterior\NorTempleExteriorRib01.nif
Skyrim.esm	STAT	00026FE0	NorTempleExteriorRib01Base		Dungeons\Nordic\Exterior\NorTempleExteriorRib01Base.nif
Skyrim.esm	STAT	00026FE1	NorTempleExteriorRib01BaseSnow		Dungeons\Nordic\Exterior\NorTempleExteriorRib01Base.nif
Skyrim.esm	STAT	00026FCC	NorTempleExteriorRib01Snow		Dungeons\Nordic\Exterior\NorTempleExteriorRib01.nif
Skyrim.esm	STAT	00022F23	NorTempleExteriorRibFree01		Dungeons\Nordic\Exterior\NorTempleExteriorRibFree01.nif
Skyrim.esm	STAT	0010AA24	NorTempleExteriorRibFree01Ice		Dungeons\Nordic\Exterior\NorTempleExteriorRibFree01.nif
Skyrim.esm	STAT	00026FCA	NorTempleExteriorRibFree01Snow		Dungeons\Nordic\Exterior\NorTempleExteriorRibFree01.nif
Skyrim.esm	STAT	00022F22	NorTempleExteriorRibFree02		Dungeons\Nordic\Exterior\NorTempleExteriorRibFree02.nif
Skyrim.esm	STAT	00026FCB	NorTempleExteriorRibFree02Snow		Dungeons\Nordic\Exterior\NorTempleExteriorRibFree02.nif
Skyrim.esm	STAT	00022F21	NorTempleExteriorRibFree03		Dungeons\Nordic\Exterior\NorTempleExteriorRibFree03.nif
Skyrim.esm	STAT	0010AA25	NorTempleExteriorRibFree03Ice		Dungeons\Nordic\Exterior\NorTempleExteriorRibFree03.nif
Skyrim.esm	STAT	00026FDD	NorTempleExteriorRibFree03Snow		Dungeons\Nordic\Exterior\NorTempleExteriorRibFree03.nif
Skyrim.esm	STAT	00026FC8	NorTempleExteriorRibFree04		Dungeons\Nordic\Exterior\NorTempleExteriorRibFree04.nif
Skyrim.esm	STAT	0010AA34	NorTempleExteriorRibFree04Ice		Dungeons\Nordic\Exterior\NorTempleExteriorRibFree04.nif
Skyrim.esm	STAT	00026FCE	NorTempleExteriorRibFree04Snow		Dungeons\Nordic\Exterior\NorTempleExteriorRibFree04.nif
Skyrim.esm	STAT	00022F20	NorTempleExteriorRibFree05		Dungeons\Nordic\Exterior\NorTempleExteriorRibFree05.nif
Skyrim.esm	STAT	0010AA33	NorTempleExteriorRibFree05Ice		Dungeons\Nordic\Exterior\NorTempleExteriorRibFree05.nif
Skyrim.esm	STAT	00026FCD	NorTempleExteriorRibFree05Snow		Dungeons\Nordic\Exterior\NorTempleExteriorRibFree05.nif
Skyrim.esm	STAT	000D85ED	NorTempleExteriorRibFree05Sulfur		Dungeons\Nordic\Exterior\NorTempleExteriorRibFree05.nif
Skyrim.esm	STAT	00022F1F	NorTempleExteriorRibFree06		Dungeons\Nordic\Exterior\NorTempleExteriorRibFree06.nif
Skyrim.esm	STAT	00026FCF	NorTempleExteriorRibFree06Snow		Dungeons\Nordic\Exterior\NorTempleExteriorRibFree06.nif
Skyrim.esm	STAT	000D862F	NorTempleExteriorRibFree06Sulfur		Dungeons\Nordic\Exterior\NorTempleExteriorRibFree06.nif
Skyrim.esm	STAT	00026FC3	NorTempleExteriorRibFree07		Dungeons\Nordic\Exterior\NorTempleExteriorRibFree07.nif
Skyrim.esm	STAT	0010AA38	NorTempleExteriorRibFree07Ice		Dungeons\Nordic\Exterior\NorTempleExteriorRibFree07.nif
Skyrim.esm	STAT	00026FD0	NorTempleExteriorRibFree07Snow		Dungeons\Nordic\Exterior\NorTempleExteriorRibFree07.nif
Skyrim.esm	STAT	000D8694	NorTempleExteriorRibFree07Sulfur		Dungeons\Nordic\Exterior\NorTempleExteriorRibFree07.nif
Skyrim.esm	STAT	000800DE	NorTentLarge		Architecture\Tents\LargeNordicTent01.nif
Skyrim.esm	STAT	000EA068	NorTentLargeSnow		Architecture\Tents\LargeNordicTent01.nif
Skyrim.esm	STAT	000800E2	NorTentSmall		Architecture\Tents\SmallNordicTent01.nif
Skyrim.esm	STAT	00083ADC	NorTentSmallLightSnow		Architecture\Tents\SmallNordicTent01.nif
Skyrim.esm	STAT	00085FE4	NorTentSmallSnow		Architecture\Tents\SmallNordicTent01.nif
Skyrim.esm	STAT	000267D5	NorThroneSTATIC		Furniture\Nordic\Ruins_Chair01.nif
Skyrim.esm	STAT	00028A79	NorTmpExtDebris01		Dungeons\Nordic\Exterior\NorTmpExtDebris01.nif
Skyrim.esm	STAT	00028A83	NorTmpExtDebris01Snow		Dungeons\Nordic\Exterior\NorTmpExtDebris01.nif
Skyrim.esm	STAT	00028A78	NorTmpExtDebris02		Dungeons\Nordic\Exterior\NorTmpExtDebris02.nif
Skyrim.esm	STAT	000EC325	NorTmpExtDebris02_ice		Dungeons\Nordic\Exterior\NorTmpExtDebris02.nif
Skyrim.esm	STAT	00028A84	NorTmpExtDebris02Snow		Dungeons\Nordic\Exterior\NorTmpExtDebris02.nif
Skyrim.esm	STAT	00028A77	NorTmpExtDebris03		Dungeons\Nordic\Exterior\NorTmpExtDebris03.nif
Skyrim.esm	STAT	00028A85	NorTmpExtDebris03Snow		Dungeons\Nordic\Exterior\NorTmpExtDebris03.nif
Skyrim.esm	STAT	00028A76	NorTmpExtDebris04		Dungeons\Nordic\Exterior\NorTmpExtDebris04.nif
Skyrim.esm	STAT	00028A86	NorTmpExtDebris04Snow		Dungeons\Nordic\Exterior\NorTmpExtDebris04.nif
Skyrim.esm	STAT	00028A75	NorTmpExtDebris05		Dungeons\Nordic\Exterior\NorTmpExtDebris05.nif
Skyrim.esm	STAT	000EC324	NorTmpExtDebris05_ice		Dungeons\Nordic\Exterior\NorTmpExtDebris05.nif
Skyrim.esm	STAT	00028A87	NorTmpExtDebris05Snow		Dungeons\Nordic\Exterior\NorTmpExtDebris05.nif
Skyrim.esm	STAT	00028A74	NorTmpExtDebris06		Dungeons\Nordic\Exterior\NorTmpExtDebris06.nif
Skyrim.esm	STAT	000EC323	NorTmpExtDebris06_ice		Dungeons\Nordic\Exterior\NorTmpExtDebris06.nif
Skyrim.esm	STAT	00028A88	NorTmpExtDebris06Snow		Dungeons\Nordic\Exterior\NorTmpExtDebris06.nif
Skyrim.esm	STAT	00028A73	NorTmpExtDebris07		Dungeons\Nordic\Exterior\NorTmpExtDebris07.nif
Skyrim.esm	STAT	00028A89	NorTmpExtDebris07Snow		Dungeons\Nordic\Exterior\NorTmpExtDebris07.nif
Skyrim.esm	STAT	00028A72	NorTmpExtDebris08		Dungeons\Nordic\Exterior\NorTmpExtDebris08.nif
Skyrim.esm	STAT	00028A8A	NorTmpExtDebris08Snow		Dungeons\Nordic\Exterior\NorTmpExtDebris08.nif
Skyrim.esm	STAT	001044D7	NorTmpExtPlanter01		Dungeons\Nordic\Exterior\NorTmpExtPlanter01.nif
Skyrim.esm	STAT	00026F7A	NorTmpExtPlatCorDblEnd01		Dungeons\Nordic\Exterior\NorTmpExtPlatCorDblEnd01.nif
Skyrim.esm	STAT	00026FA0	NorTmpExtPlatCorDblEnd01Snow		Dungeons\Nordic\Exterior\NorTmpExtPlatCorDblEnd01.nif
Skyrim.esm	STAT	00026F79	NorTmpExtPlatCorIn01		Dungeons\Nordic\Exterior\NorTmpExtPlatCorIn01.nif
Skyrim.esm	STAT	00026FD1	NorTmpExtPlatCorIn01Snow		Dungeons\Nordic\Exterior\NorTmpExtPlatCorIn01.nif
Skyrim.esm	STAT	00026F7B	NorTmpExtPlatCorOut01		Dungeons\Nordic\Exterior\NorTmpExtPlatCorOut01.nif
Skyrim.esm	STAT	0005E833	NorTmpExtPlatCorOut01_LightSN		Dungeons\Nordic\Exterior\NorTmpExtPlatCorOut01.nif
Skyrim.esm	STAT	0010AA2E	NorTmpExtPlatCorOut01Ice		Dungeons\Nordic\Exterior\NorTmpExtPlatCorOut01.nif
Skyrim.esm	STAT	0010AAE0	NorTmpExtPlatCorOut01LightIce		Dungeons\Nordic\Exterior\NorTmpExtPlatCorOut01.nif
Skyrim.esm	STAT	00026FD2	NorTmpExtPlatCorOut01Snow		Dungeons\Nordic\Exterior\NorTmpExtPlatCorOut01.nif
Skyrim.esm	STAT	0002BE41	NorTmpExtPlatExSmFree01		Dungeons\Nordic\Exterior\NorTmpExtPlatExSmFree01.nif
Skyrim.esm	STAT	0005E83E	NorTmpExtPlatExSmFree01_LightSN		Dungeons\Nordic\Exterior\NorTmpExtPlatExSmFree01.nif
Skyrim.esm	STAT	00030B00	NorTmpExtPlatExSmFree01Snow		Dungeons\Nordic\Exterior\NorTmpExtPlatExSmFree01.nif
Skyrim.esm	STAT	00028A62	NorTmpExtPlatFloorRaised01		Dungeons\Nordic\Exterior\NorTmpExtPlatFloorRaised01.nif
Skyrim.esm	STAT	001044CB	NorTmpExtPlatFloorRaised01CutStone		Dungeons\Nordic\Exterior\NorTmpExtPlatFloorRaised01Stone.nif
Skyrim.esm	STAT	0010AA35	NorTmpExtPlatFloorRaised01HeavyIce		Dungeons\Nordic\Exterior\NorTmpExtPlatFloorRaised01.nif
Skyrim.esm	STAT	0010AA2D	NorTmpExtPlatFloorRaised01Ice		Dungeons\Nordic\Exterior\NorTmpExtPlatFloorRaised01.nif
Skyrim.esm	STAT	0009A7F9	NorTmpExtPlatFloorRaised01LtSnow		Dungeons\Nordic\Exterior\NorTmpExtPlatFloorRaised01.nif
Skyrim.esm	STAT	00028A64	NorTmpExtPlatFloorRaised01Snow		Dungeons\Nordic\Exterior\NorTmpExtPlatFloorRaised01.nif
Skyrim.esm	STAT	000A4C9F	NorTmpExtPlatFloorRaised01SnowCustom01		Dungeons\Nordic\Exterior\NorTmpExtPlatFloorRaised01.nif
Skyrim.esm	STAT	000C5494	NorTmpExtPlatFloorRaised01SnowLight		Dungeons\Nordic\Exterior\NorTmpExtPlatFloorRaised01.nif
Skyrim.esm	STAT	0003493F	NorTmpExtPlatGuardHouse01		Dungeons\Nordic\Exterior\NorTmpExtPlatGaurdHouse01.nif
Skyrim.esm	STAT	00034940	NorTmpExtPlatGuardHouse01Snow		Dungeons\Nordic\Exterior\NorTmpExtPlatGaurdHouse01.nif
Skyrim.esm	STAT	00026F77	NorTmpExtPlatMid01		Dungeons\Nordic\Exterior\NorTmpExtPlatMid01.nif
Skyrim.esm	STAT	00026FD3	NorTmpExtPlatMid01Snow		Dungeons\Nordic\Exterior\NorTmpExtPlatMid01.nif
Skyrim.esm	STAT	00026F78	NorTmpExtPlatMid02		Dungeons\Nordic\Exterior\NorTmpExtPlatMid02.nif
Skyrim.esm	STAT	00026FD4	NorTmpExtPlatMid02Snow		Dungeons\Nordic\Exterior\NorTmpExtPlatMid02.nif
Skyrim.esm	STAT	0003493E	NorTmpExtPlatShaftBot01		Dungeons\Nordic\Exterior\NorTmpExtPlatShaftBot01.nif
Skyrim.esm	STAT	00034941	NorTmpExtPlatShaftBot01Snow		Dungeons\Nordic\Exterior\NorTmpExtPlatShaftBot01.nif
Skyrim.esm	STAT	00026F76	NorTmpExtPlatStairCapL01		Dungeons\Nordic\Exterior\NorTmpExtPlatStairCapL01.nif
Skyrim.esm	STAT	0010AA30	NorTmpExtPlatStairCapL01Ice		Dungeons\Nordic\Exterior\NorTmpExtPlatStairCapL01.nif
Skyrim.esm	STAT	0010AADE	NorTmpExtPlatStairCapL01LightIce		Dungeons\Nordic\Exterior\NorTmpExtPlatStairCapL01.nif
Skyrim.esm	STAT	00026FD5	NorTmpExtPlatStairCapL01Snow		Dungeons\Nordic\Exterior\NorTmpExtPlatStairCapL01.nif
Skyrim.esm	STAT	00026F75	NorTmpExtPlatStairCapR01		Dungeons\Nordic\Exterior\NorTmpExtPlatStairCapR01.nif
Skyrim.esm	STAT	0010AA2F	NorTmpExtPlatStairCapR01Ice		Dungeons\Nordic\Exterior\NorTmpExtPlatStairCapR01.nif
Skyrim.esm	STAT	0010AADF	NorTmpExtPlatStairCapR01LightIce		Dungeons\Nordic\Exterior\NorTmpExtPlatStairCapR01.nif
Skyrim.esm	STAT	00026FD6	NorTmpExtPlatStairCapR01snow		Dungeons\Nordic\Exterior\NorTmpExtPlatStairCapR01.nif
Skyrim.esm	STAT	00026F74	NorTmpExtPlatStairMid01		Dungeons\Nordic\Exterior\NorTmpExtPlatStairMid01.nif
Skyrim.esm	STAT	00026FD7	NorTmpExtPlatStairMid01Snow		Dungeons\Nordic\Exterior\NorTmpExtPlatStairMid01.nif
Skyrim.esm	STAT	00026F98	NorTmpExtPlatStairMid02		Dungeons\Nordic\Exterior\NorTmpExtPlatStairMid02.nif
Skyrim.esm	STAT	000F1FEA	NorTmpExtPlatStairMid02Heavy_SN		Dungeons\Nordic\Exterior\NorTmpExtPlatStairMid02.nif
Skyrim.esm	STAT	00026FD8	NorTmpExtPlatStairMid02Light_SN		Dungeons\Nordic\Exterior\NorTmpExtPlatStairMid02.nif
Skyrim.esm	STAT	00028A8B	NorTmpExtPlatTower01		Dungeons\Nordic\Exterior\NorTmpExtPlatTower01.nif
Skyrim.esm	STAT	00106ABC	NorTmpExtPlatTower01Custom		Dungeons\Nordic\Clutter\NorTmpExtPlatTower01Custom.nif
Skyrim.esm	STAT	00028A94	NorTmpExtPlatTower01Snow		Dungeons\Nordic\Exterior\NorTmpExtPlatTower01.nif
Skyrim.esm	STAT	00028AA7	NorTmpExtPlatTower02		Dungeons\Nordic\Exterior\NorTmpExtPlatTower02.nif
Skyrim.esm	STAT	00028AA8	NorTmpExtPlatTower02Snow		Dungeons\Nordic\Exterior\NorTmpExtPlatTower02.nif
Skyrim.esm	STAT	00028A8C	NorTmpExtPlatTowerBridge01		Dungeons\Nordic\Exterior\NorTmpExtPlatTowerBridge01.nif
Skyrim.esm	STAT	0010AA36	NorTmpExtPlatTowerBridge01Ice		Dungeons\Nordic\Exterior\NorTmpExtPlatTowerBridge01.nif
Skyrim.esm	STAT	0010AAEA	NorTmpExtPlatTowerBridge01LightIce		Dungeons\Nordic\Exterior\NorTmpExtPlatTowerBridge01.nif
Skyrim.esm	STAT	00028A95	NorTmpExtPlatTowerBridge01Snow		Dungeons\Nordic\Exterior\NorTmpExtPlatTowerBridge01.nif
Skyrim.esm	STAT	000A6C84	NorTmpExtPlatTowerBridgeEndCap01		Dungeons\Nordic\Exterior\NorTmpExtPlatTowerBridgeEndCap01.nif
Skyrim.esm	STAT	00028A8D	NorTmpExtPlatTowerBridgeFree01		Dungeons\Nordic\Exterior\NorTmpExtPlatTowerBridgeFree01.nif
Skyrim.esm	STAT	00028A96	NorTmpExtPlatTowerBridgeFree01Snow		Dungeons\Nordic\Exterior\NorTmpExtPlatTowerBridgeFree01.nif
Skyrim.esm	STAT	00026F7D	NorTmpExtPlatWall01		Dungeons\Nordic\Exterior\NorTmpExtPlatWall01.nif
Skyrim.esm	STAT	00099456	NorTmpExtPlatWall01LightSnow		Dungeons\Nordic\Exterior\NorTmpExtPlatWall01.nif
Skyrim.esm	STAT	00026FD9	NorTmpExtPlatWall01Snow		Dungeons\Nordic\Exterior\NorTmpExtPlatWall01.nif
Skyrim.esm	STAT	00026F7C	NorTmpExtPlatWall02		Dungeons\Nordic\Exterior\NorTmpExtPlatWall02.nif
Skyrim.esm	STAT	0005E83F	NorTmpExtPlatWall02_LightSN		Dungeons\Nordic\Exterior\NorTmpExtPlatWall02.nif
Skyrim.esm	STAT	0010AA39	NorTmpExtPlatWall02Ice		Dungeons\Nordic\Exterior\NorTmpExtPlatWall02.nif
Skyrim.esm	STAT	00026FDA	NorTmpExtPlatWall02Snow		Dungeons\Nordic\Exterior\NorTmpExtPlatWall02.nif
Skyrim.esm	STAT	00028A6D	NorTmpExtStairsFree01		Dungeons\Nordic\Exterior\NorTmpExtStairsFree01.nif
Skyrim.esm	STAT	00028A6F	NorTmpExtStairsFree01Snow		Dungeons\Nordic\Exterior\NorTmpExtStairsFree01.nif
Skyrim.esm	STAT	0001A721	NorTmpHallBg1way01		Dungeons\Nordic\Temple\BgHalls\NorTmpHallBg1way01.nif
Skyrim.esm	STAT	0002CD99	NorTmpHallBg1wayCover01		Dungeons\Nordic\Temple\BgHalls\NorTmpHallBg1wayCover01.nif
Skyrim.esm	STAT	0002903B	NorTmpHallBg1wayEntrance01		Dungeons\Nordic\Temple\BgHalls\NorTmpHallBg1wayEntrance01.nif
Skyrim.esm	STAT	0002EEF7	NorTmpHallBg1wayEntrance01Ice		Dungeons\Nordic\Temple\BgHalls\NorTmpHallBg1wayEntrance01.nif
Skyrim.esm	STAT	0001B1B6	NorTmpHallBg1wayS01		Dungeons\Nordic\Temple\BgHalls\NorTmpHallBg1wayS01.nif
Skyrim.esm	STAT	0001B1B0	NorTmpHallBg1waySEndL01		Dungeons\Nordic\Temple\BgHalls\NorTmpHallBg1waySEndL01.nif
Skyrim.esm	STAT	0001B1B1	NorTmpHallBg1waySEndR01		Dungeons\Nordic\Temple\BgHalls\NorTmpHallBg1waySEndR01.nif
Skyrim.esm	STAT	0002EA29	NorTmpHallBg1wayShadowCap01		Dungeons\Nordic\Temple\BgHalls\NorTmpHallBg1wayShadowCap01.nif
Skyrim.esm	STAT	0002EA2A	NorTmpHallBg1wayShadowCap02		Dungeons\Nordic\Temple\BgHalls\NorTmpHallBg1wayShadowCap02.nif
Skyrim.esm	STAT	0002EA2D	NorTmpHallBg1wayShadowCapEx01		Dungeons\Nordic\Temple\BgHalls\NorTmpHallBg1wayShadowCapEx01.nif
Skyrim.esm	STAT	0001B1B2	NorTmpHallBg1waySL2R01		Dungeons\Nordic\Temple\BgHalls\NorTmpHallBg1waySL2R01.nif
Skyrim.esm	STAT	0001B1B3	NorTmpHallBg1waySR2L01		Dungeons\Nordic\Temple\BgHalls\NorTmpHallBg1waySR2L01.nif
Skyrim.esm	STAT	0001B1B4	NorTmpHallBg1wayStairsDown01		Dungeons\Nordic\Temple\BgHalls\NorTmpHallBg1wayStairsDown01.nif
Skyrim.esm	STAT	0001B1B5	NorTmpHallBg1wayStairsUp01		Dungeons\Nordic\Temple\BgHalls\NorTmpHallBg1wayStairsUp01.nif
Skyrim.esm	STAT	0002CD98	NorTmpHallBg1wayToHallBg01		Dungeons\Nordic\Temple\BgHalls\NorTmpHallBg1wayToHallBg01.nif
Skyrim.esm	STAT	0002CD9A	NorTmpHallBg1wayWall01		Dungeons\Nordic\Temple\BgHalls\NorTmpHallBg1wayWall01.nif
Skyrim.esm	STAT	00024354	NorTmpHallBg1wayWall02		Dungeons\Nordic\Temple\BgHalls\NorTmpHallBg1wayWall02.nif
Skyrim.esm	STAT	00026E76	NorTmpHallBg1wayWall02a		Dungeons\Nordic\Temple\BgHalls\NorTmpHallBg1wayWall02a.nif
Skyrim.esm	STAT	00026E77	NorTmpHallBg1wayWall02aSnow		Dungeons\Nordic\Temple\BgHalls\NorTmpHallBg1wayWall02a.nif
Skyrim.esm	STAT	0002EEF6	NorTmpHallBg1wayWall02Ice		Dungeons\Nordic\Temple\BgHalls\NorTmpHallBg1wayWall02.nif
Skyrim.esm	STAT	00033413	NorTmpHallBg1wayWall03		Dungeons\Nordic\Temple\BgHalls\NorTmpHallBg1wayWall03.nif
Skyrim.esm	STAT	0002CD96	NorTmpHallBgColumn01		Dungeons\Nordic\Temple\BgHalls\NorTmpHallBgColumn01.nif
Skyrim.esm	STAT	0002CD97	NorTmpHallBgColumn02		Dungeons\Nordic\Temple\BgHalls\NorTmpHallBgColumn02.nif
Skyrim.esm	STAT	00033414	NorTmpHallBgColumn03		Dungeons\Nordic\Temple\BgHalls\NorTmpHallBgColumn03.nif
Skyrim.esm	STAT	00032D0C	NorTmpHallBgColumnSm01		Dungeons\Nordic\Temple\BgHalls\NorTmpHallBgColumnSm01.nif
Skyrim.esm	STAT	00032D0D	NorTmpHallBgColumnSm02		Dungeons\Nordic\Temple\BgHalls\NorTmpHallBgColumnSm02.nif
Skyrim.esm	STAT	00032D12	NorTmpHallBgColumnSm03		Dungeons\Nordic\Temple\BgHalls\NorTmpHallBgColumnSm03.nif
Skyrim.esm	STAT	00032D13	NorTmpHallBgColumnSm03Snow		Dungeons\Nordic\Temple\BgHalls\NorTmpHallBgColumnSm03.nif
Skyrim.esm	STAT	00032D11	NorTmpHallBgColumnSm04		Dungeons\Nordic\Temple\BgHalls\NorTmpHallBgColumnSm04.nif
Skyrim.esm	STAT	00032D14	NorTmpHallBgColumnSm04Snow		Dungeons\Nordic\Temple\BgHalls\NorTmpHallBgColumnSm04.nif
Skyrim.esm	STAT	00017EDE	NorTowerRuins01		Dungeons\Nordic\Exterior\Towers\NorTowerRuins01.nif
Skyrim.esm	STAT	0002F1B4	NorTowerRuins01Snow		Dungeons\Nordic\Exterior\Towers\NorTowerRuins01.nif
Skyrim.esm	STAT	0001E680	NorTowerRuinsIntBotFloor01		Dungeons\Nordic\Exterior\Towers\NorTowerRuinsIntBotFloor01.nif
Skyrim.esm	STAT	0001E681	NorTowerRuinsIntTopFloor01		Dungeons\Nordic\Exterior\Towers\NorTowerRuinsIntTopFloor01.nif
Skyrim.esm	STAT	0002F1B5	NorTowerRuinsIntTopFloor01Snow		Dungeons\Nordic\Exterior\Towers\NorTowerRuinsIntTopFloor01.nif
Skyrim.esm	STAT	0001E682	NorTowerRuinsIntTopFloor02		Dungeons\Nordic\Exterior\Towers\NorTowerRuinsIntTopFloor02.nif
Skyrim.esm	STAT	0006A528	NorTowerRuinsIntTopFloor02Snow		Dungeons\Nordic\Exterior\Towers\NorTowerRuinsIntTopFloor02.nif
Skyrim.esm	STAT	0001E683	NorTowerRuinsIntTopFloor03		Dungeons\Nordic\Exterior\Towers\NorTowerRuinsIntTopFloor03.nif
Skyrim.esm	STAT	0001E684	NorTowerRuinsIntTopFloorStairs01		Dungeons\Nordic\Exterior\Towers\NorTowerRuinsIntTopFloorStairs01.nif
Skyrim.esm	STAT	0002F1B7	NorTowerRuinsIntTopFloorStairs01Snow		Dungeons\Nordic\Exterior\Towers\NorTowerRuinsIntTopFloorStairs01.nif
Skyrim.esm	STAT	0001E685	NorTowerRuinsIntTopFloorStairs02		Dungeons\Nordic\Exterior\Towers\NorTowerRuinsIntTopFloorStairs02.nif
Skyrim.esm	STAT	0002F1B8	NorTowerRuinsIntTopFloorStairs02Snow		Dungeons\Nordic\Exterior\Towers\NorTowerRuinsIntTopFloorStairs02.nif
Skyrim.esm	STAT	0001E686	NorTowerRuinsRamp01		Dungeons\Nordic\Exterior\Towers\NorTowerRuinsRamp01.nif
Skyrim.esm	STAT	0002F1B6	NorTowerRuinsRamp01Snow		Dungeons\Nordic\Exterior\Towers\NorTowerRuinsRamp01.nif
Skyrim.esm	STAT	0003A1EF	NorVineCeiling01NoCol		Dungeons\Nordic\Rubble\NorVineCeiling01NoCol.nif
Skyrim.esm	STAT	0003A1ED	NorVineFloor01		Dungeons\Nordic\Rubble\NorVineFloor01.nif
Skyrim.esm	STAT	0003A1EC	NorVineFloor01NoCol		Dungeons\Nordic\Rubble\NorVineFloor01NoCol.nif
Skyrim.esm	STAT	0003A1F9	NorVineFloor02NoCol		Dungeons\Nordic\Rubble\NorVineFloor02NoCol.nif
Skyrim.esm	STAT	0003A1EE	NorVineWall01		Dungeons\Nordic\Rubble\NorVineWall01.nif
Skyrim.esm	STAT	0003A1EB	NorVineWall01NoCol		Dungeons\Nordic\Rubble\NorVineWall01NoCol.nif
Skyrim.esm	STAT	0003A1F8	NorVineWall02		Dungeons\Nordic\Rubble\NorVineWall02.nif
Skyrim.esm	STAT	0003A1FB	NorVineWall02NoCol		Dungeons\Nordic\Rubble\NorVineWall02NoCol.nif
Skyrim.esm	STAT	0003A1FC	NorVineWall03		Dungeons\Nordic\Rubble\NorVineWall03.nif
Skyrim.esm	STAT	0003A1FA	NorVineWall03NoCol		Dungeons\Nordic\Rubble\NorVineWall03NoCol.nif
Skyrim.esm	STAT	0006312D	NorWoodDoorSTATIC		Dungeons\Nordic\Doors\Animated\WoodDoor\RuinsWoodDoor01.nif
Skyrim.esm	STAT	0003171C	NorWordWall01		Dungeons\Nordic\Chambers\NorRunicAmphitheatre01.nif
Skyrim.esm	STAT	0005F985	NorWordWall01_HeavySN		Dungeons\Nordic\Chambers\NorRunicAmphitheatre01.nif
Skyrim.esm	STAT	0005F986	NorWordWall01_LightSN		Dungeons\Nordic\Chambers\NorRunicAmphitheatre01.nif
Skyrim.esm	STAT	000E8B2B	OrcChair01Static		Furniture\OrcFurniture\OrcChair01.nif
Skyrim.esm	STAT	000B234D	OrcLonghouseInteriorEastWing01		Architecture\OrcLonghouse\OrcLonghouseInteriorEastWing01.nif
Skyrim.esm	STAT	00042D44	OrcShelf01		Furniture\OrcFurniture\OrcShelf01.nif
Skyrim.esm	STAT	00042D30	OrcTable01		Furniture\OrcFurniture\OrcTable01.nif
Skyrim.esm	STAT	00042D3D	OrcTableRound01		Furniture\OrcFurniture\OrcTableRound01.nif
Skyrim.esm	STAT	00042D32	OrcTableSquare01		Furniture\OrcFurniture\OrcTableSquare01.nif
Skyrim.esm	STAT	000AAA35	PracticeDummy01		Clutter\PracticeDummy\PracticeDummy01.nif
Skyrim.esm	STAT	000AAA36	PracticeDummy02		Clutter\PracticeDummy\PracticeDummy02.nif
Skyrim.esm	STAT	000AAA37	PracticeDummy03		Clutter\PracticeDummy\PracticeDummy03.nif
Skyrim.esm	STAT	000A33D9	RifRmBgKeepFloorStone01		Architecture\Riften\Interior\BigRoomKeep\RifRmBgKeepFloorStone01.nif
Skyrim.esm	STAT	000A33DA	RifRmBgKeepFloorStone02		Architecture\Riften\Interior\BigRoomKeep\RifRmBgKeepFloorStone02.nif
Skyrim.esm	STAT	00098D84	RiftenRWRoomBCorner01		Dungeons\Riften\RatwayBarrel\RiftenRWRoomBCorner01.nif
Skyrim.esm	STAT	00098D85	RiftenRWRoomBCorner02		Dungeons\Riften\RatwayBarrel\RiftenRWRoomBCorner02.nif
Skyrim.esm	STAT	00098D86	RiftenRWRoomBCorner03		Dungeons\Riften\RatwayBarrel\RiftenRWRoomBCorner03.nif
Skyrim.esm	STAT	00098D87	RiftenRWRoomBCorner04		Dungeons\Riften\RatwayBarrel\RiftenRWRoomBCorner04.nif
Skyrim.esm	STAT	0009CAB2	RiftenRWRoomBCornerCap01		Dungeons\Riften\RatwayBarrel\RiftenRWRoomBCornerCap01.nif
Skyrim.esm	STAT	00098D88	RiftenRWRoomBCornerV01		Dungeons\Riften\RatwayBarrel\RiftenRWRoomBCornerV01.nif
Skyrim.esm	STAT	00098D89	RiftenRWRoomBDoor01		Dungeons\Riften\RatwayBarrel\RiftenRWRoomBDoor01.nif
Skyrim.esm	STAT	00098D8A	RiftenRWRoomBDoor02		Dungeons\Riften\RatwayBarrel\RiftenRWRoomBDoor02.nif
Skyrim.esm	STAT	00098D8B	RiftenRWRoomBDoor03		Dungeons\Riften\RatwayBarrel\RiftenRWRoomBDoor03.nif
Skyrim.esm	STAT	00098D8C	RiftenRWRoomBDoor04		Dungeons\Riften\RatwayBarrel\RiftenRWRoomBDoor04.nif
Skyrim.esm	STAT	00098D8D	RiftenRWRoomBDoorC01		Dungeons\Riften\RatwayBarrel\RiftenRWRoomBDoorC01.nif
Skyrim.esm	STAT	00098D8E	RiftenRWRoomBDoorC02		Dungeons\Riften\RatwayBarrel\RiftenRWRoomBDoorC02.nif
Skyrim.esm	STAT	00098D8F	RiftenRWRoomBDoorC03		Dungeons\Riften\RatwayBarrel\RiftenRWRoomBDoorC03.nif
Skyrim.esm	STAT	00098D93	RiftenRWRoomBDoorC04		Dungeons\Riften\RatwayBarrel\RiftenRWRoomBDoorC04.nif
Skyrim.esm	STAT	00098D90	RiftenRWRoomBDoorV01		Dungeons\Riften\RatwayBarrel\RiftenRWRoomBDoorV01.nif
Skyrim.esm	STAT	000AEBDE	RiftenRWRoomBDoorV01ice		Dungeons\Riften\RatwayBarrel\RiftenRWRoomBDoorV01.nif
Skyrim.esm	STAT	00098D91	RiftenRWRoomBEndCap01		Dungeons\Riften\RatwayBarrel\RiftenRWRoomBEndCap01.nif
Skyrim.esm	STAT	00098D72	RiftenRWRoomBEndCapDoor01		Dungeons\Riften\RatwayBarrel\RiftenRWRoomBEndCapDoor01.nif
Skyrim.esm	STAT	0009CA53	RiftenRWRoomBEndCapShort01		Dungeons\Riften\RatwayBarrel\RiftenRWRoomBEndCapShort01.nif
Skyrim.esm	STAT	0009CA54	RiftenRWRoomBEndCapShortDoor01		Dungeons\Riften\RatwayBarrel\RiftenRWRoomBEndCapShortDoor01.nif
Skyrim.esm	STAT	0009DC5C	RiftenRWRoomBEndCapShortVent01		Dungeons\Riften\RatwayBarrel\RiftenRWRoomBEndCapShortVent01.nif
Skyrim.esm	STAT	00098E25	RiftenRWRoomBFloorCorner01		Dungeons\Riften\RatwayBarrel\RiftenRWRoomBFloorCorner01.nif
Skyrim.esm	STAT	00098E26	RiftenRWRoomBFloorCorner02		Dungeons\Riften\RatwayBarrel\RiftenRWRoomBFloorCorner02.nif
Skyrim.esm	STAT	00098E29	RiftenRWRoomBFloorCorner03		Dungeons\Riften\RatwayBarrel\RiftenRWRoomBFloorCorner03.nif
Skyrim.esm	STAT	00098E22	RiftenRWRoomBFloorCorner04		Dungeons\Riften\RatwayBarrel\RiftenRWRoomBFloorCorner04.nif
Skyrim.esm	STAT	00098E24	RiftenRWRoomBFloorWall01		Dungeons\Riften\RatwayBarrel\RiftenRWRoomBFloorWall01.nif
Skyrim.esm	STAT	00098E27	RiftenRWRoomBFloorWall02		Dungeons\Riften\RatwayBarrel\RiftenRWRoomBFloorWall02.nif
Skyrim.esm	STAT	00098E28	RiftenRWRoomBFloorWall03		Dungeons\Riften\RatwayBarrel\RiftenRWRoomBFloorWall03.nif
Skyrim.esm	STAT	00098E23	RiftenRWRoomBFloorWall04		Dungeons\Riften\RatwayBarrel\RiftenRWRoomBFloorWall04.nif
Skyrim.esm	STAT	00098D73	RiftenRWRoomBMid01		Dungeons\Riften\RatwayBarrel\RiftenRWRoomBMid01.nif
Skyrim.esm	STAT	000F5DBA	RiftenRWRoomBMid01Ice		Dungeons\Riften\RatwayBarrel\RiftenRWRoomBMid01.nif
Skyrim.esm	STAT	00098D74	RiftenRWRoomBMid02		Dungeons\Riften\RatwayBarrel\RiftenRWRoomBMid02.nif
Skyrim.esm	STAT	00098D75	RiftenRWRoomBMid03		Dungeons\Riften\RatwayBarrel\RiftenRWRoomBMid03.nif
Skyrim.esm	STAT	00098D76	RiftenRWRoomBRoofL01		Dungeons\Riften\RatwayBarrel\RiftenRWRoomBRoofL01.nif
Skyrim.esm	STAT	00098D77	RiftenRWRoomBRoofL02		Dungeons\Riften\RatwayBarrel\RiftenRWRoomBRoofL02.nif
Skyrim.esm	STAT	00098D78	RiftenRWRoomBRoofL03		Dungeons\Riften\RatwayBarrel\RiftenRWRoomBRoofL03.nif
Skyrim.esm	STAT	00098D79	RiftenRWRoomBRoofR01		Dungeons\Riften\RatwayBarrel\RiftenRWRoomBRoofR01.nif
Skyrim.esm	STAT	00098D7A	RiftenRWRoomBRoofR02		Dungeons\Riften\RatwayBarrel\RiftenRWRoomBRoofR02.nif
Skyrim.esm	STAT	00098D7B	RiftenRWRoomBRoofR03		Dungeons\Riften\RatwayBarrel\RiftenRWRoomBRoofR03.nif
Skyrim.esm	STAT	0009DC4B	RiftenRWRoomBRoofRDoorWay		Dungeons\Riften\RatwayBarrel\RiftenRWRoomBRoofRDoorWay.nif
Skyrim.esm	STAT	00098D92	RiftenRWRoomBStairs01		Dungeons\Riften\RatwayBarrel\RiftenRWRoomBStairs01.nif
Skyrim.esm	STAT	000AEBE1	RiftenRWRoomBStairs01ice		Dungeons\Riften\RatwayBarrel\RiftenRWRoomBStairs01.nif
Skyrim.esm	STAT	00098D7C	RiftenRWRoomBSupport01		Dungeons\Riften\RatwayBarrel\RiftenRWRoomBSupport01.nif
Skyrim.esm	STAT	00098DB4	RiftenRWRoomBSupport02		Dungeons\Riften\RatwayBarrel\RiftenRWRoomBSupport02.nif
Skyrim.esm	STAT	00098D7D	RiftenRWRoomBSupportBase01		Dungeons\Riften\RatwayBarrel\RiftenRWRoomBSupportBase01.nif
Skyrim.esm	STAT	000AFCC1	RiftenRWRoomBSupportBase01ice		Dungeons\Riften\RatwayBarrel\RiftenRWRoomBSupportBase01.nif
Skyrim.esm	STAT	00098D7E	RiftenRWRoomBSupportBase02		Dungeons\Riften\RatwayBarrel\RiftenRWRoomBSupportBase02.nif
Skyrim.esm	STAT	00098DD9	RiftenRWRoomBSupportBase03		Dungeons\Riften\RatwayBarrel\RiftenRWRoomBSupportBase03.nif
Skyrim.esm	STAT	0009CA51	RiftenRWRoomBSupportShort01		Dungeons\Riften\RatwayBarrel\RiftenRWRoomBSupportShort01.nif
Skyrim.esm	STAT	0009CA52	RiftenRWRoomBSupportShort02		Dungeons\Riften\RatwayBarrel\RiftenRWRoomBSupportShort02.nif
Skyrim.esm	STAT	00098D7F	RiftenRWRoomBWall01		Dungeons\Riften\RatwayBarrel\RiftenRWRoomBWall01.nif
Skyrim.esm	STAT	00098D80	RiftenRWRoomBWall02		Dungeons\Riften\RatwayBarrel\RiftenRWRoomBWall02.nif
Skyrim.esm	STAT	00098D81	RiftenRWRoomBWall03		Dungeons\Riften\RatwayBarrel\RiftenRWRoomBWall03.nif
Skyrim.esm	STAT	00098D82	RiftenRWRoomBWall04		Dungeons\Riften\RatwayBarrel\RiftenRWRoomBWall04.nif
Skyrim.esm	STAT	00098D83	RiftenRWRoomBWallV01		Dungeons\Riften\RatwayBarrel\RiftenRWRoomBWallV01.nif
Skyrim.esm	STAT	000AEBDD	RiftenRWRoomBWallV01ice		Dungeons\Riften\RatwayBarrel\RiftenRWRoomBWallV01.nif
Skyrim.esm	STAT	00048E59	RiftenRWRoomCore01		Dungeons\Riften\RatwayRoom\RiftenRWRoomCore01.nif
Skyrim.esm	STAT	0005C754	RiftenRWRoomCore02Sky		Dungeons\Riften\RatwayRoom\RiftenRWRoomCore02.nif
Skyrim.esm	STAT	0004943B	RiftenRWRoomCoreCap01		Dungeons\Riften\RatwayRoom\RiftenRWRoomCoreCap01.nif
Skyrim.esm	STAT	00049411	RiftenRWRoomCoreWall01		Dungeons\Riften\RatwayRoom\RiftenRWRoomCoreWall01.nif
Skyrim.esm	STAT	0004943C	RiftenRWRoomCoreWall02		Dungeons\Riften\RatwayRoom\RiftenRWRoomCoreWall02.nif
Skyrim.esm	STAT	0004943D	RiftenRWRoomCoreWall03		Dungeons\Riften\RatwayRoom\RiftenRWRoomCoreWall03.nif
Skyrim.esm	STAT	0009DC7E	RiftenRWRoomDropDown01		Dungeons\Riften\RatwayBarrel\RiftenRWRoomDropDown01.nif
Skyrim.esm	STAT	000A5A1F	RiftenRWTGRoomRoundCore01		Dungeons\Riften\TGRoom\RiftenRWTGRoomRoundCore01.nif
Skyrim.esm	STAT	000A5A20	RiftenRWTGRoomRoundCoreCap01		Dungeons\Riften\TGRoom\RiftenRWTGRoomRoundCoreCap01.nif
Skyrim.esm	STAT	000A5A21	RiftenRWTGRoomRoundCoreWall01		Dungeons\Riften\TGRoom\RiftenRWTGRoomRoundCoreWall01.nif
Skyrim.esm	STAT	000A5A22	RiftenRWTGRoomRoundCoreWall02		Dungeons\Riften\TGRoom\RiftenRWTGRoomRoundCoreWall02.nif
Skyrim.esm	STAT	000A5A23	RiftenRWTGRoomRoundCoreWall03		Dungeons\Riften\TGRoom\RiftenRWTGRoomRoundCoreWall03.nif
Skyrim.esm	STAT	00049441	RiftenRWWoodplanks01		Dungeons\Riften\Clutter\RiftenRWWoodplanks01.nif
Skyrim.esm	STAT	00049442	RiftenRWWoodplanks02		Dungeons\Riften\Clutter\RiftenRWWoodplanks02.nif
Skyrim.esm	STAT	00049443	RiftenRWWoodplanks03		Dungeons\Riften\Clutter\RiftenRWWoodplanks03.nif
Skyrim.esm	STAT	00049444	RiftenRWWoodplanks04		Dungeons\Riften\Clutter\RiftenRWWoodplanks04.nif
Skyrim.esm	STAT	000E3FF4	RiftenTempleofMaraBowl01		Architecture\Riften\Clutter\RiftenTempleofMaraBowl01.nif
Skyrim.esm	STAT	000BC4BF	Road3way01FallForestDirt01		Landscape\Roads\Road3way01.nif
Skyrim.esm	STAT	000669D5	RoadChunkL01FallForestDirt01		Landscape\Roads\RoadChunkL01.nif
Skyrim.esm	STAT	0002368A	RoadChunkL01RiverbedEdge01		Landscape\Roads\RoadChunkL01.nif
Skyrim.esm	STAT	000669D4	RoadChunkL02FallForestDirt01		Landscape\Roads\RoadChunkL02.nif
Skyrim.esm	STAT	0002368C	RoadChunkL02RivbedEdge01		Landscape\Roads\RoadChunkL02.nif
Skyrim.esm	STAT	000B0147	RoadChunkL03FallForestDirt01		Landscape\Roads\RoadChunkL03.nif
Skyrim.esm	STAT	000669D3	RoadChunkM01FallForestDirt01		Landscape\Roads\RoadChunkM01.nif
Skyrim.esm	STAT	000B0171	RoadChunkM02FallForestDirt01		Landscape\Roads\RoadChunkM02.nif
Skyrim.esm	STAT	000BC54B	RoadChunkM03FallForestDirt01		Landscape\Roads\RoadChunkM03.nif
Skyrim.esm	STAT	000669D6	RoadChunkM04FallForestDirt01		Landscape\Roads\RoadChunkM04.nif
Skyrim.esm	STAT	000B0170	RoadChunkS01FallForestDirt01		Landscape\Roads\RoadChunkS01.nif
Skyrim.esm	STAT	000669D7	RoadChunkS02FallForestDirt01		Landscape\Roads\RoadChunkS02.nif
Skyrim.esm	STAT	00023693	RoadChunkS02RiverbedEdge01		Landscape\Roads\RoadChunkS02.nif
Skyrim.esm	STAT	000B0148	RoadChunkS03FallForestDirt01		Landscape\Roads\RoadChunkS03.nif
Skyrim.esm	STAT	000BC543	RoadChunkS04FallForestDirt01		Landscape\Roads\RoadChunkS04.nif
Skyrim.esm	STAT	000669D2	RoadCurve90R01FallForestDirt01		Landscape\Roads\RoadCurve90R01.nif
Skyrim.esm	STAT	000B0142	RoadCurveLong45LRamp01FallForestDirt01		Landscape\Roads\RoadCurveLong45LRamp01.nif
Skyrim.esm	STAT	0008ECCE	RoadCurveLong45LRamp02FallForestDirt01		Landscape\Roads\RoadCurveLong45LRamp02.nif
Skyrim.esm	STAT	000B0149	RoadCurveLong45R01FallForestDirt01		Landscape\Roads\RoadCurveLong45R01.nif
Skyrim.esm	STAT	000B0145	RoadCurveLong45RRamp01FallForestDirt01		Landscape\Roads\RoadCurveLong45RRamp01.nif
Skyrim.esm	STAT	000B0146	RoadCurveLong45RRamp02FallForestDirt01		Landscape\Roads\RoadCurveLong45RRamp02.nif
Skyrim.esm	STAT	000B0143	RoadSCurveR01FallForestDirt01		Landscape\Roads\RoadSCurveR01.nif
Skyrim.esm	STAT	000B27B1	RoadSCurveRamp01FallForestDirt01		Landscape\Roads\RoadSCurveRamp01.nif
Skyrim.esm	STAT	000D8D99	RoadSignShorsStone01L		Clutter\Signage\RoadSigns\RoadSignShorsStone01L.nif
Skyrim.esm	STAT	000D8D9A	RoadSignShorsStone01R		Clutter\Signage\RoadSigns\RoadSignShorsStone01R.nif
Skyrim.esm	STAT	000669D1	RoadStraight01EndFallForestDirt01		Landscape\Roads\RoadStraight01End.nif
Skyrim.esm	STAT	0007F631	RoadStraight01FallForestDirt01		Landscape\Roads\RoadStraight01.nif
Skyrim.esm	STAT	00094260	RoadStraight02FallForestDirt01		Landscape\Roads\RoadStraight02.nif
Skyrim.esm	STAT	0007142B	RoadStraightLong01FallForestDirt01		Landscape\Roads\RoadStraightLong01.nif
Skyrim.esm	STAT	000B0144	RoadStraightLong02FallForestDirt01		Landscape\Roads\RoadStraightLong02.nif
Skyrim.esm	STAT	000B27B3	RoadStraightLongRamp01FallForestDirt01		Landscape\Roads\RoadStraightLongRamp01.nif
Skyrim.esm	STAT	000B014B	RoadStraightLongRamp02FallForestDirt01		Landscape\Roads\RoadStraightLongRamp02.nif
Skyrim.esm	STAT	000B014A	RoadStrToCurveRampL01FallForestDirt01		Landscape\Roads\RoadStrToCurveRampL01.nif
Skyrim.esm	STAT	000B27B4	RoadStrToCurveRampR01FallForestDirt01		Landscape\Roads\RoadStrToCurveRampR01.nif
Skyrim.esm	STAT	000AD24E	RockAnimalDen		Landscape\Rocks\RockAnimalDen01.nif
Skyrim.esm	STAT	000C531E	RockAnimalDenCoastOceanFloor01		Landscape\Rocks\RockAnimalDen01.nif
Skyrim.esm	STAT	000D7957	RockAnimalDenDirt01		Landscape\Rocks\RockAnimalDen01.nif
Skyrim.esm	STAT	000F1FA2	RockAnimalDenDirt01_LightSN		Landscape\Rocks\RockAnimalDen01.nif
Skyrim.esm	STAT	000D1608	RockAnimalDenFallForestDirt		Landscape\Rocks\RockAnimalDen01.nif
Skyrim.esm	STAT	00039C7F	RockAnimalDenReachDirt01		Landscape\Rocks\RockAnimalDen01.nif
Skyrim.esm	STAT	000EC9EA	RockAnimalDenReachDirt01_LightSN		Landscape\Rocks\RockAnimalDen01.nif
Skyrim.esm	STAT	00054963	RockAnimalDenSnow01_HeavySN		Landscape\Rocks\RockAnimalDen01.nif
Skyrim.esm	STAT	00099548	RockAnimalDenSnow01_LightSN		Landscape\Rocks\RockAnimalDen01.nif
Skyrim.esm	STAT	000C3953	RockAnimalDenTundraRocks01		Landscape\Rocks\RockAnimalDen01.nif
Skyrim.esm	STAT	0003CED5	RockCairn01		Landscape\Rocks\Cairns\RockCairn01.nif
Skyrim.esm	STAT	0003CED7	RockCairn01Snow		Landscape\Rocks\Cairns\RockCairn01.nif
Skyrim.esm	STAT	0003D4B2	RockCairn02		Landscape\Rocks\Cairns\RockCairn02.nif
Skyrim.esm	STAT	0003D4B3	RockCairn02Snow		Landscape\Rocks\Cairns\RockCairn02.nif
Skyrim.esm	STAT	0003D4B5	RockCairn03		Landscape\Rocks\Cairns\RockCairn03.nif
Skyrim.esm	STAT	0003D4B6	RockCairn03Snow		Landscape\Rocks\Cairns\RockCairn03.nif
Skyrim.esm	STAT	0003D4B8	RockCairn04		Landscape\Rocks\Cairns\RockCairn04.nif
Skyrim.esm	STAT	0003D4B9	RockCairn04Snow		Landscape\Rocks\Cairns\RockCairn04.nif
Skyrim.esm	STAT	000B7E7F	RockCairnEvil01		Landscape\Rocks\Cairns\RockCairnEvil01.nif
Skyrim.esm	STAT	0006AF1B	RockCairnEvil01Snow		Landscape\Rocks\Cairns\RockCairnEvil01.nif
Skyrim.esm	STAT	000E9EAC	RockCairnEvil01Sulfur		Landscape\Rocks\Cairns\RockCairnEvil01.nif
Skyrim.esm	STAT	000B7E7C	RockCairnEvil02		Landscape\Rocks\Cairns\RockCairnEvil02.nif
Skyrim.esm	STAT	0006B097	RockCairnEvil02Snow		Landscape\Rocks\Cairns\RockCairnEvil02.nif
Skyrim.esm	STAT	0006AF20	RockCairnEvil02SnowLight		Landscape\Rocks\Cairns\RockCairnEvil02.nif
Skyrim.esm	STAT	000E9EA2	RockCairnEvil02Sulfur		Landscape\Rocks\Cairns\RockCairnEvil02.nif
Skyrim.esm	STAT	000B7E7D	RockCairnEvil03		Landscape\Rocks\Cairns\RockCairnEvil03.nif
Skyrim.esm	STAT	0006B0D1	RockCairnEvil03Snow		Landscape\Rocks\Cairns\RockCairnEvil03.nif
Skyrim.esm	STAT	000E9EA5	RockCairnEvil03Sulfur		Landscape\Rocks\Cairns\RockCairnEvil03.nif
Skyrim.esm	STAT	000B7E7E	RockCairnEvil04		Landscape\Rocks\Cairns\RockCairnEvil04.nif
Skyrim.esm	STAT	0006AF1D	RockCairnEvil04Snow		Landscape\Rocks\Cairns\RockCairnEvil04.nif
Skyrim.esm	STAT	000E9E61	RockCairnEvil04Sulfur		Landscape\Rocks\Cairns\RockCairnEvil04.nif
Skyrim.esm	STAT	00017F1A	RockCaveEntrance01		Landscape\Rocks\RockCaveEntrance01.nif
Skyrim.esm	STAT	0006EE87	RockCaveEntrance01Dirt01		Landscape\Rocks\RockCaveEntrance01.nif
Skyrim.esm	STAT	000E0BA5	RockCaveEntrance01FallForestDirt01		Landscape\Rocks\RockCaveEntrance01.nif
Skyrim.esm	STAT	000C12FC	RockCaveEntrance01Ice		Landscape\Rocks\RockCaveEntrance01.nif
Skyrim.esm	STAT	0008025F	RockCaveEntrance01ReachDirt01		Landscape\Rocks\RockCaveEntrance01.nif
Skyrim.esm	STAT	0002ED73	RockCaveEntrance01Rocks01Snow		Landscape\Rocks\RockCaveEntrance01.nif
Skyrim.esm	STAT	0002EE94	RockCaveEntrance01SnowCustom03		Landscape\Rocks\RockCaveEntrance01.nif
Skyrim.esm	STAT	0010D822	RockCaveEntrance01SnowCustom03IceFrozen02		Landscape\Rocks\RockCaveEntrance01.nif
Skyrim.esm	STAT	00093EC8	RockCaveEntrance01SnowLightCustom01		Landscape\Rocks\RockCaveEntrance01.nif
Skyrim.esm	STAT	000F2F42	RockCaveEntrance01SnowLightCustom01DirtSnowPath		Landscape\Rocks\RockCaveEntrance01.nif
Skyrim.esm	STAT	000A92A1	RockCaveEntrance01TundraRocks01		Landscape\Rocks\RockCaveEntrance01.nif
Skyrim.esm	STAT	000AD254	RockCaveEntrance02		Landscape\Rocks\RockCaveEntrance02.nif
Skyrim.esm	STAT	000B6010	RockCaveEntrance02_HeavySN		Landscape\Rocks\RockCaveEntrance02.nif
Skyrim.esm	STAT	0010802E	RockCaveEntrance02_LightSnow		Landscape\Rocks\RockCaveEntrance02.nif
Skyrim.esm	STAT	0008569E	RockCaveEntrance02CoastBeach01		Landscape\Rocks\RockCaveEntrance02.nif
Skyrim.esm	STAT	000F4CEE	RockCaveEntrance02CoastBeach01LighttSnow		Landscape\Rocks\RockCaveEntrance02.nif
Skyrim.esm	STAT	000843F3	RockCaveEntrance02FallForestDirt01		Landscape\Rocks\RockCaveEntrance02.nif
Skyrim.esm	STAT	000B77C0	RockCaveEntrance02SnowRocks01_HeavySN		Landscape\Rocks\RockCaveEntrance02.nif
Skyrim.esm	STAT	0003107B	RockCaveEntrance02SnowRocks01_LightSN		Landscape\Rocks\RockCaveEntrance02.nif
Skyrim.esm	STAT	0001CF9F	RockCliff01		Landscape\Rocks\RockCliff01.nif
Skyrim.esm	STAT	000CC763	RockCliff01Dirt01		Landscape\Rocks\RockCliff01.nif
Skyrim.esm	STAT	0010B138	RockCliff01FallForestDirt01		Landscape\Rocks\RockCliff01.nif
Skyrim.esm	STAT	000BC556	RockCliff01FallForestGrass01		Landscape\Rocks\RockCliff01.nif
Skyrim.esm	STAT	000485E7	RockCliff01FieldGrass01		Landscape\Rocks\RockCliff01.nif
Skyrim.esm	STAT	00066742	RockCliff01FieldGrass02		Landscape\Rocks\RockCliff01.nif
Skyrim.esm	STAT	000B4386	RockCliff01FrozenMarshGrass01		Landscape\Rocks\RockCliff01.nif
Skyrim.esm	STAT	0002C856	RockCliff01Ice		Landscape\Rocks\RockCliff01.nif
Skyrim.esm	STAT	00030051	RockCliff01MossTEMP		Landscape\Rocks\RockCliff01.nif
Skyrim.esm	STAT	00054C92	RockCliff01PineForest02		Landscape\Rocks\RockCliff01.nif
Skyrim.esm	STAT	000D1EC5	RockCliff01PineForest03		Landscape\Rocks\RockCliff01.nif
Skyrim.esm	STAT	0007A083	RockCliff01ReachDirt01		Landscape\Rocks\RockCliff01.nif
Skyrim.esm	STAT	000A3ABA	RockCliff01ReachGrass01ReachMossyRocks01		Landscape\Rocks\RockCliff01.nif
Skyrim.esm	STAT	0006A8C7	RockCliff01ReachGrass01Rocks01		Landscape\Rocks\RockCliff01.nif
Skyrim.esm	STAT	0007FC4B	RockCliff01ReachMoss01		Landscape\Rocks\RockCliff01.nif
Skyrim.esm	STAT	0002FF5B	RockCliff01RiverbedEdge01		Landscape\Rocks\RockCliff01.nif
Skyrim.esm	STAT	00022668	RockCliff01RiverBottom01		Landscape\Rocks\RockCliff01.nif
Skyrim.esm	STAT	000BACAD	RockCliff01Rocks01		Landscape\Rocks\RockCliff01.nif
Skyrim.esm	STAT	0002ED76	RockCliff01Rocks01SnowLight		Landscape\Rocks\RockCliff01.nif
Skyrim.esm	STAT	0010AA1C	RockCliff01RocksIce		Landscape\Rocks\RockCliff01.nif
Skyrim.esm	STAT	00024BC5	RockCliff01Snow01_HeavySN		Landscape\Rocks\RockCliff01.nif
Skyrim.esm	STAT	000D5558	RockCliff01Snow01_LightSN		Landscape\Rocks\RockCliff01.nif
Skyrim.esm	STAT	00095F83	RockCliff01TundraRocks01		Landscape\Rocks\RockCliff01.nif
Skyrim.esm	STAT	000713C2	RockCliff01VolcanicDirt01		Landscape\Rocks\RockCliff01.nif
Skyrim.esm	STAT	000206CF	RockCliff02		Landscape\Rocks\RockCliff02.nif
Skyrim.esm	STAT	00033D9A	RockCliff02CoastBeach01		Landscape\Rocks\RockCliff02.nif
Skyrim.esm	STAT	000E4E73	RockCliff02CoastOceanFloor01		Landscape\Rocks\RockCliff02.nif
Skyrim.esm	STAT	0004938D	RockCliff02Dirt01		Landscape\Rocks\RockCliff02.nif
Skyrim.esm	STAT	0005EA7E	RockCliff02FallForestDirt01		Landscape\Rocks\RockCliff02.nif
Skyrim.esm	STAT	000B27B2	RockCliff02FallForestGrass01		Landscape\Rocks\RockCliff02.nif
Skyrim.esm	STAT	0003ACCB	RockCliff02FieldGrass01		Landscape\Rocks\RockCliff02.nif
Skyrim.esm	STAT	000614A3	RockCliff02FieldGrass02		Landscape\Rocks\RockCliff02.nif
Skyrim.esm	STAT	0010AA3B	RockCliff02HeavyIce		Landscape\Rocks\RockCliff02.nif
Skyrim.esm	STAT	0002C855	RockCliff02Ice		Landscape\Rocks\RockCliff02.nif
Skyrim.esm	STAT	0004094A	RockCliff02PineForest01		Landscape\Rocks\RockCliff02.nif
Skyrim.esm	STAT	00096EB9	RockCliff02PineForest01SnowLight		Landscape\Rocks\RockCliff02.nif
Skyrim.esm	STAT	00054C32	RockCliff02PineForest02		Landscape\Rocks\RockCliff02.nif
Skyrim.esm	STAT	000D1EC6	RockCliff02PineForest03		Landscape\Rocks\RockCliff02.nif
Skyrim.esm	STAT	000A688A	RockCliff02ReachDirt01MossyRocks01		Landscape\Rocks\RockCliff02.nif
Skyrim.esm	STAT	0004195D	RockCliff02ReachDirt01Rocks01		Landscape\Rocks\RockCliff02.nif
Skyrim.esm	STAT	0004E121	RockCliff02ReachGrass01Rocks01		Landscape\Rocks\RockCliff02.nif
Skyrim.esm	STAT	0007E5FC	RockCliff02ReachMoss01		Landscape\Rocks\RockCliff02.nif
Skyrim.esm	STAT	0002F9DB	RockCliff02RiverbedEdge01		Landscape\Rocks\RockCliff02.nif
Skyrim.esm	STAT	0005A0DC	RockCliff02RiverBottom01		Landscape\Rocks\RockCliff02.nif
Skyrim.esm	STAT	0002BABB	RockCliff02Rocks01		Landscape\Rocks\RockCliff02.nif
Skyrim.esm	STAT	0002EE86	RockCliff02Rocks01SnowCustom02		Landscape\Rocks\RockCliff02.nif
Skyrim.esm	STAT	0001EF59	RockCliff02Rocks01SnowLight		Landscape\Rocks\RockCliff02.nif
Skyrim.esm	STAT	0007E5F6	RockCliff02RockTile01		Landscape\Rocks\RockCliff02.nif
Skyrim.esm	STAT	0001EF3B	RockCliff02Snow01		Landscape\Rocks\RockCliff02.nif
Skyrim.esm	STAT	000A94DA	RockCliff02Tundra01		Landscape\Rocks\RockCliff02.nif
Skyrim.esm	STAT	000C9DB5	RockCliff02TundraRocks01		Landscape\Rocks\RockCliff02.nif
Skyrim.esm	STAT	00089764	RockCliff02VolcanicDirt01		Landscape\Rocks\RockCliff02.nif
Skyrim.esm	STAT	00025DA8	RockCliff03		Landscape\Rocks\RockCliff03.nif
Skyrim.esm	STAT	000F5DB0	RockCliff03Ice		Landscape\Rocks\RockCliff03.nif
Skyrim.esm	STAT	00024BAD	RockCliff03Snow		Landscape\Rocks\RockCliff03.nif
Skyrim.esm	STAT	0005B56A	RockCliff03SnowLight		Landscape\Rocks\RockCliff03.nif
Skyrim.esm	STAT	00029D98	RockCliff04		Landscape\Rocks\RockCliff04.nif
Skyrim.esm	STAT	0002C854	RockCliff04Ice		Landscape\Rocks\RockCliff04.nif
Skyrim.esm	STAT	00030055	RockCliff04MossTEMP		Landscape\Rocks\RockCliff04.nif
Skyrim.esm	STAT	00024C94	RockCliff04Snow		Landscape\Rocks\RockCliff04.nif
Skyrim.esm	STAT	0002ED74	RockCliff04SnowLight		Landscape\Rocks\RockCliff04.nif
Skyrim.esm	STAT	0002BAB8	RockCliff05		Landscape\Rocks\RockCliff05.nif
Skyrim.esm	STAT	00033C0E	RockCliff05CoastBeach01		Landscape\Rocks\RockCliff05.nif
Skyrim.esm	STAT	000C2E6F	RockCliff05CoastOceanFloor01		Landscape\Rocks\RockCliff05.nif
Skyrim.esm	STAT	000BC537	RockCliff05FallForestDirt01		Landscape\Rocks\RockCliff05.nif
Skyrim.esm	STAT	00050960	RockCliff05FallForestGrass01		Landscape\Rocks\RockCliff05.nif
Skyrim.esm	STAT	0006E0AD	RockCliff05FieldGrass01		Landscape\Rocks\RockCliff05.nif
Skyrim.esm	STAT	000674CA	RockCliff05FieldGrass02		Landscape\Rocks\RockCliff05.nif
Skyrim.esm	STAT	000223F2	RockCliff05GrassSnow01_LightSN		Landscape\Rocks\RockCliff05.nif
Skyrim.esm	STAT	000F5DB8	RockCliff05Ice		Landscape\Rocks\RockCliff05.nif
Skyrim.esm	STAT	00062954	RockCliff05PineForest01		Landscape\Rocks\RockCliff05.nif
Skyrim.esm	STAT	00052F71	RockCliff05PineForest02		Landscape\Rocks\RockCliff05.nif
Skyrim.esm	STAT	000D1EC8	RockCliff05PineForest03		Landscape\Rocks\RockCliff05.nif
Skyrim.esm	STAT	0007E626	RockCliff05ReachDirt01		Landscape\Rocks\RockCliff05.nif
Skyrim.esm	STAT	0007AAD9	RockCliff05ReachGrass01		Landscape\Rocks\RockCliff05.nif
Skyrim.esm	STAT	0007E5FA	RockCliff05ReachMoss01		Landscape\Rocks\RockCliff05.nif
Skyrim.esm	STAT	00022460	RockCliff05RiverbedEdge01		Landscape\Rocks\RockCliff05.nif
Skyrim.esm	STAT	000614CC	RockCliff05RiverBottom01		Landscape\Rocks\RockCliff05.nif
Skyrim.esm	STAT	0001EF6D	RockCliff05Rocks01		Landscape\Rocks\RockCliff05.nif
Skyrim.esm	STAT	0002EE88	RockCliff05Rocks01SnowCustom01		Landscape\Rocks\RockCliff05.nif
Skyrim.esm	STAT	0007E5F9	RockCliff05RockTile01		Landscape\Rocks\RockCliff05.nif
Skyrim.esm	STAT	0001EF6C	RockCliff05Snow		Landscape\Rocks\RockCliff05.nif
Skyrim.esm	STAT	0006592C	RockCliff05Snow01Snow		Landscape\Rocks\RockCliff05.nif
Skyrim.esm	STAT	0005EB20	RockCliff05SnowLight		Landscape\Rocks\RockCliff05.nif
Skyrim.esm	STAT	0008976B	RockCliff05VolcanicDirt01		Landscape\Rocks\RockCliff05.nif
Skyrim.esm	STAT	0002B903	RockCliff06		Landscape\Rocks\RockCliff06.nif
Skyrim.esm	STAT	0002C84F	RockCliff06Ice		Landscape\Rocks\RockCliff06.nif
Skyrim.esm	STAT	00024D15	RockCliff06Snow		Landscape\Rocks\RockCliff06.nif
Skyrim.esm	STAT	0005EB21	RockCliff06SnowLight		Landscape\Rocks\RockCliff06.nif
Skyrim.esm	STAT	00097EA0	RockCliff06SnowMountain1P		Landscape\Rocks\RockCliff06.nif
Skyrim.esm	STAT	0002B900	RockCliff07		Landscape\Rocks\RockCliff07.nif
Skyrim.esm	STAT	000BD4A6	RockCliff07CoastBeach01		Landscape\Rocks\RockCliff07.nif
Skyrim.esm	STAT	000D1A0C	RockCliff07Dirt01		Landscape\Rocks\RockCliff07.nif
Skyrim.esm	STAT	0001EF5A	RockCliff07Dirt02		Landscape\Rocks\RockCliff07.nif
Skyrim.esm	STAT	0005FD56	RockCliff07Dirt02_LightSN		Landscape\Rocks\RockCliff07.nif
Skyrim.esm	STAT	000C691B	RockCliff07FallForestDirt01		Landscape\Rocks\RockCliff07.nif
Skyrim.esm	STAT	0008BF21	RockCliff07FallForestGrass01		Landscape\Rocks\RockCliff07.nif
Skyrim.esm	STAT	0003AB67	RockCliff07FieldGrass01		Landscape\Rocks\RockCliff07.nif
Skyrim.esm	STAT	000A3C56	RockCliff07FieldGrass01WR		Landscape\Rocks\RockCliff07.nif
Skyrim.esm	STAT	0009E1BD	RockCliff07FieldGrass02		Landscape\Rocks\RockCliff07.nif
Skyrim.esm	STAT	0005C097	RockCliff07GrassSnow		Landscape\Rocks\RockCliff07.nif
Skyrim.esm	STAT	000223F0	RockCliff07GrassSnow_LightSN		Landscape\Rocks\RockCliff07.nif
Skyrim.esm	STAT	0005D513	RockCliff07PineForest01SnowLight		Landscape\Rocks\RockCliff07.nif
Skyrim.esm	STAT	0005B7DF	RockCliff07PineForest02		Landscape\Rocks\RockCliff07.nif
Skyrim.esm	STAT	000D1EC7	RockCliff07PineForest03		Landscape\Rocks\RockCliff07.nif
Skyrim.esm	STAT	0004DC57	RockCliff07ReachGrass01		Landscape\Rocks\RockCliff07.nif
Skyrim.esm	STAT	0008C2B1	RockCliff07ReachGrass01_LightSN		Landscape\Rocks\RockCliff07.nif
Skyrim.esm	STAT	0007E606	RockCliff07ReachMoss01		Landscape\Rocks\RockCliff07.nif
Skyrim.esm	STAT	0002266F	RockCliff07RiverbedEdge01		Landscape\Rocks\RockCliff07.nif
Skyrim.esm	STAT	0005FCED	RockCliff07Rocks01		Landscape\Rocks\RockCliff07.nif
Skyrim.esm	STAT	0002F57E	RockCliff07Rocks01_LightSN		Landscape\Rocks\RockCliff07.nif
Skyrim.esm	STAT	0007516E	RockCliff07SnowRocks01_LightSN		Landscape\Rocks\RockCliff07.nif
Skyrim.esm	STAT	000B679A	RockCliff07SnowRocks01_Snow		Landscape\Rocks\RockCliff07.nif
Skyrim.esm	STAT	0005B541	RockCliff07SnowSnow		Landscape\Rocks\RockCliff07.nif
Skyrim.esm	STAT	0006E18A	RockCliff07Tundra01		Landscape\Rocks\RockCliff07.nif
Skyrim.esm	STAT	00089769	RockCliff07VolcanicDirt01		Landscape\Rocks\RockCliff07.nif
Skyrim.esm	STAT	00017F19	RockCliff08		Landscape\Rocks\RockCliff08.nif
Skyrim.esm	STAT	0002ED7A	RockCliff08_HeavySN		Landscape\Rocks\RockCliff08.nif
Skyrim.esm	STAT	000F82C3	RockCliff08CaveDirt		Landscape\Rocks\RockCliff08.nif
Skyrim.esm	STAT	000B4A7E	RockCliff08CoastBeach01		Landscape\Rocks\RockCliff08.nif
Skyrim.esm	STAT	0008BF22	RockCliff08FallForestGrass01		Landscape\Rocks\RockCliff08.nif
Skyrim.esm	STAT	0003ACCD	RockCliff08FieldGrass01		Landscape\Rocks\RockCliff08.nif
Skyrim.esm	STAT	00039B64	RockCliff08FieldGrass02		Landscape\Rocks\RockCliff08.nif
Skyrim.esm	STAT	000B9259	RockCliff08FrozenMarshGrass01		Landscape\Rocks\RockCliff08.nif
Skyrim.esm	STAT	000531BE	RockCliff08PineForest01SnowLight		Landscape\Rocks\RockCliff08.nif
Skyrim.esm	STAT	0006100A	RockCliff08PineForest02		Landscape\Rocks\RockCliff08.nif
Skyrim.esm	STAT	000D1EC4	RockCliff08PineForest03		Landscape\Rocks\RockCliff08.nif
Skyrim.esm	STAT	0007CC91	RockCliff08ReachDirt01		Landscape\Rocks\RockCliff08.nif
Skyrim.esm	STAT	0006A8E4	RockCliff08ReachGrass01		Landscape\Rocks\RockCliff08.nif
Skyrim.esm	STAT	0002F321	RockCliff08RiverBedEdge01		Landscape\Rocks\RockCliff08.nif
Skyrim.esm	STAT	0006C1E5	RockCliff08RiverBottom01		Landscape\Rocks\RockCliff08.nif
Skyrim.esm	STAT	000CE896	RockCliff08RiverMud01		Landscape\Rocks\RockCliff08.nif
Skyrim.esm	STAT	000BACAC	RockCliff08Rocks01		Landscape\Rocks\RockCliff08.nif
Skyrim.esm	STAT	000774BC	RockCliff08Snow_HeavySN		Landscape\Rocks\RockCliff08.nif
Skyrim.esm	STAT	000531B4	RockCliff08Snow_LightSN		Landscape\Rocks\RockCliff08.nif
Skyrim.esm	STAT	00025265	RockCliff08SnowRocks01		Landscape\Rocks\RockCliff08.nif
Skyrim.esm	STAT	000310A7	RockCliff08SnowRocks01_LightSN		Landscape\Rocks\RockCliff08.nif
Skyrim.esm	STAT	00092DA9	RockCliff08Tundra01		Landscape\Rocks\RockCliff08.nif
Skyrim.esm	STAT	000D97E9	RockCliff08TundraRocks01		Landscape\Rocks\RockCliff08.nif
Skyrim.esm	STAT	0008976A	RockCliff08VolcanicDirt01		Landscape\Rocks\RockCliff08.nif
Skyrim.esm	STAT	00043CD0	RockCliffMineEntrance		Landscape\Rocks\RockCliffMineEntrance.nif
Skyrim.esm	STAT	000EE32A	RockCliffMineEntrance02Dirt01Snow		Landscape\Rocks\RockCliffMineEntrance02.nif
Skyrim.esm	STAT	000B2DA6	RockCliffMineEntrance02Dirt02		Landscape\Rocks\RockCliffMineEntrance02.nif
Skyrim.esm	STAT	000744CA	RockCliffMineEntrance02ReachMoss01		Landscape\Rocks\RockCliffMineEntrance02.nif
Skyrim.esm	STAT	000C585E	RockCliffMineEntrance02Snow		Landscape\Rocks\RockCliffMineEntrance02.nif
Skyrim.esm	STAT	000B4001	RockCliffMineEntranceFieldGrass01		Landscape\Rocks\RockCliffMineEntrance.nif
Skyrim.esm	STAT	00098354	RockCliffMineEntranceHvSnow		Landscape\Rocks\RockCliffMineEntrance.nif
Skyrim.esm	STAT	000F62FF	RockCliffMineEntranceMineDirt		Landscape\Rocks\RockCliffMineEntrance.nif
Skyrim.esm	STAT	00053989	RockCliffMineEntranceReachGrass01A		Landscape\Rocks\RockCliffMineEntrance.nif
Skyrim.esm	STAT	00060E2E	RockCliffMineEntranceReachGrass01B		Landscape\Rocks\RockCliffMineEntrance.nif
Skyrim.esm	STAT	00018199	RockL01		Landscape\Rocks\RockL01.nif
Skyrim.esm	STAT	000C91BB	RockL01_Falmer		Landscape\Rocks\RockL01.nif
Skyrim.esm	STAT	0002C285	RockL01Ice		Landscape\Rocks\RockL01.nif
Skyrim.esm	STAT	0002695C	RockL01Snow		Landscape\Rocks\RockL01.nif
Skyrim.esm	STAT	0001EF48	RockL01SnowLight		Landscape\Rocks\RockL01.nif
Skyrim.esm	STAT	000897CE	RockL01Sulfur		Landscape\Rocks\RockL01.nif
Skyrim.esm	STAT	000BB8BC	RockL01Wet		Landscape\Rocks\WetRocks\RockL01Wet.nif
Skyrim.esm	STAT	0001819A	RockL02		Landscape\Rocks\RockL02.nif
Skyrim.esm	STAT	000C91BA	RockL02_Falmer		Landscape\Rocks\RockL02.nif
Skyrim.esm	STAT	0002BD1C	RockL02Ice		Landscape\Rocks\RockL02.nif
Skyrim.esm	STAT	0002695B	RockL02Snow		Landscape\Rocks\RockL02.nif
Skyrim.esm	STAT	0002EE91	RockL02SnowCustom01		Landscape\Rocks\RockL02.nif
Skyrim.esm	STAT	0002EE90	RockL02SnowCustom02		Landscape\Rocks\RockL02.nif
Skyrim.esm	STAT	0001EF56	RockL02SnowLight		Landscape\Rocks\RockL02.nif
Skyrim.esm	STAT	000897CD	RockL02Sulfur		Landscape\Rocks\RockL02.nif
Skyrim.esm	STAT	000BB8BD	RockL02Wet		Landscape\Rocks\WetRocks\RockL02Wet.nif
Skyrim.esm	STAT	00018BA5	RockL03		Landscape\Rocks\RockL03.nif
Skyrim.esm	STAT	000C91BC	RockL03_Falmer		Landscape\Rocks\RockL03.nif
Skyrim.esm	STAT	0002BD24	RockL03Ice		Landscape\Rocks\RockL03.nif
Skyrim.esm	STAT	00026959	RockL03Snow		Landscape\Rocks\RockL03.nif
Skyrim.esm	STAT	0001EF49	RockL03SnowLight		Landscape\Rocks\RockL03.nif
Skyrim.esm	STAT	000BB8BE	RockL03Wet		Landscape\Rocks\WetRocks\RockL03Wet.nif
Skyrim.esm	STAT	0001A6E2	RockL04		Landscape\Rocks\RockL04.nif
Skyrim.esm	STAT	000C91BE	RockL04_Falmer		Landscape\Rocks\RockL04.nif
Skyrim.esm	STAT	0010AA1D	RockL04Ice		Landscape\Rocks\RockL04.nif
Skyrim.esm	STAT	0001EF55	RockL04Snow		Landscape\Rocks\RockL04.nif
Skyrim.esm	STAT	0002EE93	RockL04SnowCustom01		Landscape\Rocks\RockL04.nif
Skyrim.esm	STAT	0001EF5B	RockL04SnowLight		Landscape\Rocks\RockL04.nif
Skyrim.esm	STAT	000897C7	RockL04Sulfur		Landscape\Rocks\RockL04.nif
Skyrim.esm	STAT	000BB8BF	RockL04Wet		Landscape\Rocks\WetRocks\RockL04Wet.nif
Skyrim.esm	STAT	0001B0A8	RockL05		Landscape\Rocks\RockL05.nif
Skyrim.esm	STAT	000C91B9	RockL05_Falmer		Landscape\Rocks\RockL05.nif
Skyrim.esm	STAT	0010AA1E	RockL05Ice		Landscape\Rocks\RockL05.nif
Skyrim.esm	STAT	00030056	RockL05MossTEMP		Landscape\Rocks\RockL05.nif
Skyrim.esm	STAT	00024B9B	RockL05Snow		Landscape\Rocks\RockL05.nif
Skyrim.esm	STAT	00077333	RockL05SnowLight		Landscape\Rocks\RockL05.nif
Skyrim.esm	STAT	000BB8C0	RockL05Wet		Landscape\Rocks\WetRocks\RockL05Wet.nif
Skyrim.esm	STAT	00018195	RockM01		Landscape\Rocks\RockM01.nif
Skyrim.esm	STAT	000C91BD	RockM01_Falmer		Landscape\Rocks\RockM01.nif
Skyrim.esm	STAT	0002BD22	RockM01Ice		Landscape\Rocks\RockM01.nif
Skyrim.esm	STAT	0002695A	RockM01Snow		Landscape\Rocks\RockM01.nif
Skyrim.esm	STAT	000897C8	RockM01Sulfur		Landscape\Rocks\RockM01.nif
Skyrim.esm	STAT	00035095	RockM01TundraMoss		Landscape\Rocks\RockM01.nif
Skyrim.esm	STAT	000BB8C1	RockM01Wet		Landscape\Rocks\WetRocks\RockM01Wet.nif
Skyrim.esm	STAT	0001819B	RockM02		Landscape\Rocks\RockM02.nif
Skyrim.esm	STAT	0010AA21	RockM02Ice		Landscape\Rocks\RockM02.nif
Skyrim.esm	STAT	0002695E	RockM02Snow		Landscape\Rocks\RockM02.nif
Skyrim.esm	STAT	000BB8C2	RockM02Wet		Landscape\Rocks\WetRocks\RockM02Wet.nif
Skyrim.esm	STAT	00019AF7	RockM03		Landscape\Rocks\RockM03.nif
Skyrim.esm	STAT	0010AA20	RockM03Ice		Landscape\Rocks\RockM03.nif
Skyrim.esm	STAT	0001EF47	RockM03Snow		Landscape\Rocks\RockM03.nif
Skyrim.esm	STAT	000BB8C3	RockM03Wet		Landscape\Rocks\WetRocks\RockM03Wet.nif
Skyrim.esm	STAT	0001B0A7	RockM04		Landscape\Rocks\RockM04.nif
Skyrim.esm	STAT	0005C19B	RockM04Snow		Landscape\Rocks\RockM04.nif
Skyrim.esm	STAT	000BB8C4	RockM04Wet		Landscape\Rocks\WetRocks\RockM04Wet.nif
Skyrim.esm	STAT	000226BA	RockPileL01		Landscape\Rocks\RockPileL01.nif
Skyrim.esm	STAT	000D93B4	RockPileL01_LightMoss		Landscape\Rocks\RockPileL01.nif
Skyrim.esm	STAT	000855A7	RockPileL01_Sulfur		Landscape\Rocks\RockPileL01.nif
Skyrim.esm	STAT	00091B2A	RockPileL01CaveDirt		Landscape\Rocks\RockPileL01.nif
Skyrim.esm	STAT	000B23FE	RockPileL01CoastBeach01		Landscape\Rocks\RockPileL01.nif
Skyrim.esm	STAT	000E8FD3	RockPileL01CoastOceanFloor01		Landscape\Rocks\RockPileL01.nif
Skyrim.esm	STAT	000CC767	RockPileL01Dirt01		Landscape\Rocks\RockPileL01.nif
Skyrim.esm	STAT	0005DA4D	RockPileL01Dirt02		Landscape\Rocks\RockPileL01.nif
Skyrim.esm	STAT	000C6917	RockPileL01FallForestDirt01		Landscape\Rocks\RockPileL01.nif
Skyrim.esm	STAT	0002C75D	RockPileL01FrozenMarshGrass01		Landscape\Rocks\RockPileL01.nif
Skyrim.esm	STAT	0010AA1F	RockPileL01Ice		Landscape\Rocks\RockPileL01.nif
Skyrim.esm	STAT	0005DB00	RockPileL01PineForest02		Landscape\Rocks\RockPileL01.nif
Skyrim.esm	STAT	000F99FD	RockPileL01PineForest03		Landscape\Rocks\RockPileL01.nif
Skyrim.esm	STAT	000885DE	RockPileL01ReachDirt01		Landscape\Rocks\RockPileL01.nif
Skyrim.esm	STAT	00057AE4	RockPileL01ReachGrass01		Landscape\Rocks\RockPileL01.nif
Skyrim.esm	STAT	0008039D	RockPileL01ReachMoss01		Landscape\Rocks\RockPileL01.nif
Skyrim.esm	STAT	00056AE1	RockPileL01ReachMosssyRocks01		Landscape\Rocks\RockPileL01.nif
Skyrim.esm	STAT	00056AE2	RockPileL01ReachMossyRocks01		Landscape\Rocks\RockPileL01.nif
Skyrim.esm	STAT	0003F85D	RockPileL01RiverbedEdge		Landscape\Rocks\RockPileL01.nif
Skyrim.esm	STAT	0003AC70	RockPileL01RiverBottom01		Landscape\Rocks\RockPileL01.nif
Skyrim.esm	STAT	000B9550	RockPileL01RiverMud01		Landscape\Rocks\RockPileL01.nif
Skyrim.esm	STAT	00032A94	RockPileL01Snow		Landscape\Rocks\RockPileL01.nif
Skyrim.esm	STAT	0001EF52	RockPileL01SnowLight		Landscape\Rocks\RockPileL01.nif
Skyrim.esm	STAT	0005B508	RockPileL01SnowSnow		Landscape\Rocks\RockPileL01.nif
Skyrim.esm	STAT	000897CF	RockPileL01Sulfur		Landscape\Rocks\RockPileL01.nif
Skyrim.esm	STAT	000332C7	RockPileL01TundraRocks		Landscape\Rocks\RockPileL01.nif
Skyrim.esm	STAT	000A4554	RockPileL01TundraRocksSnow		Landscape\Rocks\RockPileL01.nif
Skyrim.esm	STAT	000936C5	RockPileL01VolcanicDirt01		Landscape\Rocks\RockPileL01.nif
Skyrim.esm	STAT	00039653	RockPileL01Wet		Landscape\Rocks\WetRocks\RockPileL01Wet.nif
Skyrim.esm	STAT	000396AB	RockPileL01WetCoastBeach01		Landscape\Rocks\WetRocks\RockPileL01Wet.nif
Skyrim.esm	STAT	00027034	RockPileL02		Landscape\Rocks\RockPileL02.nif
Skyrim.esm	STAT	000B23FD	RockPileL02CoastBeach01		Landscape\Rocks\RockPileL02.nif
Skyrim.esm	STAT	000C3E54	RockPileL02CoastOceanFloor01		Landscape\Rocks\RockPileL02.nif
Skyrim.esm	STAT	00097717	RockPileL02Dirt01		Landscape\Rocks\RockPileL02.nif
Skyrim.esm	STAT	000BAF4A	RockPileL02FallForestGrass01		Landscape\Rocks\RockPileL02.nif
Skyrim.esm	STAT	000669B6	RockPileL02FallForestLeaves01		Landscape\Rocks\RockPileL02Tundra.nif
Skyrim.esm	STAT	000C33EF	RockPileL02FieldGrass01		Landscape\Rocks\RockPileL02.nif
Skyrim.esm	STAT	00024E7B	RockPileL02FieldGrass01Moss		Landscape\Rocks\RockPileL02Tundra.nif
Skyrim.esm	STAT	000A3C54	RockPileL02FieldGrass01WR		Landscape\Rocks\RockPileL02.nif
Skyrim.esm	STAT	0005D0E5	RockPileL02FieldGrass02		Landscape\Rocks\RockPileL02.nif
Skyrim.esm	STAT	000B01D7	RockPileL02FrozenMarshGrass02		Landscape\Rocks\RockPileL02.nif
Skyrim.esm	STAT	000B01D8	RockPileL02FrozenMarshLichen01		Landscape\Rocks\RockPileL02.nif
Skyrim.esm	STAT	0005B810	RockPileL02PineForest02		Landscape\Rocks\RockPileL02.nif
Skyrim.esm	STAT	0001F1C5	RockPileL02ReachDirt01		Landscape\Rocks\RockPileL02.nif
Skyrim.esm	STAT	000539B7	RockPileL02ReachGrass01		Landscape\Rocks\RockPileL02.nif
Skyrim.esm	STAT	0007D87C	RockPileL02ReachMoss01		Landscape\Rocks\RockPileL02.nif
Skyrim.esm	STAT	00056B07	RockPileL02ReachMossyRocks01		Landscape\Rocks\RockPileL02.nif
Skyrim.esm	STAT	00058EFB	RockPileL02RiverbedEdge		Landscape\Rocks\RockPileL02.nif
Skyrim.esm	STAT	000B7237	RockPileL02RiverMud01		Landscape\Rocks\RockPileL02.nif
Skyrim.esm	STAT	00024C61	RockPileL02Rocks01		Landscape\Rocks\RockPileL02.nif
Skyrim.esm	STAT	00096EDE	RockPileL02Rocks01Heavy_SN		Landscape\Rocks\RockPileL02.nif
Skyrim.esm	STAT	000B244D	RockPileL02Rocks01Light_SN		Landscape\Rocks\RockPileL02.nif
Skyrim.esm	STAT	00064EC6	RockPileL02Snow01Heavy_SN		Landscape\Rocks\RockPileL02.nif
Skyrim.esm	STAT	000A4DC7	RockPileL02SnowRocks01		Landscape\Rocks\RockPileL02.nif
Skyrim.esm	STAT	000C3915	RockPileL02Tundra01		Landscape\Rocks\RockPileL02.nif
Skyrim.esm	STAT	000936E9	RockPileL02TundraRocks01		Landscape\Rocks\RockPileL02.nif
Skyrim.esm	STAT	00098BE3	RockPileL02VolcanicDirt01		Landscape\Rocks\RockPileL02.nif
Skyrim.esm	STAT	00039393	RockPileL02Wet		Landscape\Rocks\WetRocks\RockPileL02Wet.nif
Skyrim.esm	STAT	000396AA	RockPileL02WetCoastBeach01		Landscape\Rocks\WetRocks\RockPileL02Wet.nif
Skyrim.esm	STAT	00109B3C	RockPileL02WetRiverbedEdge01		Landscape\Rocks\WetRocks\RockPileL02Wet.nif
Skyrim.esm	STAT	000C39EA	RockPileL02WetRiverMud01		Landscape\Rocks\WetRocks\RockPileL02Wet.nif
Skyrim.esm	STAT	000185BD	RockPileL03		Landscape\Rocks\RockPileL03.nif
Skyrim.esm	STAT	00091B0F	RockPileL03caveDirt		Landscape\Rocks\RockPileL03.nif
Skyrim.esm	STAT	000B23FC	RockPileL03CoastBeach01		Landscape\Rocks\RockPileL03.nif
Skyrim.esm	STAT	00097715	RockPileL03Dirt01		Landscape\Rocks\RockPileL03.nif
Skyrim.esm	STAT	0005EA54	RockPileL03FallForestLeaves01		Landscape\Rocks\RockPileL03.nif
Skyrim.esm	STAT	000C33F0	RockPileL03FieldGrass01		Landscape\Rocks\RockPileL03.nif
Skyrim.esm	STAT	00024E4A	RockPileL03FieldGrass01Moss		Landscape\Rocks\RockPileL03Moss.nif
Skyrim.esm	STAT	000A3C52	RockPileL03FieldGrass01WR		Landscape\Rocks\RockPileL03.nif
Skyrim.esm	STAT	000B01D9	RockPileL03FrozenMarshGrass01		Landscape\Rocks\RockPileL03.nif
Skyrim.esm	STAT	00075DFC	RockPileL03Heavy_SN		Landscape\Rocks\RockPileL03.nif
Skyrim.esm	STAT	0005B80D	RockPileL03PineForest02		Landscape\Rocks\RockPileL03.nif
Skyrim.esm	STAT	0001F1C6	RockPileL03ReachDirt01		Landscape\Rocks\RockPileL03.nif
Skyrim.esm	STAT	00041CD8	RockPileL03ReachGrass01		Landscape\Rocks\RockPileL03.nif
Skyrim.esm	STAT	0007D7BB	RockPileL03ReachMoss01		Landscape\Rocks\RockPileL03.nif
Skyrim.esm	STAT	000A9BF2	RockPileL03ReachMoss01MossyRocks01		Landscape\Rocks\RockPileL03.nif
Skyrim.esm	STAT	00081BB8	RockPileL03ReachMossyRocks01		Landscape\Rocks\RockPileL03.nif
Skyrim.esm	STAT	0005B4FD	RockPileL03RiverbedEdge		Landscape\Rocks\RockPileL03.nif
Skyrim.esm	STAT	0002EDA0	RockPileL03Rocks01		Landscape\Rocks\RockPileL03.nif
Skyrim.esm	STAT	0005B506	RockPileL03Snow_HeavySN		Landscape\Rocks\RockPileL03.nif
Skyrim.esm	STAT	000CD0AF	RockPileL03Snow_LightSN		Landscape\Rocks\RockPileL03.nif
Skyrim.esm	STAT	0003FF09	RockPileL03SnowRocks		Landscape\Rocks\RockPileL03.nif
Skyrim.esm	STAT	000897C4	RockPileL03Sulfur		Landscape\Rocks\RockPileL03.nif
Skyrim.esm	STAT	000C3917	RockPileL03Tundra01		Landscape\Rocks\RockPileL03.nif
Skyrim.esm	STAT	0003ABE0	RockPileL03TundraRocks01		Landscape\Rocks\RockPileL03.nif
Skyrim.esm	STAT	000395AE	RockPileL03Wet		Landscape\Rocks\WetRocks\RockPileL03Wet.nif
Skyrim.esm	STAT	000396A5	RockPileL03WetCoastBeach01		Landscape\Rocks\WetRocks\RockPileL03Wet.nif
Skyrim.esm	STAT	000EF696	RockPileL03WetDirt01		Landscape\Rocks\WetRocks\RockPileL03Wet.nif
Skyrim.esm	STAT	000C39E8	RockPileL03WetRiverMud01		Landscape\Rocks\WetRocks\RockPileL03Wet.nif
Skyrim.esm	STAT	0001EFA2	RockPileL04		Landscape\Rocks\RockPileL04.nif
Skyrim.esm	STAT	000B23FF	RockPileL04CoastBeach01		Landscape\Rocks\RockPileL04.nif
Skyrim.esm	STAT	000E36E5	RockPileL04CoastOceanFloor01		Landscape\Rocks\RockPileL04.nif
Skyrim.esm	STAT	000DB67F	RockPileL04Dirt01		Landscape\Rocks\RockPileL04.nif
Skyrim.esm	STAT	0002ED93	RockPileL04DirtSnowPath		Landscape\Rocks\RockPileL04.nif
Skyrim.esm	STAT	0001EFEA	RockPileL04DirtSnowPathSnow		Landscape\Rocks\RockPileL04.nif
Skyrim.esm	STAT	0005EA5A	RockPileL04FallForestDirt01		Landscape\Rocks\RockPileL04.nif
Skyrim.esm	STAT	000B014E	RockPileL04FallForestGrass01		Landscape\Rocks\RockPileL04.nif
Skyrim.esm	STAT	000BA3EF	RockPileL04FallForestRocks01		Landscape\Rocks\RockPileL04.nif
Skyrim.esm	STAT	00095FB6	RockPileL04FieldGrass01		Landscape\Rocks\RockPileL04.nif
Skyrim.esm	STAT	000A3C55	RockPileL04FieldGrass01WR		Landscape\Rocks\RockPileL04.nif
Skyrim.esm	STAT	0005D09B	RockPileL04FieldGrass02		Landscape\Rocks\RockPileL04.nif
Skyrim.esm	STAT	000CBB2A	RockPileL04FrozenMashDirtSlope01		Landscape\Rocks\RockPileL04.nif
Skyrim.esm	STAT	0005C116	RockPileL04GrassSnow01		Landscape\Rocks\RockPileL04.nif
Skyrim.esm	STAT	00022831	RockPileL04PineForest01		Landscape\Rocks\RockPileL04.nif
Skyrim.esm	STAT	00052EEC	RockPileL04PineForest02		Landscape\Rocks\RockPileL04.nif
Skyrim.esm	STAT	000596BF	RockPileL04PineForest03		Landscape\Rocks\RockPileL04.nif
Skyrim.esm	STAT	0001F1C8	RockPileL04ReachDirt01		Landscape\Rocks\RockPileL04.nif
Skyrim.esm	STAT	0007CC45	RockPileL04ReachGrass01		Landscape\Rocks\RockPileL04.nif
Skyrim.esm	STAT	00058F0C	RockPileL04ReachMosRocks01		Landscape\Rocks\RockPileL04.nif
Skyrim.esm	STAT	00080399	RockPileL04ReachMoss01		Landscape\Rocks\RockPileL04.nif
Skyrim.esm	STAT	0005B4F7	RockPileL04RiverbedEdge		Landscape\Rocks\RockPileL04.nif
Skyrim.esm	STAT	00022665	RockPileL04RiverBottom01		Landscape\Rocks\RockPileL04.nif
Skyrim.esm	STAT	000B955F	RockPileL04RiverMud01		Landscape\Rocks\RockPileL04.nif
Skyrim.esm	STAT	00024B97	RockPileL04Rocks01		Landscape\Rocks\RockPileL04.nif
Skyrim.esm	STAT	00024B98	RockPileL04Rocks01SnowLight		Landscape\Rocks\RockPileL04.nif
Skyrim.esm	STAT	00020F11	RockPileL04Snow01		Landscape\Rocks\RockPileL04.nif
Skyrim.esm	STAT	0008A0F4	RockPileL04Snow01NoSnow		Landscape\Rocks\RockPileL04.nif
Skyrim.esm	STAT	0010D4A1	RockPileL04SnowRocks01_LightSN		Landscape\Rocks\RockPileL04.nif
Skyrim.esm	STAT	0003ABE3	RockPileL04TundraRocks01		Landscape\Rocks\RockPileL04.nif
Skyrim.esm	STAT	00090725	RockPileL04VolcanicDirt01		Landscape\Rocks\RockPileL04.nif
Skyrim.esm	STAT	00020548	RockPileM01		Landscape\Rocks\RockPileM01.nif
Skyrim.esm	STAT	000B2400	RockPileM01CoastBeach01		Landscape\Rocks\RockPileM01.nif
Skyrim.esm	STAT	000E4A95	RockPileM01CoastBeachGrass01		Landscape\Rocks\RockPileM01.nif
Skyrim.esm	STAT	00087272	RockPileM01Dirt01		Landscape\Rocks\RockPileM01.nif
Skyrim.esm	STAT	0001EF65	RockPileM01DirtSnowPath		Landscape\Rocks\RockPileM01.nif
Skyrim.esm	STAT	000669A9	RockPileM01FallForestDirt01		Landscape\Rocks\RockPileM01.nif
Skyrim.esm	STAT	000BC53A	RockPileM01FallForestGrass01		Landscape\Rocks\RockPileM01.nif
Skyrim.esm	STAT	000AEF7E	RockPileM01FallForestLeaves01		Landscape\Rocks\RockPileM01.nif
Skyrim.esm	STAT	0003AAE6	RockPileM01FieldGrass01		Landscape\Rocks\RockPileM01.nif
Skyrim.esm	STAT	0001BFB0	RockPileM01FieldGrass01Moss		Landscape\Rocks\RockPileM01Tundra.nif
Skyrim.esm	STAT	000A3C50	RockPileM01FieldGrass01WR		Landscape\Rocks\RockPileM01.nif
Skyrim.esm	STAT	00066737	RockPileM01FieldGrass02		Landscape\Rocks\RockPileM01.nif
Skyrim.esm	STAT	000CD0D9	RockPileM01FrozenMarshGrass01		Landscape\Rocks\RockPileM01.nif
Skyrim.esm	STAT	000CD0EA	RockPileM01GrassSnow01		Landscape\Rocks\RockPileM01.nif
Skyrim.esm	STAT	00054C44	RockPileM01PineForest01		Landscape\Rocks\RockPileM01.nif
Skyrim.esm	STAT	0005B884	RockPileM01PineForest02		Landscape\Rocks\RockPileM01.nif
Skyrim.esm	STAT	00053925	RockPileM01ReachDirt01		Landscape\Rocks\RockPileM01.nif
Skyrim.esm	STAT	00041B8C	RockPileM01ReachGrass01		Landscape\Rocks\RockPileM01.nif
Skyrim.esm	STAT	00055ED0	RockPileM01ReachMoss01		Landscape\Rocks\RockPileM01.nif
Skyrim.esm	STAT	00058F05	RockPileM01ReachMossyRocks01		Landscape\Rocks\RockPileM01.nif
Skyrim.esm	STAT	0004620F	RockPileM01RiverbedEdge		Landscape\Rocks\RockPileM01.nif
Skyrim.esm	STAT	00062B17	RockPileM01RiverMud01		Landscape\Rocks\RockPileM01.nif
Skyrim.esm	STAT	0001EF89	RockPileM01Rocks01		Landscape\Rocks\RockPileM01.nif
Skyrim.esm	STAT	000D5573	RockPileM01Snow01_LightSN		Landscape\Rocks\RockPileM01.nif
Skyrim.esm	STAT	00077ED2	RockPileM01Snow01Heavy_SN		Landscape\Rocks\RockPileM01.nif
Skyrim.esm	STAT	000897CB	RockPileM01Sulpur		Landscape\Rocks\RockPileM01.nif
Skyrim.esm	STAT	000C6DDA	RockPileM01Tundra01		Landscape\Rocks\RockPileM01.nif
Skyrim.esm	STAT	00099248	RockPileM01TundraRocks01		Landscape\Rocks\RockPileM01.nif
Skyrim.esm	STAT	00039627	RockPileM01Wet		Landscape\Rocks\WetRocks\RockPileM01Wet.nif
Skyrim.esm	STAT	000396A4	RockPileM01WetCoastBeach01		Landscape\Rocks\WetRocks\RockPileM01Wet.nif
Skyrim.esm	STAT	000ECC29	RockPileM01WetRiverbedEdge01		Landscape\Rocks\WetRocks\RockPileM01Wet.nif
Skyrim.esm	STAT	000C39EC	RockPileM01WetRiverMud01		Landscape\Rocks\WetRocks\RockPileM01Wet.nif
Skyrim.esm	STAT	000233EF	RockPileM02		Landscape\Rocks\RockPileM02.nif
Skyrim.esm	STAT	000F2D2F	RockPileM02CaveDirt01		Landscape\Rocks\RockPileM02.nif
Skyrim.esm	STAT	000B2417	RockPileM02CoastBeach01		Landscape\Rocks\RockPileM02.nif
Skyrim.esm	STAT	000E45EF	RockPileM02CoastBeachGrass01		Landscape\Rocks\RockPileM02.nif
Skyrim.esm	STAT	000E36EE	RockPileM02CoastOceanFloor01		Landscape\Rocks\RockPileM02.nif
Skyrim.esm	STAT	00060E2F	RockPileM02Dirt01		Landscape\Rocks\RockPileM02.nif
Skyrim.esm	STAT	000B723D	RockPileM02DirtPath01		Landscape\Rocks\RockPileM02.nif
Skyrim.esm	STAT	0001EF4E	RockPileM02DirtSnowPath		Landscape\Rocks\RockPileM02.nif
Skyrim.esm	STAT	000ADFF7	RockPileM02FallForestDirt01		Landscape\Rocks\RockPileM02.nif
Skyrim.esm	STAT	000AF177	RockPileM02FallForestGrass01		Landscape\Rocks\RockPileM02.nif
Skyrim.esm	STAT	000C1FBC	RockPileM02FieldGrass01		Landscape\Rocks\RockPileM02.nif
Skyrim.esm	STAT	00024E8F	RockPileM02FieldGrass01Moss		Landscape\Rocks\RockPileM02Tundra.nif
Skyrim.esm	STAT	000A3C51	RockPileM02FieldGrass01WR		Landscape\Rocks\RockPileM02.nif
Skyrim.esm	STAT	00054C38	RockPileM02FieldGrass02		Landscape\Rocks\RockPileM02.nif
Skyrim.esm	STAT	000D92A7	RockPileM02FrozenMarshDirtSlope01		Landscape\Rocks\RockPileM02.nif
Skyrim.esm	STAT	0002C76F	RockPileM02FrozenMarshGrass01		Landscape\Rocks\RockPileM02.nif
Skyrim.esm	STAT	0005C10B	RockPileM02PineForest01		Landscape\Rocks\RockPileM02.nif
Skyrim.esm	STAT	00052FB3	RockPileM02PineForest02		Landscape\Rocks\RockPileM02.nif
Skyrim.esm	STAT	0004FFF5	RockPileM02PineForest03		Landscape\Rocks\RockPileM02.nif
Skyrim.esm	STAT	0005392E	RockPileM02ReachDirt01		Landscape\Rocks\RockPileM02.nif
Skyrim.esm	STAT	00041B8E	RockPileM02ReachGrass01		Landscape\Rocks\RockPileM02.nif
Skyrim.esm	STAT	0004E78F	RockPileM02ReachMoss01		Landscape\Rocks\RockPileM02.nif
Skyrim.esm	STAT	00058F04	RockPileM02ReachMossyRocks01		Landscape\Rocks\RockPileM02.nif
Skyrim.esm	STAT	00046867	RockPileM02RiverbedEdge		Landscape\Rocks\RockPileM02.nif
Skyrim.esm	STAT	00056AE5	RockPileM02RiverbedEdgeReach		Landscape\Rocks\RockPileM02.nif
Skyrim.esm	STAT	00022666	RockPileM02RiverBottom01		Landscape\Rocks\RockPileM02.nif
Skyrim.esm	STAT	00087286	RockPileM02RiverMud01		Landscape\Rocks\RockPileM02.nif
Skyrim.esm	STAT	00020F37	RockPileM02Rocks01		Landscape\Rocks\RockPileM02.nif
Skyrim.esm	STAT	00020F27	RockPileM02Rocks01Snow		Landscape\Rocks\RockPileM02.nif
Skyrim.esm	STAT	0005493E	RockPileM02Rocks01SnowLight		Landscape\Rocks\RockPileM02.nif
Skyrim.esm	STAT	0004635E	RockPileM02Rocks01WRDirt		Landscape\Rocks\RockPileM02.nif
Skyrim.esm	STAT	0005C19C	RockPileM02Snow		Landscape\Rocks\RockPileM02.nif
Skyrim.esm	STAT	000930E7	RockPileM02Tundra01		Landscape\Rocks\RockPileM02.nif
Skyrim.esm	STAT	0009704B	RockPileM02TundraRocks01		Landscape\Rocks\RockPileM02.nif
Skyrim.esm	STAT	0003962F	RockPileM02Wet		Landscape\Rocks\WetRocks\RockPileM02Wet.nif
Skyrim.esm	STAT	00039691	RockPileM02WetCoastBeach01		Landscape\Rocks\WetRocks\RockPileM02Wet.nif
Skyrim.esm	STAT	000EF697	RockPileM02WetDirt01		Landscape\Rocks\WetRocks\RockPileM02Wet.nif
Skyrim.esm	STAT	000C39E4	RockPileM02WetRiverbedBottom01		Landscape\Rocks\WetRocks\RockPileM02Wet.nif
Skyrim.esm	STAT	00075432	RockPileM02WetRiverbedEdge01		Landscape\Rocks\WetRocks\RockPileM02Wet.nif
Skyrim.esm	STAT	000C39E6	RockPileM02WetRiverMud01		Landscape\Rocks\WetRocks\RockPileM02Wet.nif
Skyrim.esm	STAT	000B554E	RockPileM03		Landscape\Rocks\RockPileM03.nif
Skyrim.esm	STAT	000E3734	RockPileM03CoastBeach01		Landscape\Rocks\RockPileM03.nif
Skyrim.esm	STAT	000E4AA1	RockPileM03CoastBeachGrass01		Landscape\Rocks\RockPileM03.nif
Skyrim.esm	STAT	000C7B40	RockPileM03FallForestDirt01		Landscape\Rocks\RockPileM03.nif
Skyrim.esm	STAT	000B6042	RockPileM03PineForest02		Landscape\Rocks\RockPileM03.nif
Skyrim.esm	STAT	000BBA00	RockPileM03Rocks01		Landscape\Rocks\RockPileM03.nif
Skyrim.esm	STAT	000462DD	RockPileM03Rocks01WRDirt		Landscape\Rocks\RockPileM03.nif
Skyrim.esm	STAT	000BDAB4	RockPileM03Rocks_HeavySN		Landscape\Rocks\RockPileM03.nif
Skyrim.esm	STAT	00106AB0	RockPileM03Rocks_Ice		Landscape\Rocks\RockPileM03.nif
Skyrim.esm	STAT	00099F32	RockPileM03Rocks_LightSN		Landscape\Rocks\RockPileM03.nif
Skyrim.esm	STAT	0003964F	RockPileM03Wet		Landscape\Rocks\WetRocks\RockPileM03Wet.nif
Skyrim.esm	STAT	00039824	RockPileM03WetCoastBeach01		Landscape\Rocks\WetRocks\RockPileM03Wet.nif
Skyrim.esm	STAT	000196EF	RockPileS01		Landscape\Rocks\RockPileS01.nif
Skyrim.esm	STAT	000CC766	RockPileS01_Dirt01		Landscape\Rocks\RockPileS01.nif
Skyrim.esm	STAT	000B2418	RockPileS01CoastBeach01		Landscape\Rocks\RockPileS01.nif
Skyrim.esm	STAT	000E8FCE	RockPileS01CoastOceanFloor01		Landscape\Rocks\RockPileS01.nif
Skyrim.esm	STAT	000B723F	RockPileS01DirthPath01		Landscape\Rocks\RockPileS01.nif
Skyrim.esm	STAT	00024BBA	RockPileS01DirtSnowPathSnowLight		Landscape\Rocks\RockPileS01.nif
Skyrim.esm	STAT	000ADFFB	RockPileS01FallForestDirt01		Landscape\Rocks\RockPileS01.nif
Skyrim.esm	STAT	000B0158	RockPileS01FallForestGrass01		Landscape\Rocks\RockPileS01.nif
Skyrim.esm	STAT	000ADF00	RockPileS01FallForestLeaves01		Landscape\Rocks\RockPileS01.nif
Skyrim.esm	STAT	000CBB41	RockPileS01FGrassSnow01		Landscape\Rocks\RockPileS01.nif
Skyrim.esm	STAT	00021E70	RockPileS01FieldGrass01		Landscape\Rocks\RockPileS01.nif
Skyrim.esm	STAT	000A3C53	RockPileS01FieldGrass01WR		Landscape\Rocks\RockPileS01.nif
Skyrim.esm	STAT	0002268E	RockPileS01FieldGrass02		Landscape\Rocks\RockPileS01.nif
Skyrim.esm	STAT	000CF73D	RockPileS01FrozenMarshGrass01		Landscape\Rocks\RockPileS01.nif
Skyrim.esm	STAT	0002BD20	RockPileS01Ice		Landscape\Rocks\RockPileS01.nif
Skyrim.esm	STAT	00024F46	RockPileS01PineForest01		Landscape\Rocks\RockPileS01.nif
Skyrim.esm	STAT	00052F17	RockPileS01PineForest02		Landscape\Rocks\RockPileS01.nif
Skyrim.esm	STAT	000D1EC9	RockPileS01PineForest03		Landscape\Rocks\RockPileS01.nif
Skyrim.esm	STAT	00056B0F	RockPileS01ReachDirt01		Landscape\Rocks\RockPileS01.nif
Skyrim.esm	STAT	000802FA	RockPileS01ReachGrass01		Landscape\Rocks\RockPileS01.nif
Skyrim.esm	STAT	00056B11	RockPileS01ReachMoss01		Landscape\Rocks\RockPileS01.nif
Skyrim.esm	STAT	000EC37A	RockPileS01ReachMossyRocks01		Landscape\Rocks\RockPileS01.nif
Skyrim.esm	STAT	00052F68	RockPileS01RiverbedEdge		Landscape\Rocks\RockPileS01.nif
Skyrim.esm	STAT	000AFB28	RockPileS01RiverMud01		Landscape\Rocks\RockPileS01.nif
Skyrim.esm	STAT	00024BDD	RockPileS01Rocks01		Landscape\Rocks\RockPileS01.nif
Skyrim.esm	STAT	0001EF4C	RockPileS01Rocks01SnowLight		Landscape\Rocks\RockPileS01.nif
Skyrim.esm	STAT	00026960	RockPileS01Snow		Landscape\Rocks\RockPileS01.nif
Skyrim.esm	STAT	000A08CF	RockPileS01SnowRocks		Landscape\Rocks\RockPileS01.nif
Skyrim.esm	STAT	000992B3	RockPileS01Tundra01		Landscape\Rocks\RockPileS01.nif
Skyrim.esm	STAT	0003F863	RockPileS01TundraRocks		Landscape\Rocks\RockPileS01.nif
Skyrim.esm	STAT	0009E126	RockPileS01VolcanicDirt01		Landscape\Rocks\RockPileS01.nif
Skyrim.esm	STAT	00018BA6	RockPileS02		Landscape\Rocks\RockPileS02.nif
Skyrim.esm	STAT	000B2419	RockPileS02CoastBeach01		Landscape\Rocks\RockPileS02.nif
Skyrim.esm	STAT	000E8F58	RockPileS02CoastOceanFloor01		Landscape\Rocks\RockPileS02.nif
Skyrim.esm	STAT	00097710	RockPileS02Dirt01		Landscape\Rocks\RockPileS02.nif
Skyrim.esm	STAT	000BA053	RockPileS02DirtPath01		Landscape\Rocks\RockPileS02.nif
Skyrim.esm	STAT	000ADF1F	RockPileS02FallForestDirt01		Landscape\Rocks\RockPileS02.nif
Skyrim.esm	STAT	000B0157	RockPileS02FallForestGrass01		Landscape\Rocks\RockPileS02.nif
Skyrim.esm	STAT	000ADF01	RockPileS02FallForestLeaves01		Landscape\Rocks\RockPileS02.nif
Skyrim.esm	STAT	000BC580	RockPileS02FallForestRocks01		Landscape\Rocks\RockPileS02.nif
Skyrim.esm	STAT	000674BB	RockPileS02FieldGrass01		Landscape\Rocks\RockPileS02.nif
Skyrim.esm	STAT	00066729	RockPileS02FieldGrass02		Landscape\Rocks\RockPileS02.nif
Skyrim.esm	STAT	000CEDF3	RockPileS02FrozenMarshDirtSlope01		Landscape\Rocks\RockPileS02.nif
Skyrim.esm	STAT	000A9BE2	RockPileS02PineForest01		Landscape\Rocks\RockPileS02.nif
Skyrim.esm	STAT	00052F76	RockPileS02PineForest02		Landscape\Rocks\RockPileS02.nif
Skyrim.esm	STAT	000DF90B	RockPileS02PineForest03		Landscape\Rocks\RockPileS02.nif
Skyrim.esm	STAT	000803E2	RockPileS02ReachDirt01		Landscape\Rocks\RockPileS02.nif
Skyrim.esm	STAT	00080384	RockPileS02ReachGrass01		Landscape\Rocks\RockPileS02.nif
Skyrim.esm	STAT	00056B14	RockPileS02ReachMoss01		Landscape\Rocks\RockPileS02.nif
Skyrim.esm	STAT	000A2967	RockPileS02RiverbedEdge01		Landscape\Rocks\RockPileS02.nif
Skyrim.esm	STAT	000F23F5	RockPileS02RiverMud01		Landscape\Rocks\RockPileS02.nif
Skyrim.esm	STAT	00024E22	RockPileS02Rocks01		Landscape\Rocks\RockPileS02.nif
Skyrim.esm	STAT	00024F39	RockPileS02Rocks01Snow		Landscape\Rocks\RockPileS02.nif
Skyrim.esm	STAT	0004635D	RockPileS02Rocks01WRDirt		Landscape\Rocks\RockPileS02.nif
Skyrim.esm	STAT	00077C8E	RockPileS02Snow01Snow		Landscape\Rocks\RockPileS02.nif
Skyrim.esm	STAT	000992B4	RockPileS02Tundra01		Landscape\Rocks\RockPileS02.nif
Skyrim.esm	STAT	000398A8	RockPileS02TundraRocks01		Landscape\Rocks\RockPileS02.nif
Skyrim.esm	STAT	0009E127	RockPileS02VolcanicDirt01		Landscape\Rocks\RockPileS02.nif
Skyrim.esm	STAT	000AF8E0	RockPileS03		Landscape\Rocks\RockPileS03.nif
Skyrim.esm	STAT	000B241A	RockPileS03CoastBeach01		Landscape\Rocks\RockPileS03.nif
Skyrim.esm	STAT	000E8FCD	RockPileS03CoastOceanFloor01		Landscape\Rocks\RockPileS03.nif
Skyrim.esm	STAT	000597DE	RockPileS03Dirt01		Landscape\Rocks\RockPileS03.nif
Skyrim.esm	STAT	000B93F1	RockPileS03DirtPath01		Landscape\Rocks\RockPileS03.nif
Skyrim.esm	STAT	000B0BD9	RockPileS03FallForestDirt01		Landscape\Rocks\RockPileS03.nif
Skyrim.esm	STAT	000BC545	RockPileS03FallForestGrass01		Landscape\Rocks\RockPileS03.nif
Skyrim.esm	STAT	000F5EB6	RockPileS03FallForestLeaves01		Landscape\Rocks\RockPileS03.nif
Skyrim.esm	STAT	000BFB77	RockPileS03FieldGrass01		Landscape\Rocks\RockPileS03.nif
Skyrim.esm	STAT	00059338	RockPileS03FieldGrass02		Landscape\Rocks\RockPileS03.nif
Skyrim.esm	STAT	000CF73B	RockPileS03FrozenMarshGrass01		Landscape\Rocks\RockPileS03.nif
Skyrim.esm	STAT	000F3E26	RockPileS03GrassSnow01Heavy_SN		Landscape\Rocks\RockPileS03.nif
Skyrim.esm	STAT	00077D5E	RockPileS03PineForest01		Landscape\Rocks\RockPileS03.nif
Skyrim.esm	STAT	0005DCE2	RockPileS03PineForest02		Landscape\Rocks\RockPileS03.nif
Skyrim.esm	STAT	00039EC4	RockPileS03ReachDirt01		Landscape\Rocks\RockPileS03.nif
Skyrim.esm	STAT	000B8CB8	RockPileS03RiverbedEdge01		Landscape\Rocks\RockPileS03.nif
Skyrim.esm	STAT	000BD137	RockPileS03RiverMud01		Landscape\Rocks\RockPileS03.nif
Skyrim.esm	STAT	000B353D	RockPileS03Rocks01		Landscape\Rocks\RockPileS03.nif
Skyrim.esm	STAT	000B5993	RockPileS03Rocks01Snow		Landscape\Rocks\RockPileS03.nif
Skyrim.esm	STAT	00046358	RockPileS03Rocks01WRDirt		Landscape\Rocks\RockPileS03.nif
Skyrim.esm	STAT	000BB7AC	RockPileS03Snow01Heavy_SN		Landscape\Rocks\RockPileS03.nif
Skyrim.esm	STAT	000EE514	RockPileS03VolcanicTundraRocks01		Landscape\Rocks\RockPileS03.nif
Skyrim.esm	STAT	000B0106	RockPileS04		Landscape\Rocks\RockPileS04.nif
Skyrim.esm	STAT	000BB8A7	RockPileS04CoastBeach01		Landscape\Rocks\RockPileS04.nif
Skyrim.esm	STAT	000E45F2	RockPileS04CoastBeachGrass01		Landscape\Rocks\RockPileS04.nif
Skyrim.esm	STAT	000C3E55	RockPileS04CoastOceanFloor01		Landscape\Rocks\RockPileS04.nif
Skyrim.esm	STAT	000DB661	RockPileS04Dirt01		Landscape\Rocks\RockPileS04.nif
Skyrim.esm	STAT	000BC478	RockPileS04DirtPath01		Landscape\Rocks\RockPileS04.nif
Skyrim.esm	STAT	000C691A	RockPileS04FallForestDirt01		Landscape\Rocks\RockPileS04.nif
Skyrim.esm	STAT	000C62BF	RockPileS04FallForestGrass01		Landscape\Rocks\RockPileS04.nif
Skyrim.esm	STAT	000C2FA9	RockPileS04FieldGrass01		Landscape\Rocks\RockPileS04.nif
Skyrim.esm	STAT	00075421	RockPileS04FieldGrass02		Landscape\Rocks\RockPileS04.nif
Skyrim.esm	STAT	000D92A9	RockPileS04FrozenMarshDirtSlope01		Landscape\Rocks\RockPileS04.nif
Skyrim.esm	STAT	000CD0BC	RockPileS04FrozenMarshGrass01		Landscape\Rocks\RockPileS04.nif
Skyrim.esm	STAT	000F3E27	RockPileS04GrassSnow01Heavy_SN		Landscape\Rocks\RockPileS04.nif
Skyrim.esm	STAT	000775B7	RockPileS04PineForest01		Landscape\Rocks\RockPileS04.nif
Skyrim.esm	STAT	00018C9E	RockPileS04PineForest02		Landscape\Rocks\RockPileS04.nif
Skyrim.esm	STAT	00039ECC	RockPileS04ReachDirt01		Landscape\Rocks\RockPileS04.nif
Skyrim.esm	STAT	000BC5EC	RockPileS04RFallForestDirt01		Landscape\Rocks\RockPileS04.nif
Skyrim.esm	STAT	000BD136	RockPileS04RFallForestLeaves01		Landscape\Rocks\RockPileS04.nif
Skyrim.esm	STAT	000BC496	RockPileS04RiverbedEdge01		Landscape\Rocks\RockPileS04.nif
Skyrim.esm	STAT	000E4EA0	RockPileS04RiverMud01		Landscape\Rocks\RockPileS04.nif
Skyrim.esm	STAT	000B353E	RockPileS04Rocks01		Landscape\Rocks\RockPileS04.nif
Skyrim.esm	STAT	000B5994	RockPileS04Rocks01Snow		Landscape\Rocks\RockPileS04.nif
Skyrim.esm	STAT	000597C3	RockPileS04RPineForest02		Landscape\Rocks\RockPileS04.nif
Skyrim.esm	STAT	000BB7AD	RockPileS04Snow01Heavy_SN		Landscape\Rocks\RockPileS04.nif
Skyrim.esm	STAT	00077569	RockPileS04Snow01Light_SN		Landscape\Rocks\RockPileS04.nif
Skyrim.esm	STAT	000F1F7B	RockPileS04Tundra01		Landscape\Rocks\RockPileS04.nif
Skyrim.esm	STAT	000C1FDA	RockPileS04TundraRocks01		Landscape\Rocks\RockPileS04.nif
Skyrim.esm	STAT	000ED73A	RockPileS04VolcanicRocks01		Landscape\Rocks\RockPileS04.nif
Skyrim.esm	STAT	000EE518	RockPileS04VolcanicTundraRocks01		Landscape\Rocks\RockPileS04.nif
Skyrim.esm	STAT	00018198	RockS01		Landscape\Rocks\RockS01.nif
Skyrim.esm	STAT	0002695D	RockS01Snow		Landscape\Rocks\RockS01.nif
Skyrim.esm	STAT	000BB8C5	RockS01Wet		Landscape\Rocks\WetRocks\RockS01Wet.nif
Skyrim.esm	STAT	00018BA7	RockS02		Landscape\Rocks\RockS02.nif
Skyrim.esm	STAT	0002695F	RockS02Snow		Landscape\Rocks\RockS02.nif
Skyrim.esm	STAT	000BB8C6	RockS02Wet		Landscape\Rocks\WetRocks\RockS02Wet.nif
Skyrim.esm	STAT	0001B0A9	RockS03		Landscape\Rocks\RockS03.nif
Skyrim.esm	STAT	000658FD	RockS03Snow		Landscape\Rocks\RockS03.nif
Skyrim.esm	STAT	000BB8C7	RockS03Wet		Landscape\Rocks\WetRocks\RockS03Wet.nif
Skyrim.esm	STAT	0001CB4C	RockShelf01		Landscape\Rocks\RockShelf01.nif
Skyrim.esm	STAT	000E3EB7	RockShelf01_HeavySN		Landscape\Rocks\RockShelf01.nif
Skyrim.esm	STAT	0004D71F	RockShelf01_LightSN		Landscape\Rocks\RockShelf01.nif
Skyrim.esm	STAT	000B241B	RockShelf01CoastBeach01		Landscape\Rocks\RockShelf01.nif
Skyrim.esm	STAT	0006699F	RockShelf01FallForestDirt01		Landscape\Rocks\RockShelf01.nif
Skyrim.esm	STAT	0003554E	RockShelf01FieldGrass01		Landscape\Rocks\RockShelf01.nif
Skyrim.esm	STAT	0008D069	RockShelf01PineForest02		Landscape\Rocks\RockShelf01.nif
Skyrim.esm	STAT	0001F1C7	RockShelf01ReachDirt01		Landscape\Rocks\RockShelf01.nif
Skyrim.esm	STAT	00079634	RockShelf01ReachGrass01		Landscape\Rocks\RockShelf01.nif
Skyrim.esm	STAT	00037AE5	RockShelf01ReachMoss01		Landscape\Rocks\RockShelf01.nif
Skyrim.esm	STAT	0002265B	RockShelf01RiverbedEdge01		Landscape\Rocks\RockShelf01.nif
Skyrim.esm	STAT	0007E824	RockShelf01RiverMud01		Landscape\Rocks\RockShelf01.nif
Skyrim.esm	STAT	00024B88	RockShelf01Rocks01		Landscape\Rocks\RockShelf01.nif
Skyrim.esm	STAT	0007A085	RockShelf01Snow01_LightSN		Landscape\Rocks\RockShelf01.nif
Skyrim.esm	STAT	00039658	RockShelf01Wet		Landscape\Rocks\WetRocks\RockShelf01Wet.nif
Skyrim.esm	STAT	000396AC	RockShelf01WetCoastBeach01		Landscape\Rocks\WetRocks\RockShelf01Wet.nif
Skyrim.esm	STAT	0010961E	RockShelf01WRDirt		Landscape\Rocks\RockShelf01.nif
Skyrim.esm	STAT	00086920	RockShelf02		Landscape\Rocks\RockShelf02.nif
Skyrim.esm	STAT	00039222	RockTundraLand01		Landscape\Tundra\RockTundraLand01.nif
Skyrim.esm	STAT	000B0F71	RockTundraLand01_LightSN		Landscape\Tundra\RockTundraLand01.nif
Skyrim.esm	STAT	0003F926	RockTundraLand01FieldGrass01		Landscape\Tundra\RockTundraLand01.nif
Skyrim.esm	STAT	000930BF	RockTundraLand01ReachMoss01		Landscape\Tundra\RockTundraLand01.nif
Skyrim.esm	STAT	00039224	RockTundraLand01Tundra01		Landscape\Tundra\RockTundraLand01.nif
Skyrim.esm	STAT	00039231	RockTundraLand01TundraRocks01		Landscape\Tundra\RockTundraLand01.nif
Skyrim.esm	STAT	00039223	RockTundraLand02		Landscape\Tundra\RockTundraLand02.nif
Skyrim.esm	STAT	000B0F72	RockTundraLand02_LightSN		Landscape\Tundra\RockTundraLand02.nif
Skyrim.esm	STAT	0003925C	RockTundraLand02FieldGrass01		Landscape\Tundra\RockTundraLand02.nif
Skyrim.esm	STAT	000B6040	RockTundraLand02PineForest02		Landscape\Tundra\RockTundraLand02.nif
Skyrim.esm	STAT	00043941	RockTundraLand02RiverbedEdge		Landscape\Tundra\RockTundraLand02.nif
Skyrim.esm	STAT	0003925D	RockTundraLand02Tundra01		Landscape\Tundra\RockTundraLand02.nif
Skyrim.esm	STAT	00039220	RockTundraLand03		Landscape\Tundra\RockTundraLand03.nif
Skyrim.esm	STAT	0003925F	RockTundraLand03FieldGrass01		Landscape\Tundra\RockTundraLand03.nif
Skyrim.esm	STAT	000B6041	RockTundraLand03PineForest02		Landscape\Tundra\RockTundraLand03.nif
Skyrim.esm	STAT	000B6266	RockTundraLand03Snow01Snow		Landscape\Tundra\RockTundraLand03.nif
Skyrim.esm	STAT	0003925E	RockTundraLand03Tundra01		Landscape\Tundra\RockTundraLand03.nif
Skyrim.esm	STAT	000E60FD	RTBannerAnchor01		Architecture\Riften\Clutter\RTBannerAnchor01.nif
Skyrim.esm	STAT	000AA827	RTDockBldCorPier01		Architecture\Riften\Docks\RTDockBldCorPier01.nif
Skyrim.esm	STAT	000AA82F	RTDockBldCorPier02		Architecture\Riften\Docks\RTDockBldCorPier02.nif
Skyrim.esm	STAT	000AA81D	RTDockPier01		Architecture\Riften\Docks\RTDockPier01.nif
Skyrim.esm	STAT	000AA82E	RTDockPier02		Architecture\Riften\Docks\RTDockPier02.nif
Skyrim.esm	STAT	000AED6A	RTDockPier03		Architecture\Riften\Docks\RTDockPier03.nif
Skyrim.esm	STAT	000BEC2C	RTFireplace01		Architecture\Riften\Clutter\RTFireplace01.nif
Skyrim.esm	STAT	000BF880	RTFireplaceTall01		Architecture\Riften\Clutter\RTFireplaceTall01.nif
Skyrim.esm	STAT	000DFB41	RTKeepFirePit01		Architecture\Riften\RTKeepFirePit01.nif
Skyrim.esm	STAT	000BB7B3	RTStables01		Architecture\Riften\RTStables01.nif
Skyrim.esm	STAT	0005C8D0	RTWallShelf01		Architecture\Riften\Clutter\RTWallShelf01.nif
Skyrim.esm	STAT	000289DA	RuinsAltar		Clutter\Ruins\Ruins_Altar01.nif
Skyrim.esm	STAT	0003F812	RuinsAltarBroken		Clutter\Ruins\RuinsFurnitureRubble15.nif
Skyrim.esm	STAT	000A9DB5	RuinsAltarBroken_LightSnow		Clutter\Ruins\RuinsFurnitureRubble15.nif
Skyrim.esm	STAT	0009B811	RuinsAltarBroken_Snow		Clutter\Ruins\RuinsFurnitureRubble15.nif
Skyrim.esm	STAT	00096F1C	RuinsAltarLight_SN		Clutter\Ruins\Ruins_Altar01.nif
Skyrim.esm	STAT	0005EA3C	RuinsAltarSnow		Clutter\Ruins\Ruins_Altar01.nif
Skyrim.esm	STAT	000289D5	RuinsBench01NoShadow		Furniture\Nordic\Ruins_Bench01.nif
Skyrim.esm	STAT	00040616	RuinsBench01Static		Furniture\Nordic\Ruins_Bench01.nif
Skyrim.esm	STAT	0003F7EC	RuinsBrokenBench01		Clutter\Ruins\RuinsFurnitureRubble09.nif
Skyrim.esm	STAT	0003F7EE	RuinsBrokenBench02		Clutter\Ruins\RuinsFurnitureRubble10.nif
Skyrim.esm	STAT	0003F7F0	RuinsBrokenBench03		Clutter\Ruins\RuinsFurnitureRubble11.nif
Skyrim.esm	STAT	0003F7F2	RuinsBrokenBench04		Clutter\Ruins\RuinsFurnitureRubble12.nif
Skyrim.esm	STAT	0003F7E4	RuinsBrokenShelf01		Clutter\Ruins\RuinsFurnitureRubble05.nif
Skyrim.esm	STAT	0003F7E6	RuinsBrokenShelf02		Clutter\Ruins\RuinsFurnitureRubble06.nif
Skyrim.esm	STAT	000FDCC5	RuinsBrokenShelf02Snow		Clutter\Ruins\RuinsFurnitureRubble06.nif
Skyrim.esm	STAT	0003F7E8	RuinsBrokenShelf03		Clutter\Ruins\RuinsFurnitureRubble07.nif
Skyrim.esm	STAT	0003F7EA	RuinsBrokenShelf04		Clutter\Ruins\RuinsFurnitureRubble08.nif
Skyrim.esm	STAT	000770D5	RuinsBrokenShelf04ice		Clutter\Ruins\RuinsFurnitureRubble08.nif
Skyrim.esm	STAT	0003F7E0	RuinsBrokenTable01		Clutter\Ruins\RuinsFurnitureRubble03.nif
Skyrim.esm	STAT	000770D4	RuinsBrokenTable01ice		Clutter\Ruins\RuinsFurnitureRubble03.nif
Skyrim.esm	STAT	00062A0A	RuinsBrokenTable01snow		Clutter\Ruins\RuinsFurnitureRubble03.nif
Skyrim.esm	STAT	0003F7E2	RuinsBrokenTable02		Clutter\Ruins\RuinsFurnitureRubble04.nif
Skyrim.esm	STAT	00062A0B	RuinsBrokenTable02snow		Clutter\Ruins\RuinsFurnitureRubble04.nif
Skyrim.esm	STAT	0003F7F4	RuinsBrokenThrone01		Clutter\Ruins\RuinsFurnitureRubble13.nif
Skyrim.esm	STAT	000D862D	RuinsBrokenThrone01Sulfur		Clutter\Ruins\RuinsFurnitureRubble13.nif
Skyrim.esm	STAT	0003F7F6	RuinsBrokenThrone02		Clutter\Ruins\RuinsFurnitureRubble14.nif
Skyrim.esm	STAT	0007EA44	RuinsCandleSconceNoCandle		Clutter\Ruins\RuinsCandleSconceNoCandle01.nif
Skyrim.esm	STAT	0007EA46	RuinsCandleSconceOff01		Clutter\Ruins\RuinsCandleSconceOff01.nif
Skyrim.esm	STAT	0007EA40	RuinsCandleSconceOn1		Clutter\Ruins\RuinsCandleSconceOn01.nif
Skyrim.esm	STAT	0007EA42	RuinsCandleSconceOn2		Clutter\Ruins\RuinsCandleSconceOn02.nif
Skyrim.esm	STAT	0003FA7F	RuinsEggSacStatic01		Clutter\Ruins\RuinsSpiderSac01.nif
Skyrim.esm	STAT	0003FA80	RuinsEggSacStatic02		Clutter\Ruins\RuinsSpiderSac02.nif
Skyrim.esm	STAT	0003FA81	RuinsEggSacStatic03		Clutter\Ruins\RuinsSpiderSac03.nif
Skyrim.esm	STAT	0003FA82	RuinsEggSacStatic04		Clutter\Ruins\RuinsSpiderSac04.nif
Skyrim.esm	STAT	000368B4	RuinsFloorCandleLampMidOff		Clutter\Ruins\RuinsFloorCandleLampMidOff.nif
Skyrim.esm	STAT	000368C0	RuinsFloorCandleLampMidOff02		Clutter\Ruins\RuinsFloorCandleLampMidOff02.nif
Skyrim.esm	STAT	000368B2	RuinsFloorCandleLampMidOn		Clutter\Ruins\RuinsFloorCandleLampMidOn.nif
Skyrim.esm	STAT	000368BE	RuinsFloorCandleLampMidOn02		Clutter\Ruins\RuinsFloorCandleLampMidOn02.nif
Skyrim.esm	STAT	000368C4	RuinsFloorCandleLampSmallOff		Clutter\Ruins\RuinsFloorCandleLampSmOff02.nif
Skyrim.esm	STAT	000368BA	RuinsFloorCandleLampSmallOff02		Clutter\Ruins\RuinsFloorCandleLampSmOff.nif
Skyrim.esm	STAT	000368B8	RuinsFloorCandleLampSmallOn		Clutter\Ruins\RuinsFloorCandleLampSmOn.nif
Skyrim.esm	STAT	000368C2	RuinsFloorCandleLampSmallOn02		Clutter\Ruins\RuinsFloorCandleLampSmOn02.nif
Skyrim.esm	STAT	0001B061	RuinsLargeCeilingSconce		Clutter\Ruins\RuinCeilingSconce01.nif
Skyrim.esm	STAT	0010AA22	RuinsLargeCeilingSconceIce		Clutter\Ruins\RuinCeilingSconce01.nif
Skyrim.esm	STAT	0002A576	RuinsLargeCeilingSconceSnow		Clutter\Ruins\RuinCeilingSconce01.nif
Skyrim.esm	STAT	00019E27	RuinsLargeFloorSconce		Clutter\Ruins\RuinLargeFloorSconce.nif
Skyrim.esm	STAT	000B1B7C	RuinsLargeUrnDestroyedStatic		Clutter\Ruins\Ruins_LargeUrnDestroyed.nif
Skyrim.esm	STAT	000B1B7D	RuinsLargeUrnDestroyedTopStatic		Clutter\Ruins\Ruins_LargeUrnDestroyedTop.nif
Skyrim.esm	STAT	00034CD8	RuinsLinenSheet01		Clutter\Ruins\RuinsLinenSheet01.nif
Skyrim.esm	STAT	00034CD9	RuinsLinenSheet02		Clutter\Ruins\RuinsLinenSheet02.nif
Skyrim.esm	STAT	000E410E	RuinsLinenSheet02Snow		Clutter\Ruins\RuinsLinenSheet02.nif
Skyrim.esm	STAT	000B1B70	RuinsPot01Static		Clutter\Ruins\RuinsPot01.nif
Skyrim.esm	STAT	000835CF	RuinsPot01Staticice		Clutter\Ruins\RuinsPot01.nif
Skyrim.esm	STAT	000B1B71	RuinsPot02Static		Clutter\Ruins\RuinsPot02.nif
Skyrim.esm	STAT	000B1B72	RuinsPot03Static		Clutter\Ruins\RuinsPot03Static.nif
Skyrim.esm	STAT	000835D1	RuinsPot03Staticice		Clutter\Ruins\RuinsPot03.nif
Skyrim.esm	STAT	000B1B73	RuinsPot04Static		Clutter\Ruins\RuinsPot04.nif
Skyrim.esm	STAT	00101B5C	RuinsPot04StaticIce		Clutter\Ruins\RuinsPot04.nif
Skyrim.esm	STAT	000B1B75	RuinsPot05Static		Clutter\Ruins\RuinsPot05.nif
Skyrim.esm	STAT	00101B5D	RuinsPot05StaticIce		Clutter\Ruins\RuinsPot05.nif
Skyrim.esm	STAT	000B1B74	RuinsPot06Static		Clutter\Ruins\RuinsPot06.nif
Skyrim.esm	STAT	000BFBA6	RuinsPot06Static_LightSN		Clutter\Ruins\RuinsPot06.nif
Skyrim.esm	STAT	00017179	RuinsPuzzlePillarBase		Clutter\Ruins\RuinsPuzzlePillarBase01.nif
Skyrim.esm	STAT	000DBF44	RuinsPuzzlePillarBaseSnow		Clutter\Ruins\RuinsPuzzlePillarBase01.nif
Skyrim.esm	STAT	000B7F70	RuinsPuzzlePillarStatic		Clutter\Ruins\Pillar\RuinsPuzzlePillar01.nif
Skyrim.esm	STAT	000183F5	RuinsSconce		Clutter\Ruins\RuinSconce01.nif
Skyrim.esm	STAT	000194B9	RuinsSconceAndBase		Clutter\Ruins\RuinSconce01WithBase.nif
Skyrim.esm	STAT	00061C82	RuinsSconceAndBaseice		Clutter\Ruins\RuinSconce01WithBase.nif
Skyrim.esm	STAT	000982D5	RuinsSconceAndBaseSnow		Clutter\Ruins\RuinSconce01WithBase.nif
Skyrim.esm	STAT	000194BC	RuinsSconceBaseNoShadow		Clutter\Ruins\RuinSconce01BaseNoShadow.nif
Skyrim.esm	STAT	00061BFD	RuinsSconceBaseNoShadowice		Clutter\Ruins\RuinSconce01BaseNoShadow.nif
Skyrim.esm	STAT	000982D6	RuinsSconceBaseSnow		Clutter\Ruins\RuinSconce01BaseNoShadow.nif
Skyrim.esm	STAT	0010AA23	RuinsSconceIce		Clutter\Ruins\RuinSconce01.nif
Skyrim.esm	STAT	0001B069	RuinsSconceRopeBroken		Clutter\Ruins\RuinsCeilingRopeBroken.nif
Skyrim.esm	STAT	0001B063	RuinsSconceRopeLong		Clutter\Ruins\RuinsCeilingRopeLong.nif
Skyrim.esm	STAT	0001B065	RuinsSconceRopeShort		Clutter\Ruins\RuinsCeilingRopeShort.nif
Skyrim.esm	STAT	0002A572	RuinsSconceSnow		Clutter\Ruins\RuinSconce01.nif
Skyrim.esm	STAT	00037E89	RuinsShelfLargeFull		Clutter\Ruins\RuinShelfLargeFull01.nif
Skyrim.esm	STAT	00037E8B	RuinsShelfLargeHalf		Clutter\Ruins\RuinShelfLargeHalf01.nif
Skyrim.esm	STAT	0009782F	RuinsShelfLargeHalfSnow		Clutter\Ruins\RuinShelfLargeHalf01.nif
Skyrim.esm	STAT	00037E8D	RuinsShelfSmallFull		Clutter\Ruins\RuinShelfSmallFull01.nif
Skyrim.esm	STAT	00097830	RuinsShelfSmallFullSnow		Clutter\Ruins\RuinShelfSmallFull01.nif
Skyrim.esm	STAT	00037E8F	RuinsShelfSmallHalf		Clutter\Ruins\RuinShelfSmallHalf01.nif
Skyrim.esm	STAT	0002C1B6	RuinsSmallPillar		Traps\MagicCaster\TrapMagicCasterBase02.nif
Skyrim.esm	STAT	0001B410	RuinsWallSconce		Clutter\Ruins\RuinWallSconce01.nif
Skyrim.esm	STAT	0001B427	RuinsWallSconceShadow		Clutter\Ruins\RuinWallSconce01Skirt.nif
Skyrim.esm	STAT	00097831	RuinsWallSconceSnow		Clutter\Ruins\RuinWallSconce01.nif
Skyrim.esm	STAT	00020A90	SanguineRose		Weapons\SanguineRose\SanguineRose.nif
Skyrim.esm	STAT	000C65BF	SBannerlMid01		Architecture\Solitude\Clutter\SBannerlMid01.nif
Skyrim.esm	STAT	000C5699	SBannerlong01		Architecture\Solitude\Clutter\SBannerlong01.nif
Skyrim.esm	STAT	000C5698	SBannerlTall01		Architecture\Solitude\Clutter\SBannerlTall01.nif
Skyrim.esm	STAT	000A6E56	SBannerPost01		Architecture\Solitude\Clutter\SBannerPost01.nif
Skyrim.esm	STAT	00070D88	SBigPlanter01		Architecture\Solitude\Clutter\SBigPlanter01.nif
Skyrim.esm	STAT	000C8CFC	SBigPlanter02		Architecture\Solitude\Clutter\SBigPlanter02.nif
Skyrim.esm	STAT	000C8CFF	SBigPlanter03		Architecture\Solitude\Clutter\SBigPlanter03.nif
Skyrim.esm	STAT	0005EE8F	SCastleEmperorEntrance		Architecture\Solitude\SCastleEmperorEntrance.nif
Skyrim.esm	STAT	000D6D0E	SFirePlaceStack01		Architecture\Solitude\Interiors\SFirePlaceStack01.nif
Skyrim.esm	STAT	000985A7	ShipKatariahWoodplanks01		Dungeons\Ship\Katariah\ShipKatariahWoodplanks01.nif
Skyrim.esm	STAT	000985A8	ShipKatariahWoodplanks02		Dungeons\Ship\Katariah\ShipKatariahWoodplanks02.nif
Skyrim.esm	STAT	000985A9	ShipKatariahWoodplanks03		Dungeons\Ship\Katariah\ShipKatariahWoodplanks03.nif
Skyrim.esm	STAT	000985AA	ShipKatariahWoodplanks04		Dungeons\Ship\Katariah\ShipKatariahWoodplanks04.nif
Skyrim.esm	STAT	0004F8E9	ShipWoodplanks01		Dungeons\Ship\Clutter\ShipWoodplanks01.nif
Skyrim.esm	STAT	0004F8EA	ShipWoodplanks02		Dungeons\Ship\Clutter\ShipWoodplanks02.nif
Skyrim.esm	STAT	0004F8EB	ShipWoodplanks03		Dungeons\Ship\Clutter\ShipWoodplanks03.nif
Skyrim.esm	STAT	0004F8EC	ShipWoodplanks04		Dungeons\Ship\Clutter\ShipWoodplanks04.nif
Skyrim.esm	STAT	00037F09	SHMd_Apothecary		Architecture\Solitude\SHMd_Apothecary.nif
Skyrim.esm	STAT	0008E2D2	SHMd_Apothecary_LOD		Architecture\Solitude\SHMd_Apothecary_LOD.nif
Skyrim.esm	STAT	0010E3B7	SignWHCandlehearthInn02		Clutter\Signage\Windhelm\SignWHCandlehearthInn02.nif
Skyrim.esm	STAT	00086017	SilverCandleStick01		Clutter\Silver\SilverCandleStick01.nif
Skyrim.esm	STAT	00086016	SilverCandleStick02		Clutter\Silver\SilverCandleStick02.nif
Skyrim.esm	STAT	00086015	SilverCandleStick03		Clutter\Silver\SilverCandleStick03.nif
Skyrim.esm	STAT	000B5188	SkuldafnBannerAnchor		Clutter\Skuldafn\SkuldafnBannerAnchor.nif
Skyrim.esm	STAT	000B5187	SkuldafnBannerAnchor02		Clutter\Skuldafn\SkuldafnBannerAnchor02.nif
Skyrim.esm	STAT	0006768D	SkyHavenTable01		Architecture\SkyHavenTemple\SkyHavenTable01.nif
Skyrim.esm	STAT	0006600A	SkyHavenTmpExtPlatExSmFree01		Architecture\SkyHavenTemple\Clutter\SkyHavenTmpExtPlatExSmFree01.nif
Skyrim.esm	STAT	00057596	SLGDArchFire01		Architecture\Solitude\Interiors\SLGDArchFire01.nif
Skyrim.esm	STAT	0005753E	SLGDArchFire02		Architecture\Solitude\Interiors\SLGDArchFire02.nif
Skyrim.esm	STAT	0007526B	SlighthouseFire01		Architecture\Solitude\Clutter\SlighthouseFire.nif
Skyrim.esm	STAT	0001A0B4	SlighthouseFireOff		Architecture\Solitude\Clutter\SlighthouseFireOff.nif
Skyrim.esm	STAT	000E0E95	SMdCFirePlace01		Architecture\Solitude\Interiors\SMdCFirePlace01.nif
Skyrim.esm	STAT	000CC213	SMdCWalShelf01		Architecture\Solitude\Interiors\SMdCWalShelf01.nif
Skyrim.esm	STAT	000DD47A	SMdEFireplace01		Architecture\Solitude\Interiors\SMdEFireplace01.nif
Skyrim.esm	STAT	000CC233	SMdShelf01		Architecture\Solitude\Clutter\SMdShelf01.nif
Skyrim.esm	STAT	00058831	SolitudeRockArch01		Landscape\Unique\SolitudeRockArch01.nif
Skyrim.esm	STAT	00058813	SolitudeRockArch02		Landscape\Unique\SolitudeRockArch02.nif
Skyrim.esm	STAT	00058832	SolitudeRockArch03		Landscape\Unique\SolitudeRockArch03.nif
Skyrim.esm	STAT	000EB09D	SolitudeRockArch03Int		Landscape\Unique\SolitudeRockArch03Int.nif
Skyrim.esm	STAT	00058834	SolitudeRockArch04		Landscape\Unique\SolitudeRockArch04.nif
Skyrim.esm	STAT	000481AD	SoulGemHolder		Clutter\SoulGem\SoulGemHolder01.nif
Skyrim.esm	STAT	000481B0	SoulGemHolderWithStand		Clutter\SoulGem\SoulGemHolderStand01.nif
Skyrim.esm	STAT	000607EB	SOVBarrelPlatform01		Architecture\Sovengarde\SovngardeInterior\SOVBarrelPlatform01.nif
Skyrim.esm	STAT	0005E496	SOVBenchStatic01		Architecture\Sovengarde\SovngardeInterior\SOVBenchStatic01.nif
Skyrim.esm	STAT	000BBB1C	SOVBoneHand01		Architecture\Sovengarde\SOVBoneHand01.nif
Skyrim.esm	STAT	000BBB1A	SOVBoneRib01		Architecture\Sovengarde\SOVBoneRib01.nif
Skyrim.esm	STAT	000BBB1B	SOVBoneShoulder01		Architecture\Sovengarde\SOVBoneShoulder01.nif
Skyrim.esm	STAT	000BD064	SOVBrazier01		Architecture\Sovengarde\SOVBrazier01.nif
Skyrim.esm	STAT	000DAB8B	SovCandleStick01Static		Clutter\Sovngarde\SovCandleStick01Static.nif
Skyrim.esm	STAT	000DAB8A	SovCandleStick02Static		Clutter\Sovngarde\SovCandleStick02Static.nif
Skyrim.esm	STAT	000DAB89	SovCandleStick03Static		Clutter\Sovngarde\SovCandleStick03Static.nif
Skyrim.esm	STAT	000E9D65	SovDrapery01		Architecture\Sovengarde\SovngardeInterior\SovDrapery01.nif
Skyrim.esm	STAT	000E9D67	SovDrapery02		Architecture\Sovengarde\SovngardeInterior\SovDrapery02.nif
Skyrim.esm	STAT	0004B883	SOVintBeamSupport01		Architecture\Sovengarde\SovngardeInterior\SOVintBeamSupport01.nif
Skyrim.esm	STAT	0004B884	SOVintBeamSupport02		Architecture\Sovengarde\SovngardeInterior\SOVintBeamSupport02.nif
Skyrim.esm	STAT	0004F42B	SOVintBench01		Architecture\Sovengarde\SovngardeInterior\SOVintBench01.nif
Skyrim.esm	STAT	0004F435	SOVintBench02		Architecture\Sovengarde\SovngardeInterior\SOVintBench02.nif
Skyrim.esm	STAT	0003E6F0	SOVintColumn01		Architecture\Sovengarde\SovngardeInterior\SOVintColumn01.nif
Skyrim.esm	STAT	0004B87A	SOVintColumn02		Architecture\Sovengarde\SovngardeInterior\SOVintColumn02.nif
Skyrim.esm	STAT	0004B8A8	SOVintColumn03		Architecture\Sovengarde\SovngardeInterior\SOVintColumn03.nif
Skyrim.esm	STAT	0004DF1A	SOVintColumnRoof01		Architecture\Sovengarde\SovngardeInterior\SOVintColumnRoof01.nif
Skyrim.esm	STAT	00025178	SOVintCor01		Architecture\Sovengarde\SovngardeInterior\SOVintCor01.nif
Skyrim.esm	STAT	0004B8AC	SOVintCor02		Architecture\Sovengarde\SovngardeInterior\SOVintCor02.nif
Skyrim.esm	STAT	00024DF1	SOVintExtBuildingPiece01		Architecture\Sovengarde\SovngardeInterior\SOVintExtBuildingPiece01.nif
Skyrim.esm	STAT	0003E6C1	SOVintFloor01		Architecture\Sovengarde\SovngardeInterior\SOVintFloor01.nif
Skyrim.esm	STAT	0003E6E9	SOVintFloorCor01		Architecture\Sovengarde\SovngardeInterior\SOVintFloorCor01.nif
Skyrim.esm	STAT	0003EA52	SOVintFloorFirePlace01		Architecture\Sovengarde\SovngardeInterior\SOVintFloorFirePlace01.nif
Skyrim.esm	STAT	0003E6EB	SOVintFloorMid01		Architecture\Sovengarde\SovngardeInterior\SOVintFloorMid01.nif
Skyrim.esm	STAT	0003E6EA	SOVintFloorStr01		Architecture\Sovengarde\SovngardeInterior\SOVintFloorStr01.nif
Skyrim.esm	STAT	000FF4F4	SOVintPlatformCor01		Architecture\Sovengarde\SovngardeInterior\SOVintPlatformCor01.nif
Skyrim.esm	STAT	000FF503	SOVintPlatformCor02		Architecture\Sovengarde\SovngardeInterior\SOVintPlatformCor02.nif
Skyrim.esm	STAT	00060DA2	SOVintPlatformCorHalf01		Architecture\Sovengarde\SovngardeInterior\SOVintPlatformCorHalf01.nif
Skyrim.esm	STAT	0004B873	SOVintPlatformCorIn01		Architecture\Sovengarde\SovngardeInterior\SOVintPlatformCorIn01.nif
Skyrim.esm	STAT	00060DA4	SOVintPlatformCorInCustom01		Architecture\Sovengarde\SovngardeInterior\SOVintPlatformCorInCustom01.nif
Skyrim.esm	STAT	0004DEFA	SOVintPlatformCustomL		Architecture\Sovengarde\SovngardeInterior\SOVintPlatformCustomL.nif
Skyrim.esm	STAT	0004DEF7	SOVintPlatformCustomR		Architecture\Sovengarde\SovngardeInterior\SOVintPlatformCustomR.nif
Skyrim.esm	STAT	0004B874	SOVintPlatformStr01		Architecture\Sovengarde\SovngardeInterior\SOVintPlatformStr01.nif
Skyrim.esm	STAT	0003EA28	SOVintPlatformStr01Half		Architecture\Sovengarde\SovngardeInterior\SOVintPlatformStr01Half.nif
Skyrim.esm	STAT	0004F455	SOVintPlatformStr01NoShading		Architecture\Sovengarde\SovngardeInterior\SOVintPlatformStr01NoShading.nif
Skyrim.esm	STAT	0005E4ED	SOVintPlatformStrCustom01		Architecture\Sovengarde\SovngardeInterior\SOVintPlatformStrCustom01.nif
Skyrim.esm	STAT	0004DED3	SOVintPlatformStrStairOpening01		Architecture\Sovengarde\SovngardeInterior\SOVintPlatformStrStairOpening01.nif
Skyrim.esm	STAT	0004DECA	SOVintStairsFree01		Architecture\Sovengarde\SovngardeInterior\SOVintStairsFree01.nif
Skyrim.esm	STAT	000FF4F7	SOVintStairsFree02		Architecture\Sovengarde\SovngardeInterior\SOVintStairsFree02.nif
Skyrim.esm	STAT	00024E34	SOVintStairsMain01		Architecture\Sovengarde\SovngardeInterior\SOVintStairsMain01.nif
Skyrim.esm	STAT	0004B87D	SOVintStairsMain02		Architecture\Sovengarde\SovngardeInterior\SOVintStairsMain02.nif
Skyrim.esm	STAT	0002A635	SOVintStairsWing01		Architecture\Sovengarde\SovngardeInterior\SOVintStairsWing01.nif
Skyrim.esm	STAT	000225C5	SOVintStrDoorL01		Architecture\Sovengarde\SovngardeInterior\SOVintStrDoorL01.nif
Skyrim.esm	STAT	000225C6	SOVintStrDoorR01		Architecture\Sovengarde\SovngardeInterior\SOVintStrDoorR01.nif
Skyrim.esm	STAT	000233D4	SOVintStrOpenL		Architecture\Sovengarde\SovngardeInterior\SOVintStrOpenL.nif
Skyrim.esm	STAT	000233E1	SOVintStrOpenR		Architecture\Sovengarde\SovngardeInterior\SOVintStrOpenR.nif
Skyrim.esm	STAT	0004DFA7	SOVintStrWinEndL		Architecture\Sovengarde\SovngardeInterior\SOVintStrWinEndL.nif
Skyrim.esm	STAT	0004DF98	SOVintStrWinEndR		Architecture\Sovengarde\SovngardeInterior\SOVintStrWinEndR.nif
Skyrim.esm	STAT	000240CB	SOVintStrWinL		Architecture\Sovengarde\SovngardeInterior\SOVintStrWinL.nif
Skyrim.esm	STAT	000240E3	SOVintStrWinR		Architecture\Sovengarde\SovngardeInterior\SOVintStrWinR.nif
Skyrim.esm	STAT	0002A616	SOVintTopStr01		Architecture\Sovengarde\SovngardeInterior\SOVintTopStr01.nif
Skyrim.esm	STAT	0002A627	SOVintTopStrWin01		Architecture\Sovengarde\SovngardeInterior\SOVintTopStrWin01.nif
Skyrim.esm	STAT	0003E6F1	SOVintWingWinL		Architecture\Sovengarde\SovngardeInterior\SOVintWingWinL.nif
Skyrim.esm	STAT	0003E6EE	SOVintWingWinR		Architecture\Sovengarde\SovngardeInterior\SOVintWingWinR.nif
Skyrim.esm	STAT	0006068F	SovLargeMeadBarrel01		Clutter\Sovngarde\SovLargeMeadBarrel01.nif
Skyrim.esm	STAT	000BBAFE	SOVMeadHall01		Architecture\Sovengarde\SOVMeadHall01.nif
Skyrim.esm	STAT	000BBB06	SOVMeadHall02		Architecture\Sovengarde\SOVMeadHall02.nif
Skyrim.esm	STAT	000B35C8	SOVMountainBase01		Architecture\Sovengarde\SOVMountainBase01.nif
Skyrim.esm	STAT	000B5D0B	SovngardePlinth01		Architecture\Sovengarde\SovngardePlinth01.nif
Skyrim.esm	STAT	0009A787	SovngardeStatue01		Architecture\Sovengarde\SovngardeStatue01.nif
Skyrim.esm	STAT	000B35B8	SOVRockTerrace01		Architecture\Sovengarde\SOVRockTerrace01.nif
Skyrim.esm	STAT	000BBB03	SovRockTerraceL01		Architecture\Sovengarde\SovRockTerraceL01.nif
Skyrim.esm	STAT	000B35C6	SovRockTerraceMainStairs01		Architecture\Sovengarde\SovRockTerraceMainStairs01.nif
Skyrim.esm	STAT	000BBB02	SovRockTerraceR01		Architecture\Sovengarde\SovRockTerraceR01.nif
Skyrim.esm	STAT	000E9D1C	SOVRugAEndL		Architecture\Sovengarde\SovngardeInterior\SOVRugAEndL.nif
Skyrim.esm	STAT	000E9D1A	SOVRugAEndR		Architecture\Sovengarde\SovngardeInterior\SOVRugAEndR.nif
Skyrim.esm	STAT	000E9D1B	SOVRugAMid01		Architecture\Sovengarde\SovngardeInterior\SOVRugAMid01.nif
Skyrim.esm	STAT	000E9D7D	SOVRugCEndL		Architecture\Sovengarde\SovngardeInterior\SOVRugCEndL.nif
Skyrim.esm	STAT	000E9D7E	SOVRugCEndR		Architecture\Sovengarde\SovngardeInterior\SOVRugCEndR.nif
Skyrim.esm	STAT	000E9D7C	SOVRugCMid01		Architecture\Sovengarde\SovngardeInterior\SOVRugCMid01.nif
Skyrim.esm	STAT	000E9D27	SOVRugDEndL		Architecture\Sovengarde\SovngardeInterior\SOVRugDEndL.nif
Skyrim.esm	STAT	000E9D28	SOVRugDEndR		Architecture\Sovengarde\SovngardeInterior\SOVRugDEndR.nif
Skyrim.esm	STAT	000E9D26	SOVRugDMid01		Architecture\Sovengarde\SovngardeInterior\SOVRugDMid01.nif
Skyrim.esm	STAT	0005E513	SOVSpit01		Architecture\Sovengarde\SovngardeInterior\SOVSpit01.nif
Skyrim.esm	STAT	000EAEE2	SOVStairsPiece01		Architecture\Sovengarde\SOVStairsPiece01.nif
Skyrim.esm	STAT	000EAEE5	SOVStairsPieceStr01		Architecture\Sovengarde\SOVStairsPieceStr01.nif
Skyrim.esm	STAT	000EAEE8	SOVStairsPieceStr02		Architecture\Sovengarde\SOVStairsPieceStr02.nif
Skyrim.esm	STAT	000BD06E	SOVStoneTotem01		Architecture\Sovengarde\SOVStoneTotem01.nif
Skyrim.esm	STAT	0005E48B	SOVtable01		Architecture\Sovengarde\SovngardeInterior\SOVtable01.nif
Skyrim.esm	STAT	0005E4D2	SOVtableBase01		Architecture\Sovengarde\SovngardeInterior\SOVtableBase01.nif
Skyrim.esm	STAT	000E9D94	SOVtableCloth4Wide		Architecture\Sovengarde\SovngardeInterior\SOVtableCloth4Wide.nif
Skyrim.esm	STAT	000E9D92	SOVtableCloth5Wide		Architecture\Sovengarde\SovngardeInterior\SOVtableCloth5Wide.nif
Skyrim.esm	STAT	0005E4A2	SOVtableEndL		Architecture\Sovengarde\SovngardeInterior\SOVtableEndL.nif
Skyrim.esm	STAT	0005E4A6	SOVtableEndR		Architecture\Sovengarde\SovngardeInterior\SOVtableEndR.nif
Skyrim.esm	STAT	000FF518	SOVtableHeadTable01		Architecture\Sovengarde\SovngardeInterior\SOVtableHeadTable01.nif
Skyrim.esm	STAT	000FF506	SOVtableLong01		Architecture\Sovengarde\SovngardeInterior\SOVtableLong01.nif
Skyrim.esm	STAT	0005E4A9	SOVtableMid01		Architecture\Sovengarde\SovngardeInterior\SOVtableMid01.nif
Skyrim.esm	STAT	0005E508	SOVtableSquare01		Architecture\Sovengarde\SovngardeInterior\SOVtableSquare01.nif
Skyrim.esm	STAT	000E9D70	SOVTapestry01		Architecture\Sovengarde\SovngardeInterior\SOVTapestry01.nif
Skyrim.esm	STAT	000BBB08	SOVWhaleBridgeBody01		Architecture\Sovengarde\SOVWhaleBridgeBody01.nif
Skyrim.esm	STAT	000BBB09	SOVWhaleBrigeHead01		Architecture\Sovengarde\SOVWhaleBrigeHead01.nif
Skyrim.esm	STAT	00035F50	Spit01		Clutter\WoodFires\Spit01.nif
Skyrim.esm	STAT	0010411B	SpitSmall01		Clutter\WoodFires\SpitSmall01.nif
Skyrim.esm	STAT	0010411D	SpitWall01		Clutter\WoodFires\SpitWall01.nif
Skyrim.esm	STAT	0007F3A6	Splanter01		Architecture\Solitude\Splanter01.nif
Skyrim.esm	STAT	0007F933	Splanter01Snow		Architecture\Solitude\Splanter01.nif
Skyrim.esm	STAT	000B3FC0	SSawWaterWheel		Architecture\Solitude\Farms\SSawWaterWheel.nif
Skyrim.esm	STAT	00092DE5	StatueDibellaFlower		Clutter\Statues\StatueDibellaFlower.nif
Skyrim.esm	STAT	0007F303	SThalmorBarracks		Architecture\Solitude\SThalmorBarracks.nif
Skyrim.esm	STAT	0007BC44	SThalmorEmbassy		Architecture\Solitude\SThalmorEmbassy.nif
Skyrim.esm	STAT	00037F0B	STheWinkingSkeever		Architecture\Solitude\SThe Winking Skeever.nif
Skyrim.esm	STAT	0008E2D7	STheWinkingSkeever_LOD		Architecture\Solitude\SThe Winking Skeever_LOD.nif
Skyrim.esm	STAT	000F6307	StockadeScaffoldTop0Sided01Planks		Dungeons\Mines\Scaffolding\MineScaffoldTop0Sided01.nif
Skyrim.esm	STAT	000F6308	StockadeScaffoldTop0Sided01PlanksLight_SN		Dungeons\Mines\Scaffolding\MineScaffoldTop0Sided01.nif
Skyrim.esm	STAT	000533D5	StockadeWoodplanks01		Dungeons\Mines\Clutter\MineWoodplanks01.nif
Skyrim.esm	STAT	000B0FA0	StockadeWoodplanks01_LightSN		Dungeons\Mines\Clutter\MineWoodplanks01.nif
Skyrim.esm	STAT	000752B6	StockadeWoodplanks01Snow		Dungeons\Mines\Clutter\MineWoodplanks01.nif
Skyrim.esm	STAT	000533D6	StockadeWoodplanks02		Dungeons\Mines\Clutter\MineWoodplanks02.nif
Skyrim.esm	STAT	000F630B	StockadeWoodplanks02Light_SN		Dungeons\Mines\Clutter\MineWoodplanks02.nif
Skyrim.esm	STAT	000752B5	StockadeWoodplanks02Snow		Dungeons\Mines\Clutter\MineWoodplanks02.nif
Skyrim.esm	STAT	000533D7	StockadeWoodplanks03		Dungeons\Mines\Clutter\MineWoodplanks03.nif
Skyrim.esm	STAT	000687A7	StockadeWoodplanks03Light_SN		Dungeons\Mines\Clutter\MineWoodplanks03.nif
Skyrim.esm	STAT	000752B4	StockadeWoodplanks03Snow		Dungeons\Mines\Clutter\MineWoodplanks03.nif
Skyrim.esm	STAT	000533D8	StockadeWoodplanks04		Dungeons\Mines\Clutter\MineWoodplanks04.nif
Skyrim.esm	STAT	000687A8	StockadeWoodplanks04Light_SN		Dungeons\Mines\Clutter\MineWoodplanks04.nif
Skyrim.esm	STAT	000752B1	StockadeWoodplanks04Snow		Dungeons\Mines\Clutter\MineWoodplanks04.nif
Skyrim.esm	STAT	0000099B	Stonewall01		Architecture\Farmhouse\Stonewall\Stonewall01.NIF
Skyrim.esm	STAT	0000099C	Stonewall01Ivy		Architecture\Farmhouse\Stonewall\Stonewall01Ivy.NIF
Skyrim.esm	STAT	0006F15F	Stonewall01Snow		Architecture\Farmhouse\Stonewall\Stonewall01.NIF
Skyrim.esm	STAT	0000099D	Stonewall02		Architecture\Farmhouse\Stonewall\Stonewall02.NIF
Skyrim.esm	STAT	0006F15B	Stonewall02Snow		Architecture\Farmhouse\Stonewall\Stonewall02.NIF
Skyrim.esm	STAT	0000099E	StonewallEndL01		Architecture\Farmhouse\Stonewall\StonewallEndL01.NIF
Skyrim.esm	STAT	0000099F	StonewallEndL01Ivy		Architecture\Farmhouse\Stonewall\StonewallEndL01Ivy.NIF
Skyrim.esm	STAT	0006F15D	StonewallEndL01Snow		Architecture\Farmhouse\Stonewall\StonewallEndL01.NIF
Skyrim.esm	STAT	000009A0	StonewallEndR01		Architecture\Farmhouse\Stonewall\StonewallEndR01.NIF
Skyrim.esm	STAT	000009A1	StonewallEndR01Ivy		Architecture\Farmhouse\Stonewall\StonewallEndR01Ivy.NIF
Skyrim.esm	STAT	0006F15C	StonewallEndR01Snow		Architecture\Farmhouse\Stonewall\StonewallEndR01.NIF
Skyrim.esm	STAT	000009A2	StonewallLong01		Architecture\Farmhouse\Stonewall\StonewallLong01.NIF
Skyrim.esm	STAT	0006F15E	StonewallLong01Snow		Architecture\Farmhouse\Stonewall\StonewallLong01.NIF
Skyrim.esm	STAT	000009C6	StonewallTerrace01		Architecture\Farmhouse\Stonewall\StonewallTerrace01.NIF
Skyrim.esm	STAT	00093079	StonewallTerrace01FallForest		Architecture\Farmhouse\Stonewall\StonewallTerrace01.NIF
Skyrim.esm	STAT	00093082	StonewallTerrace01FieldGrass		Architecture\Farmhouse\Stonewall\StonewallTerrace01.NIF
Skyrim.esm	STAT	00081194	StonewallTerrace01ReachDirt01		Architecture\Farmhouse\Stonewall\StonewallTerrace01.NIF
Skyrim.esm	STAT	00080327	StonewallTerrace01ReachGrass01		Architecture\Farmhouse\Stonewall\StonewallTerrace01.NIF
Skyrim.esm	STAT	00000A6C	StonewallTerrace02		Architecture\Farmhouse\Stonewall\StonewallTerrace02.NIF
Skyrim.esm	STAT	00093078	StonewallTerrace02FallForest		Architecture\Farmhouse\Stonewall\StonewallTerrace02.NIF
Skyrim.esm	STAT	00093084	StonewallTerrace02FieldGrass		Architecture\Farmhouse\Stonewall\StonewallTerrace02.NIF
Skyrim.esm	STAT	00084A30	StonewallTerrace02ReachGrass01		Architecture\Farmhouse\Stonewall\StonewallTerrace02.NIF
Skyrim.esm	STAT	00000A74	StonewallTerraceCorner01		Architecture\Farmhouse\Stonewall\StonewallTerraceCorner01.NIF
Skyrim.esm	STAT	00093077	StonewallTerraceCorner01FallForest		Architecture\Farmhouse\Stonewall\StonewallTerraceCorner01.NIF
Skyrim.esm	STAT	0009E3F1	StonewallTerraceCorner01FallForestDirt01		Architecture\Farmhouse\Stonewall\StonewallTerraceCorner01.NIF
Skyrim.esm	STAT	00093085	StonewallTerraceCorner01FieldGrass		Architecture\Farmhouse\Stonewall\StonewallTerraceCorner01.NIF
Skyrim.esm	STAT	00080326	StonewallTerraceCorner01ReachGrass01		Architecture\Farmhouse\Stonewall\StonewallTerraceCorner01.NIF
Skyrim.esm	STAT	00000A70	StonewallTerraceEndL01		Architecture\Farmhouse\Stonewall\StonewallTerraceEndL01.NIF
Skyrim.esm	STAT	0009307C	StonewallTerraceEndL01FallForest		Architecture\Farmhouse\Stonewall\StonewallTerraceEndL01.NIF
Skyrim.esm	STAT	0009E370	StonewallTerraceEndL01FallForestDirt01		Architecture\Farmhouse\Stonewall\StonewallTerraceEndL01.NIF
Skyrim.esm	STAT	0003ABF3	StonewallTerraceEndL01FieldGrass01		Architecture\Farmhouse\Stonewall\StonewallTerraceEndL01.NIF
Skyrim.esm	STAT	000811A3	StonewallTerraceEndL01ReachDirt01		Architecture\Farmhouse\Stonewall\StonewallTerraceEndL01.NIF
Skyrim.esm	STAT	000811D3	StonewallTerraceEndL01ReachGrass01		Architecture\Farmhouse\Stonewall\StonewallTerraceEndL01.NIF
Skyrim.esm	STAT	00000A73	StonewallTerraceEndR01		Architecture\Farmhouse\Stonewall\StonewallTerraceEndR01.NIF
Skyrim.esm	STAT	0009307B	StonewallTerraceEndR01FallForest		Architecture\Farmhouse\Stonewall\StonewallTerraceEndR01.NIF
Skyrim.esm	STAT	0003ABF4	StonewallTerraceEndR01FieldGrass01		Architecture\Farmhouse\Stonewall\StonewallTerraceEndR01.NIF
Skyrim.esm	STAT	0008119D	StonewallTerraceEndR01ReachDirt01		Architecture\Farmhouse\Stonewall\StonewallTerraceEndR01.NIF
Skyrim.esm	STAT	00081191	StonewallTerraceEndR01ReachGrass01		Architecture\Farmhouse\Stonewall\StonewallTerraceEndR01.NIF
Skyrim.esm	STAT	000009CC	StonewallTerraceLong01		Architecture\Farmhouse\Stonewall\StonewallTerraceLong01.NIF
Skyrim.esm	STAT	0003ABF2	StonewallTerraceLong01FieldGrass01		Architecture\Farmhouse\Stonewall\StonewallTerraceLong01.NIF
Skyrim.esm	STAT	000811D7	StonewallTerraceLong01ReachDirt01		Architecture\Farmhouse\Stonewall\StonewallTerraceLong01.NIF
Skyrim.esm	STAT	00000A6B	StonewallTerraceLong02		Architecture\Farmhouse\Stonewall\StonewallTerraceLong02.NIF
Skyrim.esm	STAT	0009307A	StonewallTerraceLong02FallForest		Architecture\Farmhouse\Stonewall\StonewallTerraceLong02.NIF
Skyrim.esm	STAT	0009E3F0	StonewallTerraceLong02FallForestDirt01		Architecture\Farmhouse\Stonewall\StonewallTerraceLong02.NIF
Skyrim.esm	STAT	00000A71	StonewallTerraceRampDown01		Architecture\Farmhouse\Stonewall\StonewallTerraceRampDown01.NIF
Skyrim.esm	STAT	000D1ECA	StonewallTerraceRampDown01PineForest03		Architecture\Farmhouse\Stonewall\StonewallTerraceRampDown01.NIF
Skyrim.esm	STAT	00081199	StonewallTerraceRampDown01ReachDirt01		Architecture\Farmhouse\Stonewall\StonewallTerraceRampDown01.NIF
Skyrim.esm	STAT	00081190	StonewallTerraceRampDown01ReachGrass01		Architecture\Farmhouse\Stonewall\StonewallTerraceRampDown01.NIF
Skyrim.esm	STAT	00000A72	StonewallTerraceRampUp01		Architecture\Farmhouse\Stonewall\StonewallTerraceRampUp01.NIF
Skyrim.esm	STAT	000B73E5	StonewallTerraceRampUp01Grass01		Architecture\Farmhouse\Stonewall\StonewallTerraceRampUp01.NIF
Skyrim.esm	STAT	00081192	StonewallTerraceRampUp01ReachGrass01		Architecture\Farmhouse\Stonewall\StonewallTerraceRampUp01.NIF
Skyrim.esm	STAT	000009D0	StonewallTerraceStairs01		Architecture\Farmhouse\Stonewall\StonewallTerraceStairs01.NIF
Skyrim.esm	STAT	00093076	StonewallTerraceStairs01FallForest		Architecture\Farmhouse\Stonewall\StonewallTerraceStairs01.NIF
Skyrim.esm	STAT	00093081	StonewallTerraceStairs01FieldGrass		Architecture\Farmhouse\Stonewall\StonewallTerraceStairs01.NIF
Skyrim.esm	STAT	000D1ECB	StonewallTerraceStairs01PineForest03		Architecture\Farmhouse\Stonewall\StonewallTerraceStairs01.NIF
Skyrim.esm	STAT	000811A2	StonewallTerraceStairs01ReachDirt01		Architecture\Farmhouse\Stonewall\StonewallTerraceStairs01.NIF
Skyrim.esm	STAT	00080325	StonewallTerraceStairs01ReachGrass01		Architecture\Farmhouse\Stonewall\StonewallTerraceStairs01.NIF
Skyrim.esm	STAT	0009B769	Table01Snow		Clutter\Table01.NIF
Skyrim.esm	STAT	000BBB28	TestCollision01		Architecture\Sovengarde\TestCollision01.nif
Skyrim.esm	STAT	00026144	TestNorBridgeMid04snowy		Dungeons\Nordic\Bridges\NorBridgeMid04.nif
Skyrim.esm	STAT	0002E21D	testNorRmShaftMid01icy		Dungeons\Nordic\Shafts\NorRmShaftMid01.nif
Skyrim.esm	STAT	0002E21C	testNorRmShaftMidExSm01icy		Dungeons\Nordic\Shafts\NorRmShaftMidExSm01.nif
Skyrim.esm	STAT	0002A577	testRuinsWallSconceSnowy		Clutter\Ruins\RuinWallSconce01.nif
Skyrim.esm	STAT	000CC79E	TestTeapot01		Effects\TestTeapot01.nif
Skyrim.esm	STAT	0010DE3D	TG00FalmerbloodStatic		Clutter\Potions\PotionHealthExtreme.nif
Skyrim.esm	STAT	000FCC23	TG06RubbingDummyVersion		Clutter\Quest\TGCalcelmosRubbing.nif
Skyrim.esm	STAT	00058EDC	TG08AMarkerStone		Clutter\Quest\TG08StandingStone.nif
Skyrim.esm	STAT	000ABDD5	TG08StandingStone		Clutter\Quest\TG08StandingStone.nif
Skyrim.esm	STAT	000CF2C3	TGParchmentRubbingBlank		Clutter\Quest\TGWallRubbingBlank.nif
Skyrim.esm	STAT	0008A91A	TGRItemMarker		Clutter\DummyItems\DummyTGRLoot.nif
Skyrim.esm	STAT	000FED43	ThalmorsBanner01		Architecture\Solitude\Clutter\ThalmorsBanner01.nif
Skyrim.esm	STAT	000FEDEE	ThalmorsBannerRod01		Architecture\Solitude\Clutter\ThalmorsBanner01Rod.nif
Skyrim.esm	STAT	00102086	ThroatoftheWorldDragonBonesLegR01		Clutter\DeadAnimals\DragonBonesLegR01.nif
Skyrim.esm	STAT	00102087	ThroatoftheWorldDragonBonesNeck01		Clutter\DeadAnimals\DragonBonesNeck01.nif
Skyrim.esm	STAT	00102088	ThroatoftheWorldDragonBonesNeck02		Clutter\DeadAnimals\DragonBonesNeck02.nif
Skyrim.esm	STAT	00102089	ThroatoftheWorldDragonBonesSkull01		Clutter\DeadAnimals\DragonBonesSkull01.nif
Skyrim.esm	STAT	0010208C	ThroatoftheWorldDragonBonesTorso01		Clutter\DeadAnimals\DragonBonesTorso01.nif
Skyrim.esm	STAT	0001FCCC	Tombstone01		Clutter\Tombstones\Tombstone01.nif
Skyrim.esm	STAT	000CD745	Tombstone01Snow		Clutter\Tombstones\Tombstone01.nif
Skyrim.esm	STAT	0001FCF3	Tombstone02		Clutter\Tombstones\Tombstone02.nif
Skyrim.esm	STAT	000F71E9	Tombstone02Light_SN		Clutter\Tombstones\Tombstone02.nif
Skyrim.esm	STAT	0001FCF4	Tombstone03		Clutter\Tombstones\Tombstone03.nif
Skyrim.esm	STAT	000F71E8	Tombstone03Light_SN		Clutter\Tombstones\Tombstone03.nif
Skyrim.esm	STAT	000AA045	TortureRack		Clutter\Common\TortureRack01.nif
Skyrim.esm	STAT	000B9B70	TrailerCam_Waterfall01		Cameras\TrailerCam_Waterfall01.nif
Skyrim.esm	STAT	000173FE	TreePineForestCutLog01		Landscape\Trees\TreePineForestCutLog01.nif
Skyrim.esm	STAT	000173FF	TreePineForestCutLog01A		Landscape\Trees\TreePineForestCutLog01A.nif
Skyrim.esm	STAT	00017400	TreePineForestCutLog01B		Landscape\Trees\TreePineForestCutLog01B.nif
Skyrim.esm	STAT	00017401	TreePineForestCutLog02		Landscape\Trees\TreePineForestCutLog02.nif
Skyrim.esm	STAT	00017402	TreePineForestCutLog02A		Landscape\Trees\TreePineForestCutLog02A.nif
Skyrim.esm	STAT	00017403	TreePineForestCutLog02B		Landscape\Trees\TreePineForestCutLog02B.nif
Skyrim.esm	STAT	00017404	TreePineForestCutLog03		Landscape\Trees\TreePineForestCutLog03.nif
Skyrim.esm	STAT	00017405	TreePineForestCutLog03A		Landscape\Trees\TreePineForestCutLog03A.nif
Skyrim.esm	STAT	00017406	TreePineForestCutLog03B		Landscape\Trees\TreePineForestCutLog03B.nif
Skyrim.esm	STAT	000287BD	TreePineForestCutLog03Moss		Landscape\Trees\TreePineForestCutLog03.nif
Skyrim.esm	STAT	000145C4	TreePineForestCutStump01		Landscape\Trees\TreePineForestCutStump01.nif
Skyrim.esm	STAT	0009B8CD	TreePineForestCutStump01Heavy_SN		Landscape\Trees\TreePineForestCutStump01.nif
Skyrim.esm	STAT	000B7889	TreePineForestCutStump02		Landscape\Trees\TreePineForestCutStump02.nif
Skyrim.esm	STAT	0004B5F8	TreePineForestCutStump02_HeavySN		Landscape\Trees\TreePineForestCutStump02.nif
Skyrim.esm	STAT	000A91CD	TreePineForestCutStump02_LightSN		Landscape\Trees\TreePineForestCutStump02.nif
Skyrim.esm	STAT	00014055	TreePineForestHollow01		Landscape\Trees\TreePineForestHollow01.nif
Skyrim.esm	STAT	000C06F4	TreePineForestHollow01Snow		Landscape\Trees\TreePineForestHollow01Snow.nif
Skyrim.esm	STAT	000998C7	TreePineForestHollow01Sulfur		Landscape\Trees\TreePineForestHollow01.nif
Skyrim.esm	STAT	00013250	TreePineForestLog01		Landscape\Trees\TreePineForestLog01.nif
Skyrim.esm	STAT	000B788A	TreePineForestLog01Blank		Landscape\Trees\TreePineForestLog01Blank.nif
Skyrim.esm	STAT	000864AF	TreePineForestLog01BlankSulfur		Landscape\Trees\TreePineForestLog01Blank.nif
Skyrim.esm	STAT	00054CE8	TreePineForestLog01Heavy_SN		Landscape\Trees\TreePineForestLog01Snow.nif
Skyrim.esm	STAT	000136E8	TreePineForestLog02		Landscape\Trees\TreePineForestLog02.nif
Skyrim.esm	STAT	000EC34F	TreePineForestLog02_ice		Landscape\Trees\TreePineForestLog02Snow.nif
Skyrim.esm	STAT	000B788B	TreePineForestLog02Blank		Landscape\Trees\TreePineForestLog02Blank.nif
Skyrim.esm	STAT	00060093	TreePineForestLog02Heavy_SN		Landscape\Trees\TreePineForestLog02Snow.nif
Skyrim.esm	STAT	00099568	TreePineForestLog02Light_SN		Landscape\Trees\TreePineForestLog02.nif
Skyrim.esm	STAT	000C4AC4	TreePineForestLogSm01		Landscape\Trees\TreePineForestLogSm01.nif
Skyrim.esm	STAT	000CD0F1	TreePineForestLogSm01_HeavySN		Landscape\Trees\TreePineForestLogSm01Snow.nif
Skyrim.esm	STAT	00013251	TreePineForestStump01		Landscape\Trees\TreePineForestStump01.nif
Skyrim.esm	STAT	000EC350	TreePineForestStump01_ice		Landscape\Trees\TreePineForestStump01Snow.nif
Skyrim.esm	STAT	0004F518	TreePineForestStump01Blank		Landscape\Trees\TreePineForestStump01Blank.nif
Skyrim.esm	STAT	0005D041	TreePineForestStump01Snow		Landscape\Trees\TreePineForestStump01Snow.nif
Skyrim.esm	STAT	00013800	TreePineForestStump02A		Landscape\Trees\TreePineForestStump02A.nif
Skyrim.esm	STAT	00013801	TreePineForestStump02B		Landscape\Trees\TreePineForestStump02B.nif
Skyrim.esm	STAT	00013B33	TreePineForestUprooted01		Landscape\Trees\TreePineForestUprooted01.nif
Skyrim.esm	STAT	00048DDA	TreePineForestUprootedStump01		Landscape\Trees\TreePineForestUprootedStump01.nif
Skyrim.esm	STAT	000EC32A	TreePineForestUprootedStump01_ice		Landscape\Trees\TreePineForestUprootedStump01.nif
Skyrim.esm	STAT	000B5F20	TreePineForestUprootedStump01Heavy_SN		Landscape\Trees\TreePineForestUprootedStump01Sn.nif
Skyrim.esm	STAT	000AF8FA	TundraPond01FallForestGrass01		Landscape\Tundra\TundraPond01.nif
Skyrim.esm	STAT	0005F2B2	TundraPond01PineForest02		Landscape\Tundra\TundraPond01.nif
Skyrim.esm	STAT	000AF8FD	TundraStreamBend01FallForestGrass01		Landscape\Tundra\TundraStreamBend01.nif
Skyrim.esm	STAT	0004D721	TundraStreamBend01PineForest02		Landscape\Tundra\TundraStreamBend01.nif
Skyrim.esm	STAT	000B27B5	TundraStreamEnd01FallForestGrass01		Landscape\Tundra\TundraStreamEnd01.nif
Skyrim.esm	STAT	0005F2B4	TundraStreamEnd01PineForest02		Landscape\Tundra\TundraStreamEnd01.nif
Skyrim.esm	STAT	0005957B	TundraStreamStraight01PineForest02		Landscape\Tundra\TundraStreamStraight01.nif
Skyrim.esm	STAT	000F03A7	UpperBedDoubleStatic		Clutter\Upperclass\UpperBedDouble01.nif
Skyrim.esm	STAT	000BA1EB	UpperBedStatic		Clutter\Upperclass\UpperBedSingle01.nif
Skyrim.esm	STAT	001018E0	UpperBench01StaticDUPLICATE000		Clutter\Upperclass\UpperBench01.nif
Skyrim.esm	STAT	001018E1	UpperBench03StaticDUPLICATE000		Clutter\Upperclass\UpperBench03.nif
Skyrim.esm	STAT	0006AE69	UpperChairStatic		Clutter\Upperclass\UpperChair01.nif
Skyrim.esm	STAT	0002136E	UpperShelf01		Clutter\Upperclass\UpperShelf01.nif
Skyrim.esm	STAT	000FB41C	UpperShelf02		Clutter\Upperclass\UpperShelf02.nif
Skyrim.esm	STAT	0007724B	UpperTable01		Clutter\Upperclass\UpperTable01.nif
Skyrim.esm	STAT	00077FFC	UpperTable01Custom01CH		Clutter\Upperclass\UpperTable01Custom01.nif
Skyrim.esm	STAT	00078001	UpperTable01Custom01Cloth01		Clutter\Upperclass\UpperTable01Custom01Cloth01.nif
Skyrim.esm	STAT	0002136B	UpperTableRound01		Clutter\Upperclass\UpperTableRound01.nif
Skyrim.esm	STAT	0002136C	UpperTableSquare01		Clutter\Upperclass\UpperTableSquare01.nif
Skyrim.esm	STAT	000EAB1F	VampireCoffinStatic01		Clutter\Coffins\NordicCoffinStatic01.nif
Skyrim.esm	STAT	000EAB20	VampireCoffinStatic02		Clutter\Coffins\NordicCoffinStatic02.nif
Skyrim.esm	STAT	000EAB21	VampireCoffinStatic03		Clutter\Coffins\NordicCoffinStatic03.nif
Skyrim.esm	STAT	000EAB22	VampireCoffinStatic04		Clutter\Coffins\NordicCoffinStatic04.nif
Skyrim.esm	STAT	0007D448	VolcanicPlateau01		Landscape\Volcanic\VolcanicPlateau01.nif
Skyrim.esm	STAT	000998CC	VolcanicPlateau01Sulfur		Landscape\Volcanic\VolcanicPlateau01.nif
Skyrim.esm	STAT	00086789	VolcanicPlateau02		Landscape\Volcanic\VolcanicPlateau02.nif
Skyrim.esm	STAT	000BBB12	VolcanicPlateau02SOV		Architecture\Sovengarde\VolcanicPlateau02SOV.nif
Skyrim.esm	STAT	000998C8	VolcanicPlateau02Sulfur		Landscape\Volcanic\VolcanicPlateau02.nif
Skyrim.esm	STAT	00081396	VolcanicPlateauC		Landscape\Volcanic\VolcanicPlateauC.nif
Skyrim.esm	STAT	000BBB11	VolcanicPlateauCSOV		Architecture\Sovengarde\VolcanicPlateauCSOV.nif
Skyrim.esm	STAT	000897D0	VolcanicPlateauCSulfur		Landscape\Volcanic\VolcanicPlateauC.nif
Skyrim.esm	STAT	000713C6	VolcanicSteamPool01		Landscape\Volcanic\VolcanicSteamPool01.nif
Skyrim.esm	STAT	000DADE2	VolcanicSteamPool01Sulfur		Landscape\Volcanic\VolcanicSteamPool01.nif
Skyrim.esm	STAT	0007D44F	VolcanicSteamPool02		Landscape\Volcanic\VolcanicSteamPool02.nif
Skyrim.esm	STAT	000897CC	VolcanicSteamPool02Sulfur		Landscape\Volcanic\VolcanicSteamPool02.nif
Skyrim.esm	STAT	000CB1BF	VolunruudFrameDoor		Dungeons\Nordic\Doors\Animated\MediumDoor\VonunruudDoorFrame.nif
Skyrim.esm	STAT	000B9E20	WallBasket01		Clutter\WallBasket01.nif
Skyrim.esm	STAT	000B9E21	WallBasket02		Clutter\WallBasket02.nif
Skyrim.esm	STAT	000B9F12	WallBasket03		Clutter\WallBasket03.nif
Skyrim.esm	STAT	000B9E89	WallBasket04		Clutter\WallBasket04.nif
Skyrim.esm	STAT	000B9FD1	WallBasketHex01		Clutter\WallBasketHex01.nif
Skyrim.esm	STAT	000B9FD2	WallBasketHex02		Clutter\WallBasketHex02.nif
Skyrim.esm	STAT	000B9FD3	WallBasketHex03		Clutter\WallBasketHex03.nif
Skyrim.esm	STAT	000B9FD4	WallBasketHex04		Clutter\WallBasketHex04.nif
Skyrim.esm	STAT	000B9FC9	WallBasketLarge01		Clutter\WallBasketLarge01.nif
Skyrim.esm	STAT	000B9FD5	WallBasketLarge02		Clutter\WallBasketLarge02.nif
Skyrim.esm	STAT	0003FA65	WallMountedElkAntlers		Clutter\Bones\MountedAntlers.nif
Skyrim.esm	STAT	00000062	WaterCurrentMarker		marker_current01.nif
Skyrim.esm	STAT	000000C4	WaterCurrentZoneMarker		
Skyrim.esm	STAT	0008E5FE	WeaponRackEndCap		Clutter\WeaponRack\WRSingleEndCap01.nif
Skyrim.esm	STAT	00037E42	WHCandlehearthInn		Architecture\Windhelm\WHCandlehearthInn.nif
Skyrim.esm	STAT	000B3B78	WHcandlehearthinn2		Architecture\Windhelm\WHcandlehearthinn2.nif
Skyrim.esm	STAT	000F3D0C	WHCLanshattershield		Architecture\Windhelm\WHCLanshattershield.nif
Skyrim.esm	STAT	00093A89	WHfirebrazier01		Architecture\Windhelm\WHfirebrazier01.nif
Skyrim.esm	STAT	000C3D36	Whfirepit01		Architecture\Windhelm\Whfirepit01.nif
Skyrim.esm	STAT	000C3D37	Whfirepit02		Architecture\Windhelm\Whfirepit02.nif
Skyrim.esm	STAT	000C0C6E	WHfireplace01		Architecture\Windhelm\InteriorKits\Castle\WHfireplace01.nif
Skyrim.esm	STAT	000CB93B	WHfireplace03		Architecture\Windhelm\InteriorKits\Castle\WHfireplace03.nif
Skyrim.esm	STAT	000C0F03	WHIntCastleRoomWallFireplace01		Architecture\Windhelm\InteriorKits\Castle\WHIntCastleRoomWallFireplace01.nif
Skyrim.esm	STAT	000965E9	WHIntDockBackWallStone02		Architecture\Windhelm\InteriorKits\Docks\WHIntDockBackWallStone02.nif
Skyrim.esm	STAT	000965CA	WHIntDockBackWallStoneDoor01		Architecture\Windhelm\InteriorKits\Docks\WHIntDockBackWallStoneDoor01.nif
Skyrim.esm	STAT	000965BC	WHIntDockWallKitStoneDoor01		Architecture\Windhelm\InteriorKits\Docks\WHIntDockWallKitStoneDoor01.nif
Skyrim.esm	STAT	000965BD	WHIntDockWallKitStoneWall01		Architecture\Windhelm\InteriorKits\Docks\WHIntDockWallKitStoneWall01.nif
Skyrim.esm	STAT	000965BF	WHIntDockWallStone01		Architecture\Windhelm\InteriorKits\Docks\WHIntDockWallStone01.nif
Skyrim.esm	STAT	0007BB65	WHIntWoodBackWallStone01		Architecture\Windhelm\InteriorKits\Wood\WHIntWoodBackWallStone01.nif
Skyrim.esm	STAT	0007BB5F	WHIntWoodBackWallStoneDoor01		Architecture\Windhelm\InteriorKits\Wood\WHIntWoodBackWallStoneDoor01.nif
Skyrim.esm	STAT	0007D239	WHIntWoodWallKitStoneDoor01		Architecture\Windhelm\InteriorKits\Wood\WHIntWoodWallKitStoneDoor01.nif
Skyrim.esm	STAT	000CB928	WHIntWoodWallKitStoneDoorGQ01		Architecture\Windhelm\InteriorKits\Gray Quarter\WHIntWoodWallKitStoneDoorGQ01.nif
Skyrim.esm	STAT	0007D238	WHIntWoodWallKitStoneWall01		Architecture\Windhelm\InteriorKits\Wood\WHIntWoodWallKitStoneWall01.nif
Skyrim.esm	STAT	0007D237	WHIntWoodWallKitStoneWall02		Architecture\Windhelm\InteriorKits\Wood\WHIntWoodWallKitStoneWall02.nif
Skyrim.esm	STAT	000CB929	WHIntWoodWallKitStoneWallGQ01		Architecture\Windhelm\InteriorKits\Gray Quarter\WHIntWoodWallKitStoneWallGQ01.nif
Skyrim.esm	STAT	00079037	WHIntWoodWallStone01		Architecture\Windhelm\InteriorKits\Wood\WHIntWoodWallStone01.nif
Skyrim.esm	STAT	0007BB54	WHIntWoodWallStone02		Architecture\Windhelm\InteriorKits\Wood\WHIntWoodWallStone02.nif
Skyrim.esm	STAT	0007BAB8	WHIntWoodWallStoneDoor01		Architecture\Windhelm\InteriorKits\Wood\WHIntWoodWallStoneDoor01.nif
Skyrim.esm	STAT	000CB90F	WHIntWoodWallStoneDoorGQ01		Architecture\Windhelm\InteriorKits\Gray Quarter\WHIntWoodWallStoneDoorGQ01.nif
Skyrim.esm	STAT	000CB910	WHIntWoodWallStoneGQ01		Architecture\Windhelm\InteriorKits\Gray Quarter\WHIntWoodWallStoneGQ01.nif
Skyrim.esm	STAT	000CB911	WHIntWoodWallStoneGQ02		Architecture\Windhelm\InteriorKits\Gray Quarter\WHIntWoodWallStoneGQ02.nif
Skyrim.esm	STAT	00079038	WHIntWoodWallStoneWindow01		Architecture\Windhelm\InteriorKits\Wood\WHIntWoodWallStoneWindow01.nif
Skyrim.esm	STAT	00079039	WHIntWoodWallStoneWindow02		Architecture\Windhelm\InteriorKits\Wood\WHIntWoodWallStoneWindow02.nif
Skyrim.esm	STAT	0007BAB9	WHIntWoodWallStoneWindow03		Architecture\Windhelm\InteriorKits\Wood\WHIntWoodWallStoneWindow03.nif
Skyrim.esm	STAT	0007EFBD	WHIntWoodWallStoneWindow04		Architecture\Windhelm\InteriorKits\Wood\WHIntWoodWallStoneWindow04.nif
Skyrim.esm	STAT	0007F054	WHIntWoodWallStoneWindow05		Architecture\Windhelm\InteriorKits\Wood\WHIntWoodWallStoneWindow05.nif
Skyrim.esm	STAT	0007F08B	WHIntWoodWallStoneWindow06		Architecture\Windhelm\InteriorKits\Wood\WHIntWoodWallStoneWindow06.nif
Skyrim.esm	STAT	000CB915	WHIntWoodWallStoneWindowGQ04		Architecture\Windhelm\InteriorKits\Gray Quarter\WHIntWoodWallStoneWindowGQ04.nif
Skyrim.esm	STAT	000CB92E	WHIntWoodWallStoneWindowGQ05		Architecture\Windhelm\InteriorKits\Gray Quarter\WHIntWoodWallStoneWindowGQ05.nif
Skyrim.esm	STAT	000CB92D	WHIntWoodWallStoneWindowGQ06		Architecture\Windhelm\InteriorKits\Gray Quarter\WHIntWoodWallStoneWindowGQ06.nif
Skyrim.esm	STAT	000E2BCC	WHstables		Architecture\Windhelm\WHstables.nif
Skyrim.esm	STAT	000E2C09	Whstables02		Architecture\Windhelm\Whstables02.nif
Skyrim.esm	STAT	000B3B77	WHstonequarter		Architecture\Windhelm\WHstonequarter.nif
Skyrim.esm	STAT	000B3B30	WHstonequarter2		Architecture\Windhelm\WHstonequarter2.nif
Skyrim.esm	STAT	000A8A15	WHstonequarterhouses01		Architecture\Windhelm\WHstonequarterhouses01.nif
Skyrim.esm	STAT	000DF134	WHstonetops		Architecture\Windhelm\WHstonetops.nif
Skyrim.esm	STAT	0010967C	WinterholdBannerPost01		Architecture\Winterhold\WinterholdBannerPost01.nif
Skyrim.esm	STAT	0002BCD5	WoodenBarStool01Static		Furniture\WoodenBarStool.nif
Skyrim.esm	STAT	0007711C	WoodenBarStool01Staticice		Furniture\WoodenBarStool01.nif
Skyrim.esm	STAT	0002BCD3	WoodenChair01Static		Furniture\WoodenChair01.nif
Skyrim.esm	STAT	001007E5	WordWallHighHrothgarBroken		Dungeons\Nordic\Chambers\WordWallHighHrothgarBroken.nif
Skyrim.esm	STAT	001007E6	WordWallHighHrothgarFixed		Dungeons\Nordic\Chambers\WordWallHighHrothgarFixed.nif
Skyrim.esm	STAT	001091E1	WordWallHighHrothgarRubble01		Dungeons\Nordic\Chambers\WordWallHighHrothgarRubble01.nif
Skyrim.esm	STAT	001091E2	WordWallHighHrothgarRubble02		Dungeons\Nordic\Chambers\WordWallHighHrothgarRubble02.nif
Skyrim.esm	STAT	001091E3	WordWallHighHrothgarRubble03		Dungeons\Nordic\Chambers\WordWallHighHrothgarRubble03.nif
Skyrim.esm	STAT	001091E4	WordWallHighHrothgarRubble04		Dungeons\Nordic\Chambers\WordWallHighHrothgarRubble04.nif
Skyrim.esm	STAT	0004D72D	WRBanneredMareBase01		Architecture\WhiteRun\WRTerrain\WRBanneredMareBase01.nif
Skyrim.esm	STAT	0008278D	WRBrazier01		Architecture\WhiteRun\WRClutter\WRBrazier01.nif
Skyrim.esm	STAT	0008278C	WRBrazierBowl01		Architecture\WhiteRun\WRClutter\WRBrazierBowl01.nif
Skyrim.esm	STAT	0005273B	WRBridgeStone01		Architecture\WhiteRun\WRTerrain\WRBridgeStone01.nif
Skyrim.esm	STAT	00056ABE	WRCastleStoneTower01		Architecture\WhiteRun\WRBuildings\WRCastleStoneTower01.nif
Skyrim.esm	STAT	0005A08D	WRCastleStoneTower01Porch		Architecture\WhiteRun\WRBuildings\WRCastleStoneTower01Porch.nif
Skyrim.esm	STAT	000A0DA0	WRCastleStoneTower01PorchINT		Architecture\WhiteRun\WRBuildings\WRCastleStoneTower01PorchINT.nif
Skyrim.esm	STAT	0008FC41	WRCastleStoneTowerTop01		Architecture\WhiteRun\WRBuildings\WRCastleStoneTowerTop01.nif
Skyrim.esm	STAT	000B2456	WRDragonSkullMounted01		Architecture\WhiteRun\WRClutter\WRDragonSkullMounted01.nif
Skyrim.esm	STAT	0009DBE3	WRDunIntArch768FirePlace01		Architecture\WhiteRun\WRInteriors\WRDungeon\WRDunIntArch768FirePlace01.nif
Skyrim.esm	STAT	0007F887	WRDunIntMeaderyFloorFireStr01		Architecture\WhiteRun\WRInteriors\WRDungeon\WRDunIntMeaderyFloorFireStr01.nif
Skyrim.esm	STAT	000A6443	WRDunIntMeaderyFloorFireStr02		Architecture\WhiteRun\WRInteriors\WRDungeon\WRDunIntMeaderyFloorFireStr02.nif
Skyrim.esm	STAT	0006B97E	WRDunIntRoofStoneCustom01		Architecture\WhiteRun\WRInteriors\WRDungeon\WRDunIntRoofStoneCustom01.nif
Skyrim.esm	STAT	0006B970	WRDunIntStoneBracket01		Architecture\WhiteRun\WRInteriors\WRDungeon\WRDunIntStoneBracket01.nif
Skyrim.esm	STAT	00033274	WRFirePlaceSpit01		Architecture\WhiteRun\WRInteriors\WRFirePlaceSpit01.nif
Skyrim.esm	STAT	000B9BEA	WRHerbDryingRack01		Architecture\WhiteRun\WRClutter\WRHerbDryingRack01.nif
Skyrim.esm	STAT	0002CC5F	WRHouseBanneredMare01		Architecture\WhiteRun\WRBuildings\WRHouseBanneredMare01.nif
Skyrim.esm	STAT	00090C4D	WRHouseBanneredMare01LOD		Architecture\WhiteRun\WRBuildings\WRHouseBanneredMare01LOD.nif
Skyrim.esm	STAT	000627AA	WRHouseStables01		Architecture\WhiteRun\WRBuildings\WRHouseStables01.nif
Skyrim.esm	STAT	0001BF78	WRHouseStores01		Architecture\WhiteRun\WRBuildings\WRHouseStores01.nif
Skyrim.esm	STAT	00090C4F	WRHouseStores01LOD		Architecture\WhiteRun\WRBuildings\WRHouseStores01LOD.nif
Skyrim.esm	STAT	0004CC28	WRHouseStores02		Architecture\WhiteRun\WRBuildings\WRHouseStores02.nif
Skyrim.esm	STAT	00090C50	WRHouseStores02LOD		Architecture\WhiteRun\WRBuildings\WRHouseStores02LOD.nif
Skyrim.esm	STAT	000A6421	WRIntBeam768NoBracket		Architecture\WhiteRun\WRInteriors\WRIntBeam768NoBracket.nif
Skyrim.esm	STAT	0002FD62	WRIntCastleCeilingStoneCustomL		Architecture\WhiteRun\WRInteriors\WRCastle\WRIntCastleCeilingStoneCustomL.nif
Skyrim.esm	STAT	0002FDBD	WRIntCastleCeilingStoneCustomMid		Architecture\WhiteRun\WRInteriors\WRCastle\WRIntCastleCeilingStoneCustomMid.nif
Skyrim.esm	STAT	0002FDA0	WRIntCastleCeilingStoneCustomR		Architecture\WhiteRun\WRInteriors\WRCastle\WRIntCastleCeilingStoneCustomR.nif
Skyrim.esm	STAT	0009FA48	WRIntCastleCeilingStoneGapPiece01		Architecture\WhiteRun\WRInteriors\WRCastle\WRIntCastleCeilingStoneGapPiece01.nif
Skyrim.esm	STAT	0002FD66	WRIntCastleCeilingStoneOpen01		Architecture\WhiteRun\WRInteriors\WRCastle\WRIntCastleCeilingStoneOpen01.nif
Skyrim.esm	STAT	000D6BB4	WRIntCastleCeilingStoneOpen012cap		Architecture\WhiteRun\WRInteriors\WRCastle\WRIntCastleCeilingStoneOpen012cap.nif
Skyrim.esm	STAT	000D6BB3	WRIntCastleCeilingStoneOpen013cap		Architecture\WhiteRun\WRInteriors\WRCastle\WRIntCastleCeilingStoneOpen013cap.nif
Skyrim.esm	STAT	0002FD67	WRIntCastleCeilingStoneOpen01cap		Architecture\WhiteRun\WRInteriors\WRCastle\WRIntCastleCeilingStoneOpen01cap.nif
Skyrim.esm	STAT	0002FE1E	WRIntCastleCeilingStoneOpen256		Architecture\WhiteRun\WRInteriors\WRCastle\WRIntCastleCeilingStoneOpen256.nif
Skyrim.esm	STAT	0002FE2F	WRIntCastleCeilingStoneOpen256Cap		Architecture\WhiteRun\WRInteriors\WRCastle\WRIntCastleCeilingStoneOpen256Cap.nif
Skyrim.esm	STAT	0009CBF9	WRIntCastleCeilingStoneSlope01		Architecture\WhiteRun\WRInteriors\WRCastle\WRIntCastleCeilingStoneSlope01.nif
Skyrim.esm	STAT	0002FF19	WRIntCastleCeilingStoneStr01		Architecture\WhiteRun\WRInteriors\WRCastle\WRIntCastleCeilingStoneStr01.nif
Skyrim.esm	STAT	000A0E92	WRIntCastleCeilingStoneStr01Half		Architecture\WhiteRun\WRInteriors\WRCastle\WRIntCastleCeilingStoneStr01Half.nif
Skyrim.esm	STAT	000DCC1D	WRIntCastleFloorFirePit01		Architecture\WhiteRun\WRInteriors\WRCastle\WRIntCastleFloorFirePit01.nif
Skyrim.esm	STAT	000DCCA1	WRIntCastleHerbRack01		Architecture\WhiteRun\WRInteriors\WRCastle\WRIntCastleHerbRack01.nif
Skyrim.esm	STAT	0009CC16	WRIntCastleStoneColumn01		Architecture\WhiteRun\WRInteriors\WRCastle\WRIntCastleStoneColumn01.nif
Skyrim.esm	STAT	00099FF0	WRIntCastleWallDoubleHighDoorExTrans01		Architecture\WhiteRun\WRInteriors\WRCastle\WRIntCastleWallDoubleHighDoorExTrans01.nif
Skyrim.esm	STAT	00078028	WRIntCHColCrossSupport01Banner		Architecture\WhiteRun\WRClutter\WRIntCHColCrossSupport01Banner.nif
Skyrim.esm	STAT	00075D96	WRIntCHFloorFirePit01		Architecture\WhiteRun\WRInteriors\WRJorvaskr\WRIntCHFloorFirePit01.nif
Skyrim.esm	STAT	00075D8A	WRIntCHFloorStoneCor01		Architecture\WhiteRun\WRInteriors\WRJorvaskr\WRIntCHFloorStoneCor01.nif
Skyrim.esm	STAT	0007BA32	WRIntCHFloorStoneCor02		Architecture\WhiteRun\WRInteriors\WRJorvaskr\WRIntCHFloorStoneCor02.nif
Skyrim.esm	STAT	0007BA3C	WRIntCHFloorStoneCor03		Architecture\WhiteRun\WRInteriors\WRJorvaskr\WRIntCHFloorStoneCor03.nif
Skyrim.esm	STAT	0007BA3B	WRIntCHFloorStoneCor04		Architecture\WhiteRun\WRInteriors\WRJorvaskr\WRIntCHFloorStoneCor04.nif
Skyrim.esm	STAT	00075D8D	WRIntCHFloorStoneCorIn01		Architecture\WhiteRun\WRInteriors\WRJorvaskr\WRIntCHFloorStoneCorIn01.nif
Skyrim.esm	STAT	00075D95	WRIntCHFloorStoneCorIn02		Architecture\WhiteRun\WRInteriors\WRJorvaskr\WRIntCHFloorStoneCorIn02.nif
Skyrim.esm	STAT	0007BA2C	WRIntCHFloorStoneMid01		Architecture\WhiteRun\WRInteriors\WRJorvaskr\WRIntCHFloorStoneMid01.nif
Skyrim.esm	STAT	00075D80	WRIntCHFloorStoneStr01		Architecture\WhiteRun\WRInteriors\WRJorvaskr\WRIntCHFloorStoneStr01.nif
Skyrim.esm	STAT	0007BA27	WRIntCHFloorStoneStr01short		Architecture\WhiteRun\WRInteriors\WRJorvaskr\WRIntCHFloorStoneStr01short.nif
Skyrim.esm	STAT	00075D8C	WRIntCHFloorStoneStr02		Architecture\WhiteRun\WRInteriors\WRJorvaskr\WRIntCHFloorStoneStr02.nif
Skyrim.esm	STAT	00075D8B	WRIntCHFloorStoneStr03		Architecture\WhiteRun\WRInteriors\WRJorvaskr\WRIntCHFloorStoneStr03.nif
Skyrim.esm	STAT	0007BA28	WRIntCHFloorStoneStr03Long		Architecture\WhiteRun\WRInteriors\WRJorvaskr\WRIntCHFloorStoneStr03Long.nif
Skyrim.esm	STAT	00078046	WRIntCHFloorStoneStr04		Architecture\WhiteRun\WRInteriors\WRJorvaskr\WRIntCHFloorStoneStr04.nif
Skyrim.esm	STAT	000DAB8D	WRIntCHStr02Display01		Architecture\WhiteRun\WRInteriors\WRJorvaskr\WRIntCHStr02Display01.nif
Skyrim.esm	STAT	0005D1DA	WRIntFloorDirtFireAlcove01		Architecture\WhiteRun\WRInteriors\WRIntFloorDirtFireAlcove01.nif
Skyrim.esm	STAT	0006033D	WRIntFloorDirtFireAlcove02		Architecture\WhiteRun\WRInteriors\WRIntFloorDirtFireAlcove02.nif
Skyrim.esm	STAT	00061734	WRIntFloorDirtFireAlcove03		Architecture\WhiteRun\WRInteriors\WRIntFloorDirtFireAlcove03.nif
Skyrim.esm	STAT	000616F0	WRIntFloorDirtStrFireAlcove01		Architecture\WhiteRun\WRInteriors\WRIntFloorDirtStrFireAlcove01.nif
Skyrim.esm	STAT	000617B1	WRIntFloorSTFireAlcove01		Architecture\WhiteRun\WRInteriors\WRIntFloorSTFireAlcove01.nif
Skyrim.esm	STAT	0010451B	WRIntFloorSTMid01LargeAltar01		Architecture\WhiteRun\WRInteriors\WRIntFloorSTMid01LargeAltar01.nif
Skyrim.esm	STAT	001044A9	WRIntFloorSTMid01LargePlanter		Architecture\WhiteRun\WRInteriors\WRIntFloorSTMid01LargePlanter.nif
Skyrim.esm	STAT	00077FEC	WRIntShield01		Architecture\WhiteRun\WRClutter\WRIntShield01.nif
Skyrim.esm	STAT	00077285	WRIntShield02		Architecture\WhiteRun\WRClutter\WRIntShield02.nif
Skyrim.esm	STAT	00077284	WRIntShield03		Architecture\WhiteRun\WRClutter\WRIntShield03.nif
Skyrim.esm	STAT	00077283	WRIntShield04		Architecture\WhiteRun\WRClutter\WRIntShield04.nif
Skyrim.esm	STAT	00077288	WRIntShield05		Architecture\WhiteRun\WRClutter\WRIntShield05.nif
Skyrim.esm	STAT	00077287	WRIntShield06		Architecture\WhiteRun\WRClutter\WRIntShield06.nif
Skyrim.esm	STAT	00077286	WRIntShield07		Architecture\WhiteRun\WRClutter\WRIntShield07.nif
Skyrim.esm	STAT	00078020	WRJovaskrBanner01		Architecture\WhiteRun\WRClutter\WRJovaskrBanner01.nif
Skyrim.esm	STAT	000BBCE8	WRJovaskrBanner02		Architecture\WhiteRun\WRClutter\WRJovaskrBanner02.nif
Skyrim.esm	STAT	0005B2AB	WRMarketDisplayShelf01		Architecture\WhiteRun\WRClutter\WRMarketDisplayShelf01.nif
Skyrim.esm	STAT	0005B2B2	WRMarketDisplayShelf02		Architecture\WhiteRun\WRClutter\WRMarketDisplayShelf02.nif
Skyrim.esm	STAT	0005B2E6	WRMarketDisplayShelf03		Architecture\WhiteRun\WRClutter\WRMarketDisplayShelf03.nif
Skyrim.esm	STAT	0003E740	WRSkyForge01		Architecture\WhiteRun\WRTerrain\WRSkyForge01.nif
Skyrim.esm	STAT	000B832E	WRSkyforge01Decorations01		Architecture\WhiteRun\WRClutter\WRSkyforge01Decorations01.nif
Skyrim.esm	STAT	00099F23	WRSkyForge01LOD		Architecture\WhiteRun\WRTerrain\WRSkyForge01LOD.nif
Skyrim.esm	STAT	0007B9CE	WRSkyForgeCaveFreeFlowRock01		Architecture\WhiteRun\WRInteriors\WRSkyForgeUnderForge\WRSkyForgeCaveFreeFlowRock01.nif
Skyrim.esm	STAT	000627FD	WRStablePlatEnd01		Architecture\WhiteRun\WRBuildings\WRStablePlatEnd01.nif
Skyrim.esm	STAT	000627F8	WRStablePlatStr01		Architecture\WhiteRun\WRBuildings\WRStablePlatStr01.nif
Skyrim.esm	STAT	000627E1	WRStableStr01		Architecture\WhiteRun\WRBuildings\WRStableStr01.nif
Skyrim.esm	STAT	000627EE	WRStableStr01End		Architecture\WhiteRun\WRBuildings\WRStableStr01End.nif
Skyrim.esm	STAT	000627EA	WRStableWallBackStr01		Architecture\WhiteRun\WRBuildings\WRStableWallBackStr01.nif
Skyrim.esm	STAT	000627E5	WRStableWallShortStr01		Architecture\WhiteRun\WRBuildings\WRStableWallShortStr01.nif
Skyrim.esm	STAT	0001941A	WRStairsWater01		Architecture\WhiteRun\WRCityWalls\WRStairsWater01.nif
Skyrim.esm	STAT	00073BBA	WRTempIntPool01		Architecture\WhiteRun\WRInteriors\WRTemple\WRTempIntPool01.nif
Skyrim.esm	STAT	00073C36	WRTempIntPoolCor01		Architecture\WhiteRun\WRInteriors\WRTemple\WRTempIntPoolCor01.nif
Skyrim.esm	STAT	00073C35	WRTempIntPoolMid01		Architecture\WhiteRun\WRInteriors\WRTemple\WRTempIntPoolMid01.nif
Skyrim.esm	STAT	00074E31	WRTempleBench01Static		Architecture\WhiteRun\WRClutter\WRTempleBench01Static.nif
Skyrim.esm	STAT	00074EDD	WRTemplePlanter		Architecture\WhiteRun\WRClutter\WRTemplePlanter.nif
Skyrim.esm	STAT	0007BA05	WRUnderForgeCistern01		Architecture\WhiteRun\WRInteriors\WRSkyForgeUnderForge\WRUnderForgeCistern01.nif
Skyrim.esm	STAT	0007BA22	WRUnderForgeCistern01Basin		Architecture\WhiteRun\WRInteriors\WRSkyForgeUnderForge\WRUnderForgeCistern01Basin.nif
Skyrim.esm	STAT	0007BA1A	WRUnderForgeRockDoor01		Architecture\WhiteRun\WRInteriors\WRSkyForgeUnderForge\WRUnderForgeRockDoor01.nif
Skyrim.esm	STAT	00089F43	WRWallRuinsFree01		Architecture\WhiteRun\WRCityWalls\WRWallRuinsFree01.nif
Skyrim.esm	STAT	0006E9F2	WRWallRuinsFree01Entance01		Architecture\WhiteRun\WRCityWalls\WRWallRuinsFree01Entance01.nif
Skyrim.esm	STAT	00033245	WRWallShelf01		Architecture\WhiteRun\WRInteriors\WRWallShelf01.nif
Skyrim.esm	STAT	0006EA6D	WRWallWaterGrate01		Architecture\WhiteRun\WRCityWalls\WRWallWaterGrate01.nif
Update.esm	ACTI	01003156	ccBGS_ARButton01	[String 000000E8]	CreationClub\_Shared\Dungeons\AyleidRuins\Interior\ARSwitch01.NIF
Update.esm	ACTI	01003205	ccBGS_ARFloorSmasher01		CreationClub\_Shared\Dungeons\AyleidRuins\Interior\ARFloorSMASHER01.NIF
Update.esm	ACTI	01003207	ccBGS_ARFXTwinkleLights01		CreationClub\_Shared\Dungeons\AyleidRuins\interior\FXTwinkleLights01.nif
Update.esm	ACTI	01003157	ccBGS_ARGate01	[String 000000E7]	CreationClub\_Shared\Dungeons\AyleidRuins\Interior\ARGate01.NIF
Update.esm	ACTI	01003222	ccBGS_ARSarcophagusTopAnim01		CreationClub\_Shared\Dungeons\AyleidRuins\interior\ARSarcophagusTopAnim01.nif
Update.esm	ACTI	01003221	ccBGS_ARSecretDoor01		CreationClub\_Shared\Dungeons\AyleidRuins\Interior\ARRmWallSecretDoor01.nif
Update.esm	ACTI	01003158	ccBGS_ARSwitch01	[String 000000F4]	CreationClub\_Shared\Dungeons\AyleidRuins\Interior\ARSwitch01.NIF
Update.esm	ACTI	01003204	ccBGS_ARTrapBridgeBlade01		CreationClub\_Shared\Dungeons\AyleidRuins\Interior\Traps\ARTrapBridgeBlade01.NIF
Update.esm	ACTI	01003208	ccBGS_ARTrapLongSpikes01		CreationClub\_Shared\Dungeons\AyleidRuins\Interior\Traps\ARTrapLongSpikes01.NIF
Update.esm	ACTI	01003206	ccBGS_ARTrigPressurePlate01		CreationClub\_Shared\Dungeons\AyleidRuins\Interior\Triggers\ARTrigPressurePlate01.NIF
Update.esm	ACTI	010009A0	Patch1_8DLC1DoorFix		Markers\Marker_LinkMarker.nif
Update.esm	ACTI	00085FCC	Water1024WR		Water\Water1024.nif
Update.esm	ACTI	000E49C9	WeaponRackCOALeftACTIVATORPlayerHouse	[String 0000497F]	Clutter\WeaponRack\WRPlaqueLeftTrigger01.nif
Update.esm	ACTI	000E49CD	WeaponRackCOARightACTIVATORPlayerHouse	[String 0000E033]	Clutter\WeaponRack\WRPlaqueRightTrigger01.nif
Update.esm	ACTI	0010E97D	WRStairsWater01River01ACT		Architecture\WhiteRun\WREffects\WRStairsWater01River01.nif
Update.esm	ACTI	00085FC9	WRWaterPool01		Architecture\WhiteRun\WRTerrain\WRWaterPool01.nif
Update.esm	BOOK	000ED04F	Book2CommonThirdEra	[String 00010C53]	Clutter\Books\Book02LowPoly.nif
Update.esm	BOOK	0001ACE7	Book3ValuableArgonianAccountBook2	[String 000037A7]	Clutter\Books\BasicBook04.nif
Update.esm	BOOK	010030D2	Book3ValuableTamrielicLoreRevised	[String 000000CF]	Clutter\Books\BasicBook07.nif
Update.esm	BOOK	0001A332	DA04OghmaInfinium	[String 000042F5]	Clutter\Books\Book02OhgmaLowPoly.nif
Update.esm	BOOK	0010BEDF	NN01SinderionsTome	[String 00011A32]	Clutter\Books\BasicBook07.nif
Update.esm	CONT	01003165	BarrelEmpty01_NoRespawn	[String 000000F3]	Clutter\Barrel01.NIF
Update.esm	CONT	01003159	ccBGS_ARChest01Loot	[String 000000EA]	CreationClub\_Shared\Dungeons\AyleidRuins\Interior\ARChest01.NIF
Update.esm	CONT	0100315A	ccBGS_ARChest01Potions	[String 000000F0]	CreationClub\_Shared\Dungeons\AyleidRuins\Interior\ARChest01.NIF
Update.esm	CONT	0100315B	ccBGS_ARChest02Loot	[String 000000E9]	CreationClub\_Shared\Dungeons\AyleidRuins\Interior\ARChest02.NIF
Update.esm	CONT	0100315C	ccBGS_ARChest02LootSpecial	[String 000000F5]	CreationClub\_Shared\Dungeons\AyleidRuins\Interior\ARChest02.NIF
Update.esm	CONT	000ABD9E	MerchantDBSanctuaryMerchantChest	[String 0000433D]	Clutter\Containers\Chest01\Chest01.nif
Update.esm	CONT	00078C0C	MerchantRiverwoodTraderChest	[String 000075E8]	Clutter\Containers\Chest01\Chest01.nif
Update.esm	CONT	000B2035	MerchantSolitudeFletcher	[String 0000DCCE]	Clutter\Containers\Chest01\Chest01.nif
Update.esm	CONT	00098BA2	MerchantWCollegePhinisChest	[String 00005279]	Clutter\Containers\Chest01\Chest01.nif
Update.esm	CONT	0100327E	WEMerchantHunterChest	[String 00000193]	Clutter\Containers\Chest01\Chest01.nif
Update.esm	FURN	01003161	ccBGS_AyleidBench01	[String 000000EE]	
Update.esm	STAT	01003164	CaveGRockS01MineDirt		Dungeons\Caves\Green\Rocks\CaveGRockS01.nif
Update.esm	STAT	01003166	ccBGS_ARAltar01		CreationClub\_Shared\Dungeons\AyleidRuins\Interior\ARAltar01.NIF
Update.esm	STAT	01003167	ccBGS_ARBridgeGateFrame01		CreationClub\_Shared\Dungeons\AyleidRuins\Interior\ARBridgeGateFrame01.NIF
Update.esm	STAT	01003168	ccBGS_ARBrokenBrickRough02a		CreationClub\_Shared\Dungeons\AyleidRuins\Interior\ARBrokenBrickRough02a.NIF
Update.esm	STAT	01003169	ccBGS_ARBrokenBrickRough02b		CreationClub\_Shared\Dungeons\AyleidRuins\Interior\ARBrokenBrickRough02b.NIF
Update.esm	STAT	0100316A	ccBGS_ARBrokenBrickRough03a		CreationClub\_Shared\Dungeons\AyleidRuins\Interior\ARBrokenBrickRough03a.nif
Update.esm	STAT	0100316B	ccBGS_ARBrokenBrickRough03b		CreationClub\_Shared\Dungeons\AyleidRuins\Interior\ARBrokenBrickRough03b.nif
Update.esm	STAT	0100316C	ccBGS_ARBrokenBrickRough03c		CreationClub\_Shared\Dungeons\AyleidRuins\Interior\ARBrokenBrickRough03c.nif
Update.esm	STAT	0100316D	ccBGS_ARCandlePlate01		CreationClub\_Shared\Dungeons\AyleidRuins\interior\ARCandlePlate01.nif
Update.esm	STAT	0100316E	ccBGS_ARCandlePlate02		CreationClub\_Shared\Dungeons\AyleidRuins\interior\ARCandlePlate02.nif
Update.esm	STAT	0100316F	ccBGS_ARCeiling02		CreationClub\_Shared\Dungeons\AyleidRuins\Interior\ARCeiling02.NIF
Update.esm	STAT	01003170	ccBGS_ARCeilingWelkyndGreen01		CreationClub\_Shared\Dungeons\AyleidRuins\Interior\ARCeilingWelkydGreen01.NIF
Update.esm	STAT	01003171	ccBGS_ARDoor01bStatic		CreationClub\_Shared\Dungeons\AyleidRuins\interior\ARDoor01Ext.nif
Update.esm	STAT	01003172	ccBGS_ARDoorPlug01		CreationClub\_Shared\Dungeons\AyleidRuins\Interior\ARDoorPlug01.nif
Update.esm	STAT	01003173	ccBGS_ARExtRubble01		CreationClub\_Shared\Dungeons\AyleidRuins\Exterior\ARExtRubble01.nif
Update.esm	STAT	01003174	ccBGS_ARExtRubble02		CreationClub\_Shared\Dungeons\AyleidRuins\Exterior\ARExtRubble02.nif
Update.esm	STAT	01003175	ccBGS_ARExtRubble03		CreationClub\_Shared\Dungeons\AyleidRuins\Exterior\ARExtRubble03.nif
Update.esm	STAT	01003176	ccBGS_ARExtRubble04		CreationClub\_Shared\Dungeons\AyleidRuins\Exterior\ARExtRubble04.nif
Update.esm	STAT	01003177	ccBGS_ARExtRubble05		CreationClub\_Shared\Dungeons\AyleidRuins\Exterior\ARExtRubble05.nif
Update.esm	STAT	01003178	ccBGS_ARExtRubble06		CreationClub\_Shared\Dungeons\AyleidRuins\Exterior\ARExtRubble06.nif
Update.esm	STAT	01003179	ccBGS_ARFloor03Broken		CreationClub\_Shared\Dungeons\AyleidRuins\Interior\ARFloor03Broken.NIF
Update.esm	STAT	0100317A	ccBGS_ARGreatWelkyndStoneBase01		CreationClub\_Shared\Dungeons\AyleidRuins\Interior\ARGreatWelkyndStoneBase01.nif
Update.esm	STAT	0100317B	ccBGS_ARGreatWelkyndStoneStatic01		CreationClub\_Shared\Dungeons\AyleidRuins\Interior\ARGreatWelkyndStoneStatic01.nif
Update.esm	STAT	0100317C	ccBGS_ARHillsideEntrance01		CreationClub\_Shared\Dungeons\AyleidRuins\Exterior\ARHillsideEntrance01.nif
Update.esm	STAT	0100317D	ccBGS_ARLightFixture01		CreationClub\_Shared\Dungeons\AyleidRuins\Interior\ARLightFixture01.NIF
Update.esm	STAT	0100317E	ccBGS_ARLightFixture02		CreationClub\_Shared\Dungeons\AyleidRuins\Interior\ARLightFixture02.NIF
Update.esm	STAT	0100317F	ccBGS_ARNHall01		CreationClub\_Shared\Dungeons\AyleidRuins\Interior\ARNHall01.NIF
Update.esm	STAT	01003180	ccBGS_ARNHall02		CreationClub\_Shared\Dungeons\AyleidRuins\Interior\ARNHall02.nif
Update.esm	STAT	01003181	ccBGS_ARNHall3way01		CreationClub\_Shared\Dungeons\AyleidRuins\Interior\ARNHall3way01.NIF
Update.esm	STAT	01003182	ccBGS_ARNHall3way02		CreationClub\_Shared\Dungeons\AyleidRuins\Interior\ARNHall3way02.NIF
Update.esm	STAT	01003183	ccBGS_ARNHallDoorFrame01		CreationClub\_Shared\Dungeons\AyleidRuins\Interior\ARNHallDoorFrame01.NIF
Update.esm	STAT	01003184	ccBGS_ARNHallStairs01		CreationClub\_Shared\Dungeons\AyleidRuins\Interior\ARNHallStairs01.NIF
Update.esm	STAT	01003185	ccBGS_ARNHallStairsEntrance01		CreationClub\_Shared\Dungeons\AyleidRuins\Interior\ARNHallStairsEntrance01.NIF
Update.esm	STAT	01003186	ccBGS_ARNHallTurn01		CreationClub\_Shared\Dungeons\AyleidRuins\Interior\ARNHallTurn01.NIF
Update.esm	STAT	01003187	ccBGS_ARNHallTurn02		CreationClub\_Shared\Dungeons\AyleidRuins\Interior\ARNHallTurn02.NIF
Update.esm	STAT	01003188	ccBGS_ARPedestal02		CreationClub\_Shared\Dungeons\AyleidRuins\Interior\ARPedestal02.NIF
Update.esm	STAT	01003189	ccBGS_ARPedestal03		CreationClub\_Shared\Dungeons\AyleidRuins\Interior\ARPedestal03.NIF
Update.esm	STAT	0100318A	ccBGS_ARPedestal04		CreationClub\_Shared\Dungeons\AyleidRuins\Interior\ARPedestal04.NIF
Update.esm	STAT	0100318B	ccBGS_ARPitBridge4way02		CreationClub\_Shared\Dungeons\AyleidRuins\Interior\ARPitBridge4way02.NIF
Update.esm	STAT	0100318C	ccBGS_ARPitBridgeArchBroken01		CreationClub\_Shared\Dungeons\AyleidRuins\Interior\ARPitBridgeArchBroken01.NIF
Update.esm	STAT	0100318D	ccBGS_ARPitBridgeEndCap01		CreationClub\_Shared\Dungeons\AyleidRuins\Interior\ARPitBridgeEndCap01.NIF
Update.esm	STAT	0100318E	ccBGS_ARPitBridgeEndTall01		CreationClub\_Shared\Dungeons\AyleidRuins\Interior\ARPitBridgeEndTall01.NIF
Update.esm	STAT	0100318F	ccBGS_ARPitBridgeSolid01		CreationClub\_Shared\Dungeons\AyleidRuins\Interior\ARPitBridgeSolid01.NIF
Update.esm	STAT	01003190	ccBGS_ARPitCornerColumn01		CreationClub\_Shared\Dungeons\AyleidRuins\Interior\ARPitCornerColumn01.NIF
Update.esm	STAT	01003191	ccBGS_ARPitFloor01		CreationClub\_Shared\Dungeons\AyleidRuins\Interior\ARPitFloor01.NIF
Update.esm	STAT	01003192	ccBGS_ARPitStairs02		CreationClub\_Shared\Dungeons\AyleidRuins\Interior\ARPitStairs02.NIF
Update.esm	STAT	01003193	ccBGS_ARPitWall01		CreationClub\_Shared\Dungeons\AyleidRuins\Interior\ARPitWall01.NIF
Update.esm	STAT	01003194	ccBGS_ARPitWallColumn01		CreationClub\_Shared\Dungeons\AyleidRuins\Interior\ARPitWallColumn01.NIF
Update.esm	STAT	01003195	ccBGS_ARPitWallExitNarrow01		CreationClub\_Shared\Dungeons\AyleidRuins\Interior\ARPitWallExitNarrow01.NIF
Update.esm	STAT	01003196	ccBGS_ARPitWallTall01		CreationClub\_Shared\Dungeons\AyleidRuins\Interior\ARPitWallTall01.NIF
Update.esm	STAT	01003197	ccBGS_ARPitWallTall02		CreationClub\_Shared\Dungeons\AyleidRuins\interior\ARPitWallTall02.nif
Update.esm	STAT	01003198	ccBGS_ARPitWallTallCorner01		CreationClub\_Shared\Dungeons\AyleidRuins\Interior\ARPitWallTallCorner01.NIF
Update.esm	STAT	01003199	ccBGS_ARPitWallTallExitNarrow01		CreationClub\_Shared\Dungeons\AyleidRuins\Interior\ARPitWallTallExitNarrow01.NIF
Update.esm	STAT	0100319A	ccBGS_ARPitWallTransTallLeft01		CreationClub\_Shared\Dungeons\AyleidRuins\Interior\ARPitWallTransTallLeft01.NIF
Update.esm	STAT	0100319B	ccBGS_ARPitWallTransTallRight01		CreationClub\_Shared\Dungeons\AyleidRuins\Interior\ARPitWallTransTallRight01.NIF
Update.esm	STAT	0100319C	ccBGS_ARRm3Corners01		CreationClub\_Shared\Dungeons\AyleidRuins\Interior\ARRm3Corners01.NIF
Update.esm	STAT	0100319D	ccBGS_ARRmColumn01		CreationClub\_Shared\Dungeons\AyleidRuins\Interior\ARRmColumn01.NIF
Update.esm	STAT	0100319E	ccBGS_ARRmColumn02		CreationClub\_Shared\Dungeons\AyleidRuins\Interior\ARRmColumn02.NIF
Update.esm	STAT	0100319F	ccBGS_ARRmColumnBaseFree01		CreationClub\_Shared\Dungeons\AyleidRuins\Interior\ARRmColumnBaseFree01.NIF
Update.esm	STAT	010031A0	ccBGS_ARRmCorner01		CreationClub\_Shared\Dungeons\AyleidRuins\Interior\ARRmCorner01.NIF
Update.esm	STAT	010031A1	ccBGS_ARRmCorner01Broken		CreationClub\_Shared\Dungeons\AyleidRuins\Interior\ARRmCorner01Broken.nif
Update.esm	STAT	010031A2	ccBGS_ARRmCorner02		CreationClub\_Shared\Dungeons\AyleidRuins\Interior\ARRmCorner02.NIF
Update.esm	STAT	010031A3	ccBGS_ARRmCornerExitLeftNarrow01		CreationClub\_Shared\Dungeons\AyleidRuins\Interior\ARRmCornerExitLeftNarrow01.NIF
Update.esm	STAT	010031A4	ccBGS_ARRmCornerOutside01		CreationClub\_Shared\Dungeons\AyleidRuins\Interior\ARRmCornerOutside01.NIF
Update.esm	STAT	010031A5	ccBGS_ARRmCornerSecret01		CreationClub\_Shared\Dungeons\AyleidRuins\Interior\ARRmCornerSecret01.NIF
Update.esm	STAT	010031A6	ccBGS_ARRmDivider01		CreationClub\_Shared\Dungeons\AyleidRuins\Interior\ARRmDivider01.NIF
Update.esm	STAT	010031A7	ccBGS_ARRmFloor01		CreationClub\_Shared\Dungeons\AyleidRuins\Interior\ARRmFloor01.NIF
Update.esm	STAT	010031A8	ccBGS_ARRmFloorColumnSunken01		CreationClub\_Shared\Dungeons\AyleidRuins\Interior\ARRmFloorColumnSunken01.NIF
Update.esm	STAT	010031A9	ccBGS_ARRmFloorDirt01		CreationClub\_Shared\Dungeons\AyleidRuins\Interior\ARRmFloorDirt01.nif
Update.esm	STAT	010031AA	ccBGS_ARRmLedge01		CreationClub\_Shared\Dungeons\AyleidRuins\Interior\ARRmLedge01.NIF
Update.esm	STAT	010031AB	ccBGS_ARRmLedge02		CreationClub\_Shared\Dungeons\AyleidRuins\Interior\ARRmLedge02.NIF
Update.esm	STAT	010031AC	ccBGS_ARRmLedge03		CreationClub\_Shared\Dungeons\AyleidRuins\Interior\ARRmLedge03.NIF
Update.esm	STAT	010031AD	ccBGS_ARRmLedge03Dirt		CreationClub\_Shared\Dungeons\AyleidRuins\interior\ARRmLedge03Dirt.nif
Update.esm	STAT	010031AE	ccBGS_ARRmLedgeCornerExitNarrowLeft01		CreationClub\_Shared\Dungeons\AyleidRuins\Interior\ARRmLedgeCornerExitNarrowLeft01.NIF
Update.esm	STAT	010031AF	ccBGS_ARRmLedgeCornerExitNarrowLeft01Dirt		CreationClub\_Shared\Dungeons\AyleidRuins\interior\ARRmLedgeCornerExitNarrowLeft01Dirt.nif
Update.esm	STAT	010031B0	ccBGS_ARRmLedgeCornerExitNarrowRight01		CreationClub\_Shared\Dungeons\AyleidRuins\Interior\ARRmLedgeCornerExitNarrowRight01.NIF
Update.esm	STAT	010031B1	ccBGS_ARRmLedgeCornerStairsLeft01		CreationClub\_Shared\Dungeons\AyleidRuins\Interior\ARRmLedgeCornerLeftStairs01.nif
Update.esm	STAT	010031B2	ccBGS_ARRmLedgeCornerStairsRight01		CreationClub\_Shared\Dungeons\AyleidRuins\Interior\ARRmLedgeCornerRightStairs01.nif
Update.esm	STAT	010031B3	ccBGS_ARRmWall01		CreationClub\_Shared\Dungeons\AyleidRuins\Interior\ARRmWall01.NIF
Update.esm	STAT	010031B4	ccBGS_ARRmWall02		CreationClub\_Shared\Dungeons\AyleidRuins\Interior\ARRmWall02.NIF
Update.esm	STAT	010031B5	ccBGS_ARRmWallCornerLeft01		CreationClub\_Shared\Dungeons\AyleidRuins\interior\ARRmWallCornerLeft01.nif
Update.esm	STAT	010031B6	ccBGS_ARRmWallExitNarrow01		CreationClub\_Shared\Dungeons\AyleidRuins\Interior\ARRmWallExitNarrow01.NIF
Update.esm	STAT	010031B7	ccBGS_ARRmWallExitWide01		CreationClub\_Shared\Dungeons\AyleidRuins\Interior\ARRmWallExitWide01.NIF
Update.esm	STAT	010031B8	ccBGS_ARRmWallExitWide02		CreationClub\_Shared\Dungeons\AyleidRuins\Interior\ARRmWallExitWide02.NIF
Update.esm	STAT	010031B9	ccBGS_ARRmWallSecret01		CreationClub\_Shared\Dungeons\AyleidRuins\Interior\ARRmWallSecret01.nif
Update.esm	STAT	010031BA	ccBGS_ARRubble02		CreationClub\_Shared\Dungeons\AyleidRuins\Interior\ARRubble02.NIF
Update.esm	STAT	010031BB	ccBGS_ARRubble03		CreationClub\_Shared\Dungeons\AyleidRuins\Interior\ARRubble03.NIF
Update.esm	STAT	010031BC	ccBGS_ARRubbleCrystalFragment01		CreationClub\_Shared\Dungeons\AyleidRuins\Interior\ARRubbleCrystalFragment01.nif
Update.esm	STAT	010031BD	ccBGS_ARRubbleCrystalFragment02		CreationClub\_Shared\Dungeons\AyleidRuins\Interior\ARRubbleCrystalFragment02.nif
Update.esm	STAT	010031BE	ccBGS_ARRubbleCrystalFragment03		CreationClub\_Shared\Dungeons\AyleidRuins\Interior\ARRubbleCrystalFragment03.nif
Update.esm	STAT	010031BF	ccBGS_ARRubbleCrystalFragment04		CreationClub\_Shared\Dungeons\AyleidRuins\Interior\ARRubbleCrystalFragment04.nif
Update.esm	STAT	010031C0	ccBGS_ARRubbleCrystalFragment05		CreationClub\_Shared\Dungeons\AyleidRuins\Interior\ARRubbleCrystalFragment05.nif
Update.esm	STAT	010031C1	ccBGS_ARRubbleCrystalFragment06		CreationClub\_Shared\Dungeons\AyleidRuins\Interior\ARRubbleCrystalFragment06.nif
Update.esm	STAT	010031C2	ccBGS_ARRubbleCrystals01		CreationClub\_Shared\Dungeons\AyleidRuins\Interior\ARRubbleCrystals01.nif
Update.esm	STAT	010031C3	ccBGS_ARRubbleCrystals02		CreationClub\_Shared\Dungeons\AyleidRuins\Interior\ARRubbleCrystals02.nif
Update.esm	STAT	010031C4	ccBGS_ARRubbleCrystals03		CreationClub\_Shared\Dungeons\AyleidRuins\Interior\ARRubbleCrystals03.nif
Update.esm	STAT	010031C5	ccBGS_ARRubbleDirt01		CreationClub\_Shared\Dungeons\AyleidRuins\Interior\ARRubbleDirt01.nif
Update.esm	STAT	010031C6	ccBGS_ARRubbleDirt02		CreationClub\_Shared\Dungeons\AyleidRuins\Interior\ARRubbleDirt01.nif
Update.esm	STAT	010031C7	ccBGS_ARRubblePile01		CreationClub\_Shared\Dungeons\AyleidRuins\Exterior\ARRubble01.nif
Update.esm	STAT	010031C8	ccBGS_ARRubblePile02		CreationClub\_Shared\Dungeons\AyleidRuins\Interior\ARRubblePile02.NIF
Update.esm	STAT	010031C9	ccBGS_ARRubblePile03		CreationClub\_Shared\Dungeons\AyleidRuins\Interior\ARRubblePile03.NIF
Update.esm	STAT	010031CA	ccBGS_ARRubblePile05		CreationClub\_Shared\Dungeons\AyleidRuins\Interior\ARRubblePile05.NIF
Update.esm	STAT	010031CB	ccBGS_ARRubbleTilePile01		CreationClub\_Shared\Dungeons\AyleidRuins\Interior\ARRubbleTilePile01.nif
Update.esm	STAT	010031CC	ccBGS_ARRubbleTilePile02		CreationClub\_Shared\Dungeons\AyleidRuins\Interior\ARRubbleTilePile02.nif
Update.esm	STAT	010031CD	ccBGS_ARRubbleTilePile03		CreationClub\_Shared\Dungeons\AyleidRuins\Interior\ARRubbleTilePile02.nif
Update.esm	STAT	010031CE	ccBGS_ARRubbleTiles01		CreationClub\_Shared\Dungeons\AyleidRuins\Interior\ARRubbleTiles01.nif
Update.esm	STAT	010031CF	ccBGS_ARRubbleTileSingle01		CreationClub\_Shared\Dungeons\AyleidRuins\Interior\ARRubbleTileSingle01.nif
Update.esm	STAT	010031D0	ccBGS_ARRubbleTileSingle02		CreationClub\_Shared\Dungeons\AyleidRuins\Interior\ARRubbleTileSingle02.nif
Update.esm	STAT	010031D1	ccBGS_ARRubbleTileSingle03		CreationClub\_Shared\Dungeons\AyleidRuins\Interior\ARRubbleTileSingle03.nif
Update.esm	STAT	010031D2	ccBGS_ARRubbleTileSingle04		CreationClub\_Shared\Dungeons\AyleidRuins\Interior\ARRubbleTileSingle04.nif
Update.esm	STAT	010031D3	ccBGS_ARRubbleTileSingle05		CreationClub\_Shared\Dungeons\AyleidRuins\Interior\ARRubbleTileSingle05.nif
Update.esm	STAT	010031D4	ccBGS_ARRubbleTileSingle06		CreationClub\_Shared\Dungeons\AyleidRuins\Interior\ARRubbleTileSingle06.nif
Update.esm	STAT	010031D5	ccBGS_ARRubbleTileSingle07		CreationClub\_Shared\Dungeons\AyleidRuins\Interior\ARRubbleTileSingle07.nif
Update.esm	STAT	010031D6	ccBGS_ARRubbleTileSingle08		CreationClub\_Shared\Dungeons\AyleidRuins\Interior\ARRubbleTileSingle08.nif
Update.esm	STAT	010031D7	ccBGS_ARRubbleTileSingle09		CreationClub\_Shared\Dungeons\AyleidRuins\Interior\ARRubbleTileSingle09.nif
Update.esm	STAT	010031D8	ccBGS_ARRubbleTileSingle10		CreationClub\_Shared\Dungeons\AyleidRuins\Interior\ARRubbleTileSingle10.nif
Update.esm	STAT	010031D9	ccBGS_ARRubbleTileSingle11		CreationClub\_Shared\Dungeons\AyleidRuins\Interior\ARRubbleTileSingle11.nif
Update.esm	STAT	010031DA	ccBGS_ARSarcophagus01		CreationClub\_Shared\Dungeons\AyleidRuins\interior\ARSarcophagus01.nif
Update.esm	STAT	010031DB	ccBGS_ARSarcophagus02		CreationClub\_Shared\Dungeons\AyleidRuins\interior\ARSarcophagus02.nif
Update.esm	STAT	010031DC	ccBGS_ARSarcophagusAmbush01		CreationClub\_Shared\Dungeons\AyleidRuins\Interior\ARSarcophagusAmbush01.nif
Update.esm	STAT	010031DD	ccBGS_ARSarcophagusBrokenOpen01		CreationClub\_Shared\Dungeons\AyleidRuins\interior\ARSarcophagusBrokenOpen01.nif
Update.esm	STAT	010031DE	ccBGS_ARSarcophagusLichBase01		CreationClub\_Shared\Dungeons\AyleidRuins\interior\ARSarcophagusLichBase01.nif
Update.esm	STAT	010031DF	ccBGS_ARSarcophagusPlatform01		CreationClub\_Shared\Dungeons\AyleidRuins\Interior\ARSarcophagusPlatform01.nif
Update.esm	STAT	010031E0	ccBGS_ARScreen01		CreationClub\_Shared\Dungeons\AyleidRuins\Interior\ARScreen01.NIF
Update.esm	STAT	010031E1	ccBGS_ARSecretTunnel01		CreationClub\_Shared\Dungeons\AyleidRuins\Interior\ARSecretTunnel01.nif
Update.esm	STAT	010031E2	ccBGS_ARSecretTunnelHalf01		CreationClub\_Shared\Dungeons\AyleidRuins\Interior\ARSecretTunnelHalf01.nif
Update.esm	STAT	010031E3	ccBGS_ARSmallColBase01		CreationClub\_Shared\Dungeons\AyleidRuins\interior\ARSmallColBase01.nif
Update.esm	STAT	010031E4	ccBGS_ARSmallColBroken01		CreationClub\_Shared\Dungeons\AyleidRuins\Interior\ARSmallColBroken01.NIF
Update.esm	STAT	010031E5	ccBGS_ARSmallColBroken02		CreationClub\_Shared\Dungeons\AyleidRuins\Interior\ARSmallColBroken02.NIF
Update.esm	STAT	010031E6	ccBGS_ARSmallColumn01		CreationClub\_Shared\Dungeons\AyleidRuins\Interior\ARSmallColumn01.NIF
Update.esm	STAT	010031E7	ccBGS_ARSmallColumn02		CreationClub\_Shared\Dungeons\AyleidRuins\Interior\ARSmallColumn02.NIF
Update.esm	STAT	01003220	ccBGS_ARStepSingle01		CreationClub\_Shared\Dungeons\AyleidRuins\Interior\ARStepSingle01.nif
Update.esm	STAT	010031E8	ccBGS_ARWallBrokenWallHoleCap01		CreationClub\_Shared\Dungeons\AyleidRuins\Interior\ARWallBrokenWallHoleCap01.nif
Update.esm	STAT	010031E9	ccBGS_ARWallExteriorBroken01		CreationClub\_Shared\Dungeons\AyleidRuins\Interior\ARWallExteriorBroken01.nif
Update.esm	STAT	010031EA	ccBGS_ARWallShelf01		CreationClub\_Shared\Dungeons\AyleidRuins\Interior\ARWallShelf01.NIF
Update.esm	STAT	010031EB	ccBGS_ARWelkyndChain01		CreationClub\_Shared\Dungeons\AyleidRuins\Interior\ARWelkydChain01.NIF
Update.esm	STAT	010031EC	ccBGS_ARWelkyndChainBase01		CreationClub\_Shared\Dungeons\AyleidRuins\Interior\ARWelkydChainBase01.NIF
Update.esm	STAT	010031ED	ccBGS_ARWelkyndChainBroken01		CreationClub\_Shared\Dungeons\AyleidRuins\Interior\ARWelkydChainBroken01.nif
Update.esm	STAT	010031EE	ccBGS_ARWelkyndClusterFX01		CreationClub\_Shared\Dungeons\AyleidRuins\Interior\ARWelkydClusterFX01.NIF
Update.esm	STAT	010031EF	ccBGS_ARWelkyndHolder01		CreationClub\_Shared\Dungeons\AyleidRuins\Interior\ARWelkydIHolder01.NIF
Update.esm	STAT	010031F0	ccBGS_ARWelkyndPlanter01		CreationClub\_Shared\Dungeons\AyleidRuins\Interior\ARWelkydPlanter01.NIF
Update.esm	STAT	010031F1	ccBGS_ARWelkyndStoneWhite01		CreationClub\_Shared\Dungeons\AyleidRuins\Interior\ARWelkydStoneWhite01.NIF
Update.esm	STAT	010031F2	ccBGS_ARWelkyndStoneWhite02		CreationClub\_Shared\Dungeons\AyleidRuins\Interior\ARWelkydStoneWhite02.NIF
Update.esm	STAT	010031F3	ccBGS_ARWHall01		CreationClub\_Shared\Dungeons\AyleidRuins\Interior\ARWHall01.NIF
Update.esm	STAT	010031F4	ccBGS_ARWHall02		CreationClub\_Shared\Dungeons\AyleidRuins\Interior\ARWHall02.NIF
Update.esm	STAT	010031F5	ccBGS_ARWHall4way01		CreationClub\_Shared\Dungeons\AyleidRuins\Interior\ARWHall4way01.NIF
Update.esm	STAT	010031F6	ccBGS_ARWHallCatacombWall01		CreationClub\_Shared\Dungeons\AyleidRuins\Interior\ARWHallCatacombWall01.NIF
Update.esm	STAT	010031F7	ccBGS_ARWHallCorner01		CreationClub\_Shared\Dungeons\AyleidRuins\Interior\ARWHallCorner01.NIF
Update.esm	STAT	010031F8	ccBGS_ARWHallCorner02		CreationClub\_Shared\Dungeons\AyleidRuins\Interior\ARWHallCorner02.NIF
Update.esm	STAT	010031F9	ccBGS_ARWHallDeadEnd01		CreationClub\_Shared\Dungeons\AyleidRuins\Interior\ARWHallDeadEnd01.NIF
Update.esm	STAT	010031FA	ccBGS_ARWHallDeadEnd02		CreationClub\_Shared\Dungeons\AyleidRuins\Interior\ARWHallDeadEnd02.NIF
Update.esm	STAT	010031FB	ccBGS_ARWHallGateFrame01		CreationClub\_Shared\Dungeons\AyleidRuins\Interior\ARWHallGateFrame01.NIF
Update.esm	STAT	010031FC	ccBGS_ARWHallIronWork01		CreationClub\_Shared\Dungeons\AyleidRuins\Interior\ARWHallIronWork01.NIF
Update.esm	STAT	010031FD	ccBGS_ARWHallSecret01		CreationClub\_Shared\Dungeons\AyleidRuins\Interior\ARWHallSecret01.NIF
Update.esm	STAT	010031FE	ccBGS_ARWHallStairs01		CreationClub\_Shared\Dungeons\AyleidRuins\Interior\ARWHallStairs01.NIF
Update.esm	STAT	010031FF	ccBGS_ARWHallStairsBridge01		CreationClub\_Shared\Dungeons\AyleidRuins\Interior\ARWHallStairsBridge01.NIF
Update.esm	STAT	01003200	ccBGS_ARWHallTransNarrow01		CreationClub\_Shared\Dungeons\AyleidRuins\Interior\ARWHallTransNarrow01.NIF
Update.esm	STAT	01003201	ccBGS_ARWHallTransNarrow02		CreationClub\_Shared\Dungeons\AyleidRuins\Interior\ARWHallTransNarrow02.NIF
Update.esm	STAT	01003076	ccBGS_FireStalkBud		CreationClub\_Shared\Dungeons\Root\Clutter\FireStalkBud.nif
Update.esm	STAT	01003082	ccBGS_ThinMushroomTree01		CreationClub\_Shared\Landscape\Trees\Mania\ThinMushroomTree01.nif
Update.esm	STAT	0100307A	ccBGS_ThinMushroomTree02		CreationClub\_Shared\Landscape\Trees\Mania\ThinMushroomTree02.nif
Update.esm	STAT	0100307B	ccBGS_ThinMushroomTree03		CreationClub\_Shared\Landscape\Trees\Mania\ThinMushroomTree03.nif
Update.esm	STAT	0100307C	ccBGS_ThinMushroomTree04		CreationClub\_Shared\Landscape\Trees\Mania\ThinMushroomTree04.nif
Update.esm	STAT	0100307D	ccBGS_ThinMushroomTree05		CreationClub\_Shared\Landscape\Trees\Mania\ThinMushroomTree05.nif
Update.esm	STAT	0100307E	ccBGS_ThinMushroomTree06		CreationClub\_Shared\Landscape\Trees\Mania\ThinMushroomTree06.nif
Update.esm	STAT	0100307F	ccBGS_ThinMushroomTreeCluster01		CreationClub\_Shared\Landscape\Trees\Mania\ThinMushroomTreeCluster01.nif
Update.esm	STAT	01003080	ccBGS_ThinMushroomTreeCluster02		CreationClub\_Shared\Landscape\Trees\Mania\ThinMushroomTreeCluster02.nif
Update.esm	STAT	01003081	ccBGS_ThinMushroomTreeCluster03		CreationClub\_Shared\Landscape\Trees\Mania\ThinMushroomTreeCluster03.nif
Update.esm	STAT	000829B8	FrozenPoolL01		Landscape\Ice\FrozenPoolL01.nif
Update.esm	STAT	000CC75F	IcePileL01SnowRocks01		Landscape\Ice\IcePileL01.nif
Update.esm	STAT	0006E1ED	MountainCliffSlopeSnowRocks01		Landscape\Mountains\MountainCliffSlope.nif
Update.esm	STAT	0007E903	MountainTrim01CoastBeachSnowRocks		Landscape\Mountains\MountainTrim01.nif
Update.esm	STAT	0006E1EC	MountainTrim01SnowRocks01_LightSN		Landscape\Mountains\MountainTrim01.nif
Update.esm	STAT	0005C10C	MountainTrim02Rocks01_LightSN		Landscape\Mountains\MountainTrim02.nif
Update.esm	STAT	000B23C4	MountainTrim03SnowRocks_LightSN		Landscape\Mountains\MountainTrim03.nif
Update.esm	STAT	00054963	RockAnimalDenSnow01_HeavySN		Landscape\Rocks\RockAnimalDen01.nif
Update.esm	STAT	0002ED73	RockCaveEntrance01Rocks01Snow		Landscape\Rocks\RockCaveEntrance01.nif
Update.esm	STAT	0002EE94	RockCaveEntrance01SnowCustom03		Landscape\Rocks\RockCaveEntrance01.nif
Update.esm	STAT	0010D822	RockCaveEntrance01SnowCustom03IceFrozen02		Landscape\Rocks\RockCaveEntrance01.nif
Update.esm	STAT	00093EC8	RockCaveEntrance01SnowLightCustom01		Landscape\Rocks\RockCaveEntrance01.nif
Update.esm	STAT	000F2F42	RockCaveEntrance01SnowLightCustom01DirtSnowPath		Landscape\Rocks\RockCaveEntrance01.nif
Update.esm	STAT	000B6010	RockCaveEntrance02_HeavySN		Landscape\Rocks\RockCaveEntrance02.nif
Update.esm	STAT	0010802E	RockCaveEntrance02_LightSnow		Landscape\Rocks\RockCaveEntrance02.nif
Update.esm	STAT	000F4CEE	RockCaveEntrance02CoastBeach01LighttSnow		Landscape\Rocks\RockCaveEntrance02.nif
Update.esm	STAT	000B77C0	RockCaveEntrance02SnowRocks01_HeavySN		Landscape\Rocks\RockCaveEntrance02.nif
Update.esm	STAT	0003107B	RockCaveEntrance02SnowRocks01_LightSN		Landscape\Rocks\RockCaveEntrance02.nif
Update.esm	STAT	00024BC5	RockCliff01Snow01_HeavySN		Landscape\Rocks\RockCliff01.nif
Update.esm	STAT	000D5558	RockCliff01Snow01_LightSN		Landscape\Rocks\RockCliff01.nif
Update.esm	STAT	0002EE86	RockCliff02Rocks01SnowCustom02		Landscape\Rocks\RockCliff02.nif
Update.esm	STAT	0001EF59	RockCliff02Rocks01SnowLight		Landscape\Rocks\RockCliff02.nif
Update.esm	STAT	0001EF3B	RockCliff02Snow01		Landscape\Rocks\RockCliff02.nif
Update.esm	STAT	00024BAD	RockCliff03Snow		Landscape\Rocks\RockCliff03.nif
Update.esm	STAT	0005B56A	RockCliff03SnowLight		Landscape\Rocks\RockCliff03.nif
Update.esm	STAT	00024C94	RockCliff04Snow		Landscape\Rocks\RockCliff04.nif
Update.esm	STAT	0001EF6C	RockCliff05Snow		Landscape\Rocks\RockCliff05.nif
Update.esm	STAT	0006592C	RockCliff05Snow01Snow		Landscape\Rocks\RockCliff05.nif
Update.esm	STAT	0005C097	RockCliff07GrassSnow		Landscape\Rocks\RockCliff07.nif
Update.esm	STAT	000223F0	RockCliff07GrassSnow_LightSN		Landscape\Rocks\RockCliff07.nif
Update.esm	STAT	0007516E	RockCliff07SnowRocks01_LightSN		Landscape\Rocks\RockCliff07.nif
Update.esm	STAT	000B679A	RockCliff07SnowRocks01_Snow		Landscape\Rocks\RockCliff07.nif
Update.esm	STAT	0005B541	RockCliff07SnowSnow		Landscape\Rocks\RockCliff07.nif
Update.esm	STAT	0002ED7A	RockCliff08_HeavySN		Landscape\Rocks\RockCliff08.nif
Update.esm	STAT	000774BC	RockCliff08Snow_HeavySN		Landscape\Rocks\RockCliff08.nif
Update.esm	STAT	000531B4	RockCliff08Snow_LightSN		Landscape\Rocks\RockCliff08.nif
Update.esm	STAT	00025265	RockCliff08SnowRocks01		Landscape\Rocks\RockCliff08.nif
Update.esm	STAT	000310A7	RockCliff08SnowRocks01_LightSN		Landscape\Rocks\RockCliff08.nif
Update.esm	STAT	000EE32A	RockCliffMineEntrance02Dirt01Snow		Landscape\Rocks\RockCliffMineEntrance02.nif
Update.esm	STAT	000C585E	RockCliffMineEntrance02Snow		Landscape\Rocks\RockCliffMineEntrance02.nif
Update.esm	STAT	00098354	RockCliffMineEntranceHvSnow		Landscape\Rocks\RockCliffMineEntrance.nif
Update.esm	STAT	0010AA1F	RockPileL01Ice		Landscape\Rocks\RockPileL01.nif
Update.esm	STAT	00032A94	RockPileL01Snow		Landscape\Rocks\RockPileL01.nif
Update.esm	STAT	0001EF52	RockPileL01SnowLight		Landscape\Rocks\RockPileL01.nif
Update.esm	STAT	0005B508	RockPileL01SnowSnow		Landscape\Rocks\RockPileL01.nif
Update.esm	STAT	00096EDE	RockPileL02Rocks01Heavy_SN		Landscape\Rocks\RockPileL02.nif
Update.esm	STAT	000B244D	RockPileL02Rocks01Light_SN		Landscape\Rocks\RockPileL02.nif
Update.esm	STAT	00064EC6	RockPileL02Snow01Heavy_SN		Landscape\Rocks\RockPileL02.nif
Update.esm	STAT	000A4DC7	RockPileL02SnowRocks01		Landscape\Rocks\RockPileL02.nif
Update.esm	STAT	00075DFC	RockPileL03Heavy_SN		Landscape\Rocks\RockPileL03.nif
Update.esm	STAT	0005B506	RockPileL03Snow_HeavySN		Landscape\Rocks\RockPileL03.nif
Update.esm	STAT	000CD0AF	RockPileL03Snow_LightSN		Landscape\Rocks\RockPileL03.nif
Update.esm	STAT	0003FF09	RockPileL03SnowRocks		Landscape\Rocks\RockPileL03.nif
Update.esm	STAT	0002ED93	RockPileL04DirtSnowPath		Landscape\Rocks\RockPileL04.nif
Update.esm	STAT	0001EFEA	RockPileL04DirtSnowPathSnow		Landscape\Rocks\RockPileL04.nif
Update.esm	STAT	0005C116	RockPileL04GrassSnow01		Landscape\Rocks\RockPileL04.nif
Update.esm	STAT	00020F11	RockPileL04Snow01		Landscape\Rocks\RockPileL04.nif
Update.esm	STAT	0008A0F4	RockPileL04Snow01NoSnow		Landscape\Rocks\RockPileL04.nif
Update.esm	STAT	0010D4A1	RockPileL04SnowRocks01_LightSN		Landscape\Rocks\RockPileL04.nif
Update.esm	STAT	0001EF65	RockPileM01DirtSnowPath		Landscape\Rocks\RockPileM01.nif
Update.esm	STAT	000CD0EA	RockPileM01GrassSnow01		Landscape\Rocks\RockPileM01.nif
Update.esm	STAT	000D5573	RockPileM01Snow01_LightSN		Landscape\Rocks\RockPileM01.nif
Update.esm	STAT	00077ED2	RockPileM01Snow01Heavy_SN		Landscape\Rocks\RockPileM01.nif
Update.esm	STAT	0001EF4E	RockPileM02DirtSnowPath		Landscape\Rocks\RockPileM02.nif
Update.esm	STAT	00020F27	RockPileM02Rocks01Snow		Landscape\Rocks\RockPileM02.nif
Update.esm	STAT	0005493E	RockPileM02Rocks01SnowLight		Landscape\Rocks\RockPileM02.nif
Update.esm	STAT	0005C19C	RockPileM02Snow		Landscape\Rocks\RockPileM02.nif
Update.esm	STAT	000BDAB4	RockPileM03Rocks_HeavySN		Landscape\Rocks\RockPileM03.nif
Update.esm	STAT	00106AB0	RockPileM03Rocks_Ice		Landscape\Rocks\RockPileM03.nif
Update.esm	STAT	00099F32	RockPileM03Rocks_LightSN		Landscape\Rocks\RockPileM03.nif
Update.esm	STAT	00024BBA	RockPileS01DirtSnowPathSnowLight		Landscape\Rocks\RockPileS01.nif
Update.esm	STAT	000CBB41	RockPileS01FGrassSnow01		Landscape\Rocks\RockPileS01.nif
Update.esm	STAT	0002BD20	RockPileS01Ice		Landscape\Rocks\RockPileS01.nif
Update.esm	STAT	0001EF4C	RockPileS01Rocks01SnowLight		Landscape\Rocks\RockPileS01.nif
Update.esm	STAT	00026960	RockPileS01Snow		Landscape\Rocks\RockPileS01.nif
Update.esm	STAT	000A08CF	RockPileS01SnowRocks		Landscape\Rocks\RockPileS01.nif
Update.esm	STAT	00024F39	RockPileS02Rocks01Snow		Landscape\Rocks\RockPileS02.nif
Update.esm	STAT	00077C8E	RockPileS02Snow01Snow		Landscape\Rocks\RockPileS02.nif
Update.esm	STAT	000F3E26	RockPileS03GrassSnow01Heavy_SN		Landscape\Rocks\RockPileS03.nif
Update.esm	STAT	000B5993	RockPileS03Rocks01Snow		Landscape\Rocks\RockPileS03.nif
Update.esm	STAT	000BB7AC	RockPileS03Snow01Heavy_SN		Landscape\Rocks\RockPileS03.nif
Update.esm	STAT	000F3E27	RockPileS04GrassSnow01Heavy_SN		Landscape\Rocks\RockPileS04.nif
Update.esm	STAT	000B5994	RockPileS04Rocks01Snow		Landscape\Rocks\RockPileS04.nif
Update.esm	STAT	000BB7AD	RockPileS04Snow01Heavy_SN		Landscape\Rocks\RockPileS04.nif
Update.esm	STAT	00077569	RockPileS04Snow01Light_SN		Landscape\Rocks\RockPileS04.nif
Update.esm	STAT	000E3EB7	RockShelf01_HeavySN		Landscape\Rocks\RockShelf01.nif
Update.esm	STAT	0007A085	RockShelf01Snow01_LightSN		Landscape\Rocks\RockShelf01.nif
Update.esm	STAT	000B0F71	RockTundraLand01_LightSN		Landscape\Tundra\RockTundraLand01.nif
Update.esm	STAT	000B6266	RockTundraLand03Snow01Snow		Landscape\Tundra\RockTundraLand03.nif
Update.esm	STAT	000B5F20	TreePineForestUprootedStump01Heavy_SN		Landscape\Trees\TreePineForestUprootedStump01Sn.nif
